# Blender 5.0.1
# www.blender.org
mtllib backpackLowPoly.mtl
o Sphere.027__0
v 1.591355 -0.590529 -0.695833
v 1.573898 -0.654878 -0.649780
v 1.571602 -0.586802 -0.651422
v 1.577478 -0.578533 -0.687013
v 1.566161 -0.597637 -0.690068
v 1.573609 -0.583530 -0.713270
v 1.586539 -0.613697 -0.707924
v 1.573276 -0.635822 -0.724760
v 1.586099 -0.636338 -0.703486
v 1.562153 -0.638354 -0.695033
v 1.567024 -0.643290 -0.692252
v -1.548464 -1.102608 -0.668693
v -1.485067 -1.094787 -0.703266
v -1.474248 -1.094960 -0.667382
v -1.484688 -1.095279 -0.625900
v -1.452429 -0.696607 -0.664094
v -1.440886 -1.090369 -0.664658
v -1.447175 -1.090820 -0.669306
v -1.481825 -1.095125 -0.703524
v -1.545896 -0.645054 -0.663894
v -1.496184 -0.655981 -0.629014
v -1.494806 -0.654298 -0.709170
v -1.492878 -0.654848 -0.704155
v -1.492915 -0.655424 -0.628068
v -1.410391 -0.368367 -0.661322
v -1.444875 -0.351653 -0.707669
v -1.456063 -0.247152 -0.654724
v -1.382526 -0.267085 -0.655071
v -1.438883 -0.341396 -0.621637
v -1.449468 -0.234182 -0.652585
v -1.420532 -0.274111 -0.617049
v -1.320029 0.063566 -0.581349
v -1.419489 -0.268683 -0.692966
v -1.320188 0.079218 -0.581182
v -1.319063 0.073913 -0.666958
v -1.369226 0.064751 -0.627328
v -1.301206 0.158423 -0.671268
v -1.361130 0.066228 -0.625065
v -1.282895 0.047745 -0.624219
v -1.284408 0.048130 -0.626149
v -1.247809 0.707891 -0.705160
v -1.167067 0.777010 -0.737187
v -1.254124 0.706672 -0.707814
v -1.195799 0.771626 -0.673740
v -1.200218 0.778493 -0.687094
v -1.171129 0.690781 -0.706086
v -1.172011 0.694163 -0.706288
v -1.195653 0.783421 -0.743015
v -1.187504 0.775697 -0.711273
v -1.209808 0.845152 -0.685308
v -1.160449 0.827442 -0.676707
v -1.149903 0.903558 -0.675161
v -1.199716 0.838457 -0.674048
v -1.203898 0.843794 -0.634441
v -1.182531 0.871429 -0.661881
v -1.146903 0.827053 -0.678763
v -1.161707 0.878781 -0.682606
v -1.203454 0.895757 -0.657255
v -1.198607 0.906227 -0.641254
v -1.141991 0.902347 -0.608060
v -1.140639 0.853728 -0.630079
v -1.153290 0.819716 -0.661640
v -1.175182 0.857256 -0.652767
v -1.178926 0.909346 -0.548114
v -1.171033 0.904591 -0.551642
v -1.175967 0.873155 -0.601185
v -1.173782 0.881797 -0.639331
v -1.183090 0.885134 -0.597217
v -1.147917 0.878827 -0.562746
v -1.152174 0.886571 -0.606969
v -1.195582 0.867615 -0.532272
v -1.201144 0.847165 -0.501799
v -1.161455 0.867127 -0.557614
v -1.118605 0.884322 -0.531141
v -1.123921 0.885296 -0.535927
v -1.162540 0.838427 -0.498922
v -1.159829 0.866709 -0.449137
v -1.147687 0.827403 -0.526446
v -1.144044 0.817245 -0.523713
v -1.180964 0.811192 -0.480461
v -1.115669 0.816580 -0.467062
v -1.162425 0.850218 -0.508252
v -1.103971 0.786961 -0.455980
v -1.196381 0.844702 -0.495597
v -1.145624 0.827459 -0.523626
v -1.178650 0.701412 -0.424951
v -1.190702 0.643650 -0.427778
v -1.296626 0.416349 -0.458395
v -1.183405 0.617727 -0.496693
v -1.186626 0.594220 -0.497662
v -1.204793 0.422014 -0.444729
v -1.378014 0.107265 -0.465561
v -1.235646 0.373347 -0.441338
v -1.310712 0.307810 -0.402092
v -1.380247 0.144501 -0.390041
v -1.428723 -0.084215 -0.395463
v -1.434542 -0.092069 -0.391432
v -1.502054 -0.051800 -0.412455
v -1.535069 -0.169212 -0.360708
v -1.507504 -0.060567 -0.411617
v -1.457136 -0.063920 -0.443784
v -1.533114 -0.175886 -0.360335
v -1.608642 -0.251583 -0.433835
v -1.613638 -0.247535 -0.438075
v -1.623880 -0.369354 -0.471530
v -1.624684 -0.412000 -0.507055
v -1.562993 -0.266978 -0.462776
v -1.547229 -0.293658 -0.417974
v -1.543766 -0.298885 -0.416127
v -1.641415 -0.357449 -0.493744
v -1.642173 -0.356642 -0.425392
v -1.679366 -0.352806 -0.509275
v -1.625839 -0.371398 -0.575649
v -1.633421 -0.348116 -0.485176
v -1.716522 -0.431104 -0.592433
v -1.660093 -0.432281 -0.587344
v -1.714933 -0.430721 -0.576486
v -1.632807 -0.373848 -0.484789
v -1.709546 -0.365844 -0.605641
v -1.708781 -0.362022 -0.576889
v -1.673348 -0.358868 -0.696900
v -1.665771 -0.424909 -0.624632
v -1.681240 -0.306507 -0.746197
v -1.698403 -0.362541 -0.709186
v -1.714137 -0.281894 -0.778130
v -1.686464 -0.342248 -0.693243
v -1.699739 -0.347569 -0.693375
v -1.678286 -0.348014 -0.692109
v -1.662131 -0.314939 -0.809457
v -1.690229 -0.368317 -0.708024
v -1.676955 -0.362980 -0.707935
v -1.722729 -0.364091 -0.709913
v -1.707965 -0.283087 -0.777036
v -1.675315 -0.323986 -0.751073
v -1.680324 -0.264420 -0.733914
v -1.674926 -0.290573 -0.717931
v -1.700238 -0.358230 -0.711177
v -1.621004 -0.252341 -0.782621
v -1.684331 -0.301458 -0.738008
v -1.635571 -0.293454 -0.757572
v -1.684026 -0.185867 -0.818852
v -1.654944 -0.199267 -0.755926
v -1.615304 -0.168425 -0.835086
v -1.669759 -0.176927 -0.812804
v -1.648182 -0.149337 -0.742283
v -1.604882 -0.207391 -0.786091
v -1.616756 -0.164764 -0.826856
v -1.364507 0.150289 -0.787481
v -1.556764 -0.036445 -0.732939
v -1.523686 0.041286 -0.772990
v -1.492883 0.075681 -0.768623
v -1.319924 0.238221 -0.700946
v -1.469198 -0.006064 -0.748898
v -1.438625 0.028024 -0.744567
v -1.247126 0.370049 -0.761419
v -1.315209 0.242627 -0.713282
v -1.295644 0.228466 -0.785450
v -1.176233 0.448136 -0.711725
v -1.162263 0.349663 -0.737179
v -1.183784 0.333917 -0.736940
v -1.153570 0.432815 -0.786125
v -1.211266 0.437314 -0.760254
v -1.079953 0.577753 -0.720365
v -1.177451 0.440634 -0.710940
v -1.135379 0.459423 -0.794498
v -1.165506 0.611947 -0.758090
v -1.074545 0.672952 -0.712954
v -1.147378 0.691333 -0.738363
v -1.118540 0.728807 -0.673322
v -1.087135 0.751905 -0.742281
v -1.121285 0.833287 -0.676986
v -1.126085 0.848542 -0.665782
v -1.052803 0.807578 -0.655365
v -1.069840 0.874263 -0.647358
v -1.076405 0.844760 -0.676520
v -1.101671 0.820001 -0.647575
v -1.057157 0.803844 -0.657227
v -1.089083 0.872353 -0.640106
v -1.091389 0.844406 -0.622364
v -1.096596 0.806173 -0.628872
v -1.071811 0.868663 -0.593295
v -1.106659 0.854799 -0.622943
v -1.060456 0.858275 -0.593972
v -1.083440 0.852697 -0.684108
v -1.088684 0.843805 -0.627672
v -1.107799 0.922029 -0.560903
v -1.113640 0.894070 -0.607397
v -1.107756 0.898774 -0.605884
v -1.095787 0.878536 -0.607408
v -1.121494 0.857210 -0.526172
v -1.121263 0.845816 -0.493048
v -1.063898 0.841731 -0.588276
v -1.053412 0.900485 -0.516114
v -1.057418 0.897100 -0.515501
v -1.107607 0.905521 -0.510981
v -1.097692 0.870830 -0.447107
v -1.092676 0.876203 -0.444245
v -1.080270 0.842036 -0.464930
v -1.092175 0.835526 -0.465631
v -1.129247 0.826497 -0.418258
v -1.122439 0.809117 -0.434333
v -1.093117 0.722393 -0.372918
v -1.065459 0.834171 -0.411467
v -1.105534 0.752947 -0.291079
v -1.130330 0.821276 -0.423461
v -1.087074 0.772199 -0.377078
v -1.086875 0.795417 -0.364935
v -1.057117 0.834159 -0.412340
v -1.098794 0.791956 -0.365687
v -1.059626 0.758132 -0.347197
v -1.097412 0.770672 -0.376363
v -1.137594 0.721620 -0.338560
v -1.140551 0.721987 -0.340041
v -1.151043 0.634992 -0.341024
v -1.057053 0.715079 -0.327617
v -1.107251 0.697169 -0.279010
v -1.107501 0.638476 -0.375924
v -1.130063 0.590611 -0.307864
v -1.155570 0.624819 -0.345368
v -1.111455 0.614682 -0.381444
v -1.073249 0.601848 -0.334999
v -1.069507 0.632971 -0.317755
v -1.168958 0.475430 -0.383536
v -1.190692 0.422871 -0.516295
v -1.240576 0.275916 -0.512813
v -1.247493 0.337271 -0.468635
v -1.242478 0.423757 -0.476207
v -1.198466 0.405118 -0.529654
v -1.181976 0.367033 -0.487258
v -1.177527 0.373400 -0.483783
v -1.259055 0.330154 -0.476403
v -1.316226 0.317670 -0.517007
v -1.267046 0.387223 -0.504651
v -1.299711 0.272375 -0.556035
v -1.285381 0.227864 -0.521001
v -1.370627 0.143686 -0.496529
v -1.377945 0.143046 -0.553882
v -1.373671 0.142788 -0.533900
v -1.439757 0.097410 -0.503823
v -1.436185 0.093083 -0.528428
v -1.437926 0.096758 -0.508236
v -1.382790 0.148286 -0.503538
v -1.359806 0.133389 -0.547884
v -1.431660 -0.079940 -0.517055
v -1.383600 0.076639 -0.491241
v -1.385805 0.076964 -0.510670
v -1.427874 0.020366 -0.479425
v -1.417778 0.017359 -0.476271
v -1.441479 0.094430 -0.524615
v -1.449193 -0.144416 -0.503247
v -1.460024 -0.123888 -0.457589
v -1.523238 -0.243462 -0.467754
v -1.587323 -0.607533 -0.430881
v -1.483629 -0.389906 -0.411338
v -1.473884 -0.119857 -0.453952
v -1.580478 -0.505276 -0.434353
v -1.571726 -0.627562 -0.376086
v -1.510481 -0.646908 -0.389345
v -1.567518 -0.617770 -0.377652
v -1.534934 -0.618232 -0.448043
v -1.499672 -0.504927 -0.399759
v -1.526488 -0.576187 -0.447402
v -1.520262 -0.664356 -0.406928
v -1.592409 -0.640790 -0.440901
v -1.596909 -0.777641 -0.493558
v -1.562621 -0.713938 -0.481240
v -1.547588 -0.691076 -0.479815
v -1.577855 -0.724283 -0.481647
v -1.610303 -0.724714 -0.495692
v -1.610877 -0.722913 -0.496804
v -1.545347 -0.767094 -0.475359
v -1.585579 -0.749042 -0.441134
v -1.599032 -0.763277 -0.502100
v -1.572614 -0.779924 -0.497592
v -1.576625 -0.745267 -0.513134
v -1.562099 -0.704794 -0.494781
v -1.562471 -0.752148 -0.517762
v -1.593274 -0.750765 -0.516112
v -1.576340 -0.751442 -0.513107
v -1.587054 -0.772073 -0.504978
v -1.629703 -0.793257 -0.576158
v -1.601831 -0.753927 -0.562085
v -1.609604 -0.745246 -0.560140
v -1.548832 -0.762728 -0.605643
v -1.555218 -0.800450 -0.555238
v -1.566007 -0.804935 -0.553002
v -1.579829 -0.818907 -0.638743
v -1.627588 -0.787287 -0.633574
v -1.607714 -0.691770 -0.722603
v -1.556311 -0.762221 -0.630608
v -1.574109 -0.810250 -0.551220
v -1.581030 -0.809233 -0.639730
v -1.628504 -0.768606 -0.689019
v -1.552111 -0.718639 -0.717901
v -1.592539 -0.726492 -0.765528
v -1.607771 -0.743140 -0.708225
v -1.585184 -0.702962 -0.746449
v -1.586614 -0.698542 -0.736321
v -1.577560 -0.742735 -0.701522
v -1.623013 -0.759889 -0.717255
v -1.613002 -0.643973 -0.806107
v -1.589362 -0.720261 -0.754335
v -1.627445 -0.690994 -0.778794
v -1.565008 -0.689083 -0.720777
v -1.562278 -0.725965 -0.692475
v -1.546960 -0.641828 -0.777175
v -1.590330 -0.695638 -0.735090
v -1.578985 -0.613808 -0.835227
v -1.581887 -0.605942 -0.771571
v -1.543596 -0.616900 -0.780853
v -1.609745 -0.584532 -0.813654
v -1.588372 -0.602298 -0.777185
v -1.572971 -0.613780 -0.821744
v -1.544259 -0.496913 -0.822333
v -1.563123 -0.616554 -0.829371
v -1.551133 -0.369824 -0.728052
v -1.438594 -0.234367 -0.733457
v -1.489276 -0.157295 -0.762315
v -1.557754 -0.421953 -0.740415
v -1.429520 -0.207597 -0.730062
v -1.438444 -0.122298 -0.700705
v -1.441922 -0.127492 -0.701063
v -1.403226 -0.131434 -0.776466
v -1.410852 -0.133193 -0.770310
v -1.475679 -0.131249 -0.754573
v -1.089555 0.384289 -0.598539
v -1.019847 0.529898 -0.593228
v -1.038743 0.366911 -0.623294
v -1.034048 0.363378 -0.623583
v -1.019760 0.438025 -0.672124
v -1.086885 0.387783 -0.604433
v -1.056856 0.380469 -0.673964
v -1.031917 0.534382 -0.637742
v -0.943520 0.571358 -0.608823
v -0.971018 0.615352 -0.671275
v -1.026028 0.547017 -0.634734
v -0.944252 0.590000 -0.604237
v -1.000210 0.595703 -0.591923
v -0.971601 0.587413 -0.659626
v -1.000713 0.628456 -0.595564
v -1.033788 0.798404 -0.680870
v -0.963195 0.799085 -0.651426
v -0.962793 0.796277 -0.651085
v -0.982678 0.784311 -0.708500
v -1.035123 0.818554 -0.682081
v -1.018276 0.832293 -0.634294
v -0.991800 0.822385 -0.613441
v -1.013497 0.821548 -0.628066
v -0.974182 0.854261 -0.679198
v -0.984135 0.791770 -0.700307
v -1.013349 0.820386 -0.622987
v -0.997710 0.861221 -0.624964
v -0.989217 0.850964 -0.659449
v -1.020499 0.877369 -0.640089
v -0.955540 0.843642 -0.624683
v -0.981033 0.847396 -0.625794
v -0.993055 0.813425 -0.612499
v -1.046361 0.817563 -0.613544
v -0.962233 0.889066 -0.629537
v -1.002996 0.823979 -0.647652
v -0.968330 0.895014 -0.596179
v -1.012393 0.887813 -0.644646
v -1.023333 0.904708 -0.584913
v -1.017704 0.844015 -0.544440
v -0.982499 0.832440 -0.547461
v -0.972274 0.835291 -0.616591
v -0.988012 0.826706 -0.548294
v -0.964890 0.882275 -0.546448
v -1.005387 0.858674 -0.527797
v -0.992589 0.865363 -0.530336
v -1.005487 0.808331 -0.412271
v -1.031845 0.808723 -0.488366
v -1.028612 0.839716 -0.541268
v -0.997236 0.814619 -0.510163
v -1.009118 0.826988 -0.505478
v -0.995590 0.771877 -0.501848
v -0.972761 0.834772 -0.492879
v -0.980168 0.829354 -0.495640
v -0.993894 0.812460 -0.439472
v -1.040646 0.770284 -0.460441
v -0.989058 0.780452 -0.482611
v -1.005985 0.823128 -0.510331
v -0.997637 0.807784 -0.444568
v -0.958588 0.770246 -0.454234
v -1.004392 0.696173 -0.393236
v -1.035473 0.719140 -0.444756
v -0.994171 0.684325 -0.471236
v -0.960019 0.717204 -0.434914
v -1.041932 0.590772 -0.446188
v -0.959149 0.652851 -0.424829
v -1.036759 0.575007 -0.446694
v -0.959931 0.562035 -0.437375
v -1.026218 0.485178 -0.426258
v -1.029119 0.483607 -0.424583
v -1.017957 0.497077 -0.505381
v -1.009985 0.508825 -0.508070
v -1.013452 0.399155 -0.483083
v -1.258017 0.232915 -0.546657
v -1.220487 0.267974 -0.540155
v -1.207977 0.223844 -0.584132
v -1.179633 0.193255 -0.547111
v -1.226832 0.205068 -0.510176
v -1.174357 0.274257 -0.576444
v -1.234675 0.196153 -0.512667
v -1.343012 0.022642 -0.581151
v -1.472759 -0.039659 -0.622656
v -1.473399 -0.039479 -0.626340
v -1.584946 -0.071550 -0.599083
v -1.525646 -0.125933 -0.602527
v -1.483563 -0.034154 -0.564562
v -1.477817 -0.039218 -0.574058
v -1.537488 -0.025000 -0.596247
v -1.634976 -0.162902 -0.565612
v -1.629287 -0.156091 -0.564976
v -1.728066 -0.280059 -0.603926
v -1.602079 -0.179094 -0.631620
v -1.600231 -0.180427 -0.634047
v -1.680061 -0.301858 -0.597470
v -1.732142 -0.326224 -0.554702
v -1.732969 -0.324676 -0.553457
v -1.706505 -0.288662 -0.601526
v -1.702164 -0.345242 -0.622009
v -1.700584 -0.345954 -0.623940
v -1.680740 -0.303037 -0.580455
v -1.810466 -0.525442 -0.578620
v -1.784738 -0.580320 -0.514314
v -1.809784 -0.618900 -0.566340
v -1.752998 -0.593852 -0.585422
v -1.731025 -0.676818 -0.518820
v -1.733945 -0.559280 -0.537513
v -1.790115 -0.578460 -0.511163
v -1.748205 -0.590210 -0.591630
v -1.739659 -1.245353 -0.453367
v -1.714554 -1.235467 -0.398838
v -1.658023 -1.233876 -0.412215
v -1.683684 -1.243599 -0.467900
v -1.683730 -1.243528 -0.467697
v -1.719628 -1.234971 -0.392784
v -1.735680 -1.244483 -0.449265
v -1.658353 -1.234858 -0.418440
v -0.556207 0.007220 -0.140745
v -0.557399 0.008694 -0.159635
v 0.564433 0.008928 -0.159626
v 0.563202 0.007487 -0.140657
v -0.557377 0.008441 -0.139483
v 0.562489 -0.209981 -0.160420
v -0.556030 0.007688 -0.140938
v -0.417197 0.009064 -0.159617
v 0.441515 0.002195 -0.139347
v -0.366187 0.008980 -0.119424
v -0.556773 0.008920 -0.159624
v -0.434703 -0.205174 -0.167206
v -0.402818 -0.176003 -0.135088
v -0.051536 -0.315712 -0.174029
v 0.216171 -0.289711 -0.172591
v 0.449722 -0.212762 -0.155438
v 0.440813 0.004456 -0.141818
v 0.380006 0.005395 -0.123096
v 0.370822 0.010127 -0.118973
v 0.032503 -0.271450 -0.125962
v -0.372726 0.005386 -0.121497
v -0.556134 -0.210355 -0.160253
v -0.435564 0.000858 -0.140218
v 0.563417 0.008200 -0.139562
v 0.563287 0.008859 -0.159626
v 0.562222 0.007482 -0.140727
v -0.435294 0.004348 -0.142053
v 0.563513 -0.183431 -0.149668
v -0.557416 -0.199298 -0.169287
v -0.557283 -0.183401 -0.149659
v 0.564043 -0.199345 -0.169271
v -0.263784 -0.055252 -0.086068
v -0.263783 -0.053853 -0.116168
v 0.268556 -0.024725 -0.114813
v 0.268556 -0.025989 -0.087628
v -0.175342 -0.045156 -0.087789
v -0.264065 -0.050116 -0.085830
v 0.180113 -0.035330 -0.101684
v 0.268837 -0.030476 -0.101458
v -0.264065 -0.048717 -0.115929
v 0.268275 -0.019589 -0.114575
v 0.268275 -0.020853 -0.087389
v 0.090828 -0.030626 -0.086384
v 0.002105 -0.035481 -0.086609
v -0.263504 -0.059647 -0.101355
v -0.174781 -0.054792 -0.101129
v 0.180195 -0.036184 -0.115346
v 0.180195 -0.037448 -0.088161
v -0.086056 -0.049594 -0.109158
v 0.002668 -0.045752 -0.087086
v 0.091389 -0.040232 -0.100452
v -0.085975 -0.052011 -0.088854
v -0.174699 -0.056866 -0.089080
v 0.268556 -0.025989 -0.087628
v 0.179833 -0.030843 -0.087853
v 0.179833 -0.030843 -0.087853
v 0.091109 -0.035698 -0.088080
v 0.002105 -0.035485 -0.086609
v 0.002668 -0.045756 -0.087086
v 0.002387 -0.040553 -0.088304
v -0.086337 -0.045407 -0.088530
v -0.086337 -0.045406 -0.088547
v -0.175060 -0.050261 -0.088773
v -0.174618 -0.057704 -0.102724
v -0.085894 -0.052849 -0.102498
v 0.091552 -0.043140 -0.102047
v 0.180275 -0.038285 -0.101821
v -0.174698 -0.056867 -0.089063
v -0.174698 -0.055603 -0.116248
v 0.180194 -0.037447 -0.088177
v 0.091471 -0.042302 -0.088402
v 0.091472 -0.041039 -0.115571
v 0.180195 -0.036185 -0.115345
v 0.091471 -0.042303 -0.088386
v 0.091471 -0.041039 -0.115572
v -0.085975 -0.050748 -0.116023
v -0.085975 -0.052012 -0.088837
v -0.174699 -0.055602 -0.116265
v -0.085975 -0.050747 -0.116039
v -0.175060 -0.050397 -0.085842
v -0.263784 -0.055252 -0.086068
v 0.091109 -0.035833 -0.085166
v 0.002387 -0.040688 -0.085391
v 0.091391 -0.040901 -0.086861
v 0.090828 -0.030630 -0.086384
v -0.174779 -0.055464 -0.087538
v -0.175342 -0.045193 -0.087060
v -0.806067 0.927703 -0.914348
v -0.806067 1.204579 -0.944539
v -0.806067 1.189200 -0.997255
v -0.806067 0.917794 -0.978620
v 0.733017 0.646389 -0.959986
v 0.754204 0.842687 -0.973464
v 0.754204 0.847126 -0.908815
v 0.733017 0.650828 -0.895338
v -0.806067 0.646389 -0.959986
v 0.733017 0.646389 -0.959986
v 0.733017 0.650828 -0.895338
v -0.806067 0.650828 -0.895338
v 0.792784 1.200141 -0.998006
v -0.806067 1.189200 -0.997255
v -0.806067 1.204579 -0.944539
v 0.792784 1.204579 -0.944539
v 0.712600 0.923911 -0.969582
v 0.771598 1.003843 -0.984528
v 0.768895 1.004561 -0.920058
v 0.712600 0.927057 -0.923761
v -0.806067 0.650828 -0.895338
v -0.806067 0.927703 -0.914348
v -0.806067 0.917794 -0.978620
v -0.806067 0.646389 -0.959986
v 0.530097 0.922453 -0.978940
v 0.771598 1.003843 -0.984528
v 0.712600 0.923911 -0.969582
v 0.754204 0.842687 -0.973464
v 0.754204 0.847126 -0.908815
v 0.754204 0.842687 -0.973464
v 0.712600 0.923911 -0.969582
v 0.712600 0.927057 -0.923761
v 0.733017 0.650828 -0.895338
v 0.754204 0.847126 -0.908815
v 0.530086 0.927703 -0.914348
v -0.806067 0.927703 -0.914348
v -0.806067 0.650828 -0.895338
v 0.530086 0.927703 -0.914348
v 0.771598 1.008281 -0.919880
v 0.792784 1.204579 -0.944539
v -0.806067 1.204579 -0.944539
v -0.806067 0.927703 -0.914348
v -0.806067 0.917794 -0.978620
v -0.806067 1.189200 -0.997255
v 0.792784 1.200141 -0.998006
v 0.771598 1.003843 -0.984528
v 0.530097 0.922453 -0.978940
v -0.806067 0.646389 -0.959986
v -0.806067 0.917794 -0.978620
v 0.530097 0.922453 -0.978940
v 0.754204 0.842687 -0.973464
v 0.733017 0.646389 -0.959986
v 0.790088 1.001297 -0.982702
v 0.807103 1.198681 -0.997199
v -0.566677 -1.538409 0.700451
v -0.564812 -1.333852 0.769323
v -0.568820 -1.530760 0.675933
v -0.326775 -1.531619 0.674746
v -0.568784 -1.326223 0.744939
v -0.324919 -1.326975 0.743412
v -0.328916 -1.522865 0.650578
v -0.328886 -1.318283 0.719405
v -0.537482 -1.426882 0.706039
v -0.540563 -1.344241 0.734943
v -0.356508 -1.338577 0.715275
v -0.360504 -1.421431 0.687125
v -0.357166 -1.430373 0.713650
v -0.353313 -1.347110 0.740583
v -0.537368 -1.352773 0.760250
v -0.534145 -1.435822 0.732559
v -0.354084 -1.513017 0.684754
v -0.538138 -1.518680 0.704421
v -0.541333 -1.510147 0.679111
v -0.357280 -1.504483 0.659441
v 0.574819 -1.539426 0.671818
v 0.576773 -1.334869 0.740687
v 0.575745 -1.531779 0.647222
v 0.333943 -1.532206 0.658170
v 0.579533 -1.327245 0.716134
v 0.335895 -1.327563 0.726838
v 0.334884 -1.523455 0.633927
v 0.338670 -1.318879 0.702661
v 0.546140 -1.427845 0.678854
v 0.550813 -1.345213 0.707568
v 0.366014 -1.339221 0.697149
v 0.368444 -1.422079 0.668839
v 0.366425 -1.431019 0.695504
v 0.364078 -1.347747 0.722586
v 0.548875 -1.353742 0.733008
v 0.544120 -1.436783 0.705513
v 0.361752 -1.513654 0.666799
v 0.546551 -1.519645 0.677211
v 0.548487 -1.511118 0.651775
v 0.363690 -1.505124 0.641354
v -0.548473 -1.527827 0.688013
v -0.352604 -1.347273 0.740436
v -0.537725 -1.353533 0.760039
v -0.541274 -1.344452 0.734958
v -0.356158 -1.339313 0.714978
v -0.547550 -1.335528 0.752964
v -0.541698 -1.435660 0.704265
v -0.356581 -1.430521 0.684286
v -0.353028 -1.438482 0.709744
v -0.538148 -1.444742 0.729347
v -0.538325 -1.354100 0.759916
v -0.538230 -1.426081 0.735641
v -0.541855 -1.417670 0.710344
v -0.541092 -1.345660 0.734521
v -0.538426 -1.427306 0.735259
v -0.353305 -1.421046 0.715655
v -0.356145 -1.413062 0.690117
v -0.541261 -1.418200 0.710097
v -0.346282 -1.522004 0.666938
v -0.346973 -1.329579 0.731532
v -0.355988 -1.431052 0.684039
v -0.356751 -1.503063 0.659862
v -0.353128 -1.511688 0.685086
v -0.353222 -1.439707 0.709362
v -0.542278 -1.508880 0.679651
v -0.541515 -1.436869 0.703829
v -0.538748 -1.445309 0.729224
v -0.538653 -1.517291 0.704948
v -0.352705 -1.420480 0.715778
v -0.352799 -1.348498 0.740055
v -0.355565 -1.339844 0.714732
v -0.356328 -1.411853 0.690554
v -0.356568 -1.504272 0.659425
v -0.541684 -1.509411 0.679404
v -0.538849 -1.518516 0.704566
v -0.353727 -1.512256 0.684963
v -0.554707 -1.513260 0.693881
v -0.340679 -1.506693 0.671061
v -0.553983 -1.350526 0.748541
v -0.339926 -1.344027 0.725899
v 0.555962 -1.528885 0.660573
v 0.363360 -1.347911 0.722478
v 0.365648 -1.339956 0.696872
v 0.551523 -1.345425 0.707546
v 0.549220 -1.354501 0.732775
v 0.558657 -1.336455 0.724998
v 0.550245 -1.436632 0.676876
v 0.547942 -1.445709 0.702104
v 0.362082 -1.439119 0.691807
v 0.364370 -1.431163 0.666202
v 0.549812 -1.355069 0.732622
v 0.551317 -1.346632 0.707119
v 0.550738 -1.418642 0.682937
v 0.548372 -1.427048 0.708384
v 0.548546 -1.428274 0.707993
v 0.550133 -1.419172 0.682721
v 0.364257 -1.413704 0.672047
v 0.362686 -1.421685 0.697696
v 0.353837 -1.522427 0.649362
v 0.356553 -1.329982 0.713833
v 0.363763 -1.431693 0.665985
v 0.362255 -1.440344 0.691415
v 0.360816 -1.512323 0.667178
v 0.363185 -1.503704 0.641803
v 0.549460 -1.509852 0.652266
v 0.547094 -1.518257 0.677713
v 0.548534 -1.446277 0.701951
v 0.550039 -1.437840 0.676449
v 0.362094 -1.421116 0.697849
v 0.364464 -1.412495 0.672473
v 0.365042 -1.340485 0.696656
v 0.363534 -1.349136 0.722086
v 0.362978 -1.504912 0.641375
v 0.361407 -1.512892 0.667025
v 0.547267 -1.519482 0.677322
v 0.548854 -1.510381 0.652050
v 0.562581 -1.514252 0.665860
v 0.347688 -1.507310 0.653790
v 0.564885 -1.351524 0.720477
v 0.349976 -1.344641 0.708596
v -0.817403 -1.212970 -0.886515
v -0.806067 -0.854108 -0.891976
v -0.806067 -0.860857 -0.956416
v -0.817403 -1.208599 -0.951062
v -0.817403 -1.208599 -0.951062
v -0.806067 -0.860857 -0.956416
v 0.792784 -0.904557 -0.956524
v 0.818843 -1.213614 -0.951062
v 0.818843 -1.213614 -0.951062
v 0.792784 -0.904557 -0.956524
v 0.792784 -0.903914 -0.891977
v 0.818843 -1.212970 -0.886515
v 0.818843 -1.212970 -0.886515
v 0.792784 -0.903914 -0.891977
v -0.806067 -0.854108 -0.891976
v -0.817403 -1.212970 -0.886515
v -0.817403 -1.208599 -0.951062
v 0.818843 -1.213614 -0.951062
v 0.818843 -1.212970 -0.886515
v -0.817403 -1.212970 -0.886515
v 0.792784 -0.904557 -0.956524
v -0.806067 -0.860857 -0.956416
v -0.806067 -0.854108 -0.891976
v 0.792784 -0.903914 -0.891977
v -0.664753 0.534695 -0.089090
v -0.736510 0.769050 -0.018524
v -0.662015 0.547286 -0.116489
v -0.404609 0.607751 -0.048169
v -0.733579 0.780974 -0.045860
v -0.469783 0.846915 0.035027
v -0.401790 0.620009 -0.075228
v -0.466941 0.858896 0.008184
v -0.672748 0.686131 -0.084052
v -0.703067 0.668847 -0.090323
v -0.695652 0.768918 -0.052522
v -0.489076 0.828597 -0.008631
v -0.468644 0.740212 -0.036851
v -0.471550 0.727553 -0.008534
v -0.491981 0.815940 0.019684
v -0.698558 0.756260 -0.024201
v -0.675654 0.673472 -0.055734
v -0.705312 0.654897 -0.063346
v -0.442188 0.620997 -0.043791
v -0.464653 0.708847 -0.014893
v -0.435040 0.726168 -0.006255
v -0.669818 0.651420 -0.053372
v -0.642632 0.563043 -0.065672
v -0.639726 0.575700 -0.093990
v -0.666913 0.664077 -0.081687
v -0.461748 0.721504 -0.043212
v -0.433733 0.744218 -0.031902
v -0.439283 0.633654 -0.072111
v -0.643499 0.553540 -0.095744
v -0.682025 0.662839 -0.074019
v -0.491820 0.815408 0.021335
v -0.699651 0.753100 -0.020114
v -0.697386 0.766253 -0.048273
v -0.489129 0.827301 -0.007341
v -0.710623 0.773326 -0.030509
v -0.667659 0.665250 -0.088221
v -0.461327 0.721167 -0.044263
v -0.464026 0.709243 -0.015597
v -0.669908 0.652083 -0.060065
v -0.699754 0.752164 -0.020181
v -0.676957 0.673921 -0.052752
v -0.674582 0.686308 -0.081247
v -0.696434 0.764827 -0.048455
v -0.676675 0.672358 -0.052983
v -0.470793 0.729519 -0.008515
v -0.467231 0.741668 -0.036995
v -0.673563 0.685750 -0.080954
v -0.487313 0.841000 0.015342
v -0.426355 0.615931 -0.063716
v -0.460230 0.720806 -0.044241
v -0.438838 0.636762 -0.073619
v -0.441357 0.624110 -0.045257
v -0.463683 0.707867 -0.016099
v -0.638977 0.581158 -0.100827
v -0.663024 0.663918 -0.089182
v -0.667137 0.651240 -0.061031
v -0.641112 0.568894 -0.072270
v -0.470912 0.730321 -0.008222
v -0.491393 0.814113 0.020945
v -0.487896 0.827074 -0.007183
v -0.468342 0.742975 -0.036578
v -0.437987 0.635671 -0.074192
v -0.639768 0.580057 -0.102096
v -0.642893 0.566615 -0.074137
v -0.441584 0.623548 -0.045691
v -0.657211 0.567039 -0.091424
v -0.424930 0.632628 -0.055751
v -0.713192 0.756479 -0.038313
v -0.474831 0.827046 0.009919
v -0.581483 0.698423 -0.037885
v -0.580220 0.587941 0.077341
v -0.574249 0.687820 -0.047987
v -0.574437 0.584996 0.063189
v -0.563496 0.696682 -0.039465
v -0.565842 0.586548 0.076078
v -0.570730 0.707283 -0.029365
v -0.571570 0.600846 0.078355
v -0.581488 0.701746 -0.034713
v -0.563492 0.693363 -0.042642
v -0.564960 0.590491 0.077056
v -0.581089 0.586791 0.073444
v -0.459852 -1.416527 0.710840
v -0.456822 -1.512571 0.752095
v -0.451086 -1.419433 0.703729
v -0.450095 -1.509477 0.744089
v -0.445392 -1.415379 0.713048
v -0.445658 -1.511683 0.753798
v -0.454148 -1.412472 0.720159
v -0.452535 -1.503931 0.757180
v -0.445715 -1.413821 0.716698
v -0.459518 -1.418074 0.707187
v -0.457373 -1.510026 0.754156
v -0.445141 -1.511396 0.750530
v 0.454909 -1.426939 0.681718
v 0.449415 -1.519448 0.721000
v 0.463752 -1.433257 0.668664
v 0.456031 -1.517561 0.709185
v 0.471974 -1.428078 0.682598
v 0.461093 -1.520228 0.721601
v 0.463129 -1.421759 0.695655
v 0.455595 -1.509512 0.728076
v 0.454179 -1.425310 0.685423
v 0.472702 -1.429718 0.678898
v 0.460599 -1.518598 0.720896
v 0.449304 -1.517847 0.720315
v -0.275283 0.376582 0.126480
v 0.282591 0.503845 0.126801
v 0.276925 0.498384 -0.098368
v 0.246415 0.446146 0.139024
v -0.284888 0.386354 0.117197
v -0.162931 0.216740 -0.057627
v -0.113422 0.250612 -0.060710
v -0.179998 0.348691 -0.054540
v 0.182020 0.629480 -0.094989
v 0.266878 0.515539 -0.099115
v -0.105119 0.139463 0.011128
v -0.157158 0.202854 -0.081386
v 0.139094 0.695340 0.103963
v 0.181812 0.629755 -0.095252
v 0.318455 0.447624 0.050832
v 0.292526 0.490945 0.142821
v 0.316168 0.448661 0.001302
v 0.314633 0.381022 0.003373
v -0.010573 0.130579 0.055705
v 0.075323 0.016509 0.044212
v 0.257972 0.388429 0.008062
v 0.255731 0.388125 0.047249
v -0.098037 0.146121 0.061315
v -0.108675 0.145913 0.062435
v -0.110839 0.146792 0.013178
v -0.012436 0.131332 0.013206
v -0.010562 0.130571 0.055844
v 0.065404 -0.455693 0.017220
v 0.001880 -0.660590 0.012904
v 0.009059 0.144920 0.053627
v 0.045078 0.172025 0.014904
v 0.485574 0.359335 0.000732
v 0.314632 0.381021 0.003290
v 0.316505 0.380260 0.045928
v 0.448684 0.366561 0.036174
v 0.447135 0.367191 0.000921
v 0.782899 -0.159260 -0.012729
v 0.975121 0.039951 -0.017574
v 0.078160 -0.460433 0.024236
v 0.007362 -0.662434 0.016001
v 0.391858 -0.497321 0.001780
v 0.114159 -0.219315 0.031703
v 0.456256 0.391939 0.001203
v 0.454733 0.381707 0.038180
v 0.726681 0.246098 -0.009127
v 0.975229 0.041358 -0.021052
v 0.098730 -0.464002 0.024007
v 0.113406 -0.221230 0.009257
v 0.487028 0.358731 0.033372
v 0.728295 0.245341 0.018759
v 0.762890 -0.212017 -0.009320
v 0.076984 -0.459034 0.008327
v 0.391568 -0.497211 -0.004943
v 0.007053 -0.662309 0.008988
v 0.007210 -0.662376 0.012494
v 0.391722 -0.497274 -0.001456
v 0.973937 0.039094 -0.017468
v 0.772241 -0.165569 -0.012373
v -0.012435 0.131334 0.013281
v 0.073964 0.017063 0.013309
v 0.318333 0.447782 0.050559
v 0.316499 0.380264 0.045854
v -0.099970 0.146975 0.013461
v 0.152460 0.682643 0.102621
v 0.217448 0.588498 0.180378
v -0.104754 0.140891 0.062691
v -0.126359 0.180294 0.155214
v -0.239545 0.317529 -0.081985
v 0.316168 0.448661 0.001302
v 0.264765 0.514440 -0.094714
v -0.154698 0.203306 -0.091103
v -0.239270 0.317616 -0.081244
v 0.772277 -0.157055 -0.015893
v 0.772630 -0.157194 -0.008166
v 0.975370 0.040900 -0.013822
v 0.239925 0.543019 -0.088150
v 0.306693 0.461588 0.022930
v 0.256827 0.539533 -0.110003
v -0.118858 0.161337 0.034386
v -0.158947 0.249147 -0.076062
v -0.176498 0.218980 -0.096208
v -0.108112 0.140268 0.032064
v -0.235759 0.308067 -0.055487
v -0.256263 0.379934 0.013716
v -0.240955 0.319120 -0.081941
v 0.143501 0.673267 -0.001185
v 0.194275 0.631692 -0.085071
v -0.128940 0.194150 0.146000
v 0.281389 0.492210 0.135892
v 0.226172 0.583982 0.160771
v 0.151116 0.667952 0.097893
v 0.208584 0.578670 0.183817
v -0.256695 0.368499 0.110494
v -0.211122 0.272660 0.169647
v -0.202647 0.286739 0.191838
v 0.281184 0.497752 0.141567
v 0.232333 0.470645 0.123840
v 0.110456 0.633574 0.104726
v 0.165187 0.664695 0.092530
v 0.158375 0.668410 0.092239
v 0.114186 0.627690 0.094111
v 0.131855 0.586629 -0.073444
v -0.138427 0.187755 0.164755
v -0.257787 0.354335 0.105578
v -0.206786 0.391341 0.103997
v -0.088925 0.226751 0.155448
v 0.207549 0.486961 -0.070596
v 0.261406 0.523881 -0.080559
v 0.187921 0.622270 -0.073407
v 0.136919 0.585264 -0.071826
v 0.209614 0.488087 -0.073999
v -0.125054 0.176509 0.147434
v -0.092457 0.228075 -0.082738
v -0.164423 0.213607 -0.059129
v -0.246675 0.317335 -0.066002
v -0.184052 0.348916 -0.061940
v -0.217004 0.395434 0.102583
v 0.187921 0.622270 -0.073407
v -0.257787 0.354335 0.105578
v -0.088471 0.234135 0.135176
v -0.235759 0.308067 -0.055487
v -0.128285 0.183575 0.153583
v 0.293367 0.489941 0.144650
v 0.762591 -0.211901 -0.016175
v 0.814616 -0.160017 -0.010506
v 0.814308 -0.159893 -0.017519
v 0.263181 0.300030 -0.212838
v 0.096010 0.949508 -0.151941
v -0.483172 0.805677 -0.205457
v -0.315962 0.156263 -0.266940
v 0.273754 0.317227 -0.366480
v 0.106384 0.966618 -0.305191
v 0.096642 0.949809 -0.152123
v 0.263442 0.300277 -0.213466
v 0.105980 0.967212 -0.305268
v -0.473088 0.823003 -0.358998
v -0.483273 0.806269 -0.205952
v 0.095942 0.949907 -0.152275
v -0.316561 0.156018 -0.267263
v -0.483345 0.805577 -0.206152
v -0.473661 0.822611 -0.359197
v -0.306307 0.173194 -0.420255
v -0.305988 0.173216 -0.420904
v -0.472972 0.822686 -0.359400
v 0.106152 0.966742 -0.305864
v 0.273098 0.317207 -0.366782
v -0.315846 0.155946 -0.267342
v -0.305887 0.172625 -0.420409
v 0.263353 0.299560 -0.213433
v 0.273165 0.316809 -0.366447
v 1.122381 1.004150 -0.736001
v 1.122190 1.027713 -0.735890
v 1.102019 1.004150 -0.712922
v 1.123798 1.004150 -0.518385
v 1.101874 1.004150 -0.523256
v 1.125076 1.027713 -0.716217
v 1.101734 1.004150 -0.714579
v 1.101756 1.027713 -0.714590
v 1.123798 1.027713 -0.518385
v 1.101874 1.027713 -0.523256
v 1.119186 1.027713 -0.502157
v 1.118403 1.004150 -0.502614
v 1.101362 1.004150 -0.521891
v 1.101258 1.027713 -0.521941
v 1.050966 1.028330 -0.464580
v 1.050677 1.010041 -0.466150
v 1.114601 1.021822 -0.504026
v 1.050966 1.004826 -0.464579
v 1.100722 1.027713 -0.520338
v 1.099653 1.004150 -0.521559
v 1.050016 1.005310 -0.467668
v 1.050016 1.028873 -0.467668
v 1.045738 0.969486 -0.120229
v 1.048054 0.969527 -0.121399
v 1.040778 0.992934 -0.119538
v 1.045749 0.995977 -0.115279
v 1.023006 0.994792 -0.133528
v 1.018301 0.979036 -0.135770
v 0.907954 0.961949 -0.123925
v 0.881663 0.992751 -0.106996
v 0.952435 1.004150 -0.736000
v 0.952626 1.027713 -0.735889
v 0.972297 1.004150 -0.706081
v 0.971687 1.004150 -0.530846
v 0.949740 1.004150 -0.716218
v 0.949740 1.027713 -0.716218
v 0.972297 1.027713 -0.706081
v 0.973082 1.004150 -0.714578
v 0.973060 1.027713 -0.714589
v 0.951018 1.027713 -0.518384
v 0.971687 1.027713 -0.530846
v 0.956412 1.004150 -0.502614
v 0.955630 1.027713 -0.502157
v 0.973557 1.027713 -0.521942
v 0.973453 1.004150 -0.521891
v 0.951018 1.004150 -0.518384
v 1.023848 1.028302 -0.464582
v 1.027156 1.027713 -0.488415
v 1.024138 1.010041 -0.466150
v 0.960214 1.021822 -0.504026
v 1.027156 1.004150 -0.488415
v 1.023848 1.004474 -0.464583
v 0.963684 1.027713 -0.507149
v 0.962573 1.004150 -0.505439
v 1.024799 1.005310 -0.467668
v 1.024799 1.028873 -0.467668
v 1.022984 0.971038 -0.138232
v 1.021013 0.973702 -0.138269
v 1.021659 0.996916 -0.133691
v 1.038432 0.961986 -0.120718
v 1.036347 0.985095 -0.116121
v 0.905157 0.958538 -0.110155
v 0.906045 0.988531 -0.117885
v 0.906970 0.966742 -0.124568
v 0.873309 0.993686 -0.129743
v 0.872964 0.985947 -0.112018
v 0.897618 0.952523 -0.125077
v 0.872186 0.952523 -0.124681
v 0.928862 0.937375 -0.133975
v 0.922492 0.941231 -0.121711
v 0.864483 0.955541 -0.114366
v 0.868447 0.992528 -0.119123
v 0.869319 0.954137 -0.124161
v 0.891197 0.975019 -0.130228
v 0.890922 0.973822 -0.115619
v 1.125076 1.004150 -0.716217
v 1.052713 1.027713 -0.770845
v 1.102019 1.027713 -0.712922
v 1.050677 1.010041 -0.770142
v 1.114601 1.021822 -0.732264
v 1.052713 1.004150 -0.770845
v 1.100722 1.027713 -0.715952
v 1.099653 1.004150 -0.714732
v 1.050016 1.015931 -0.768445
v 1.051077 1.002093 -0.833813
v 1.050653 1.024902 -0.838377
v 1.025822 0.982496 -0.894928
v 1.052277 0.987860 -0.879740
v 1.052170 1.013328 -0.880118
v 1.025579 1.006539 -0.895402
v 1.035044 0.966900 -0.916755
v 1.037400 0.965030 -0.913918
v 1.016745 0.981454 -0.898222
v 0.878680 0.997530 -0.917382
v 0.906064 0.964780 -0.907165
v 1.038409 0.989179 -0.915997
v 1.032819 0.989837 -0.917062
v 1.027157 1.027713 -0.747876
v 1.022102 1.027713 -0.770845
v 1.024138 1.010041 -0.770141
v 0.960214 1.021822 -0.732264
v 1.022102 1.004150 -0.770845
v 1.027157 1.004150 -0.747876
v 0.963684 1.027713 -0.729141
v 0.962572 1.004150 -0.730851
v 1.024799 1.015931 -0.768445
v 1.027496 1.024483 -0.840268
v 1.025576 1.001915 -0.835107
v 1.009254 0.976341 -0.894056
v 1.036191 0.967455 -0.916872
v 1.033693 0.990971 -0.917458
v 0.902577 0.963650 -0.921141
v 0.903639 0.991961 -0.908596
v 0.905076 0.969383 -0.905679
v 0.870315 0.989857 -0.913139
v 0.871530 0.994553 -0.894414
v 0.895872 0.955143 -0.907067
v 0.870456 0.954798 -0.906177
v 0.927654 0.939222 -0.902392
v 0.920619 0.944953 -0.913510
v 0.862201 0.959340 -0.915449
v 0.866130 0.995092 -0.904819
v 0.867548 0.956416 -0.906263
v 0.889558 0.976356 -0.897938
v 0.888529 0.977587 -0.912507
v 1.049584 0.325719 -0.497915
v 1.037586 0.390929 -0.580925
v 1.047069 0.323504 -0.664310
v 1.039261 0.341319 -0.645620
v 1.106745 0.286438 -0.706620
v 1.128332 0.200730 -0.645162
v 1.120785 0.218148 -0.664325
v 1.176119 0.181622 -0.581315
v 1.117764 0.216698 -0.497929
v 1.143757 0.188076 -0.468289
v 1.099435 0.275830 -0.468408
v 1.144217 0.202281 -0.493422
v 1.039260 0.341318 -0.516618
v 1.174262 0.182935 -0.581160
v 1.106142 0.285854 -0.704499
v 1.124250 0.277529 -0.616797
v 1.095224 0.321377 -0.598085
v 1.057119 0.361392 -0.491031
v 1.057118 0.361393 -0.671208
v 1.156563 0.211144 -0.671209
v 1.038068 0.388705 -0.581080
v 1.100266 0.280832 -0.454511
v 1.212907 0.389806 -0.551776
v 1.252317 0.382042 -0.566607
v 1.207017 0.465904 -0.572455
v 1.181494 0.450334 -0.563724
v 1.134577 0.261939 -0.564155
v 1.105551 0.305773 -0.545433
v 1.102194 0.311270 -0.557633
v 1.098942 0.310695 -0.604821
v 1.099239 0.311465 -0.607265
v 1.127756 0.272026 -0.604340
v 1.108600 0.272600 -0.598375
v 1.110423 0.294887 -0.569296
v 1.122897 0.301324 -0.538501
v 1.101845 0.313616 -0.555695
v 1.214647 0.472978 -0.563058
v 1.213524 0.470757 -0.601461
v 1.253246 0.381999 -0.596450
v 1.212005 0.389282 -0.611835
v 1.180337 0.451351 -0.602728
v 1.214162 0.470807 -0.601994
v 1.213490 0.380840 -0.581251
v 1.255763 0.409982 -0.580481
v 1.179275 0.450920 -0.563343
v 1.181469 0.449694 -0.601732
v 1.146866 0.470685 -0.600089
v 1.192480 0.501876 -0.620794
v 1.218010 0.456575 -0.546468
v 1.186030 0.507031 -0.550236
v 1.156106 0.477804 -0.556454
v 1.178405 0.448511 -0.605190
v 1.171269 0.443874 -0.582498
v 1.170681 0.463275 -0.567911
v 1.178744 0.480202 -0.562462
v 1.180704 0.487314 -0.600978
v 1.208893 0.481184 -0.602852
v 1.193269 0.491896 -0.568757
v 1.193047 0.475180 -0.562399
v 1.176708 0.474885 -0.597997
v 1.200501 0.507486 -0.584876
v 1.172988 0.463452 -0.580900
v 1.205639 0.484477 -0.577932
v 1.195891 0.497175 -0.582123
v 1.166256 0.472091 -0.587645
v 1.197438 0.460867 -0.613701
v 1.207789 0.505471 -0.580462
v 1.217069 0.394007 -0.599817
v 1.138129 0.283271 -0.560451
v 1.215077 0.393880 -0.562057
v 1.218301 0.407882 -0.580581
v -0.513918 -0.298063 -0.174914
v -0.435770 -0.272288 -0.153297
v -0.507819 -0.293743 -0.171188
v -0.578701 -0.321753 -0.150227
v -0.493895 -0.273033 -0.153235
v -0.362660 -0.300767 -0.149045
v -0.356940 -0.358219 -0.174691
v -0.365383 -0.352801 -0.174170
v -0.341711 -0.401445 -0.161074
v -0.350354 -0.451896 -0.163836
v -0.343097 -0.402640 -0.167119
v -0.349401 -0.451037 -0.166140
v -0.383887 -0.515779 -0.161446
v -0.386835 -0.485939 -0.185241
v -0.496306 -0.537132 -0.170049
v -0.381145 -0.476521 -0.183881
v -0.494974 -0.536259 -0.161784
v -0.586415 -0.459947 -0.167079
v -0.572445 -0.444373 -0.183534
v -0.567873 -0.450302 -0.183188
v -0.594782 -0.373366 -0.158790
v -0.492097 -0.385704 -0.141523
v -0.477382 -0.384692 -0.073993
v -0.454620 -0.388281 -0.076714
v -0.491890 -0.419299 -0.140373
v -0.439256 -0.377141 -0.142196
v -0.472931 -0.387832 -0.148820
v -0.475435 -0.375836 -0.139321
v -0.437324 -0.374501 -0.133249
v -0.448117 -0.437495 -0.143717
v -0.441763 -0.376522 -0.125245
v -0.447858 -0.428495 -0.151012
v -0.446324 -0.443520 -0.137568
v -0.483477 -0.425399 -0.140692
v -0.481775 -0.420052 -0.144637
v -0.472998 -0.390922 -0.072388
v -0.454791 -0.389438 -0.071276
v -0.478539 -0.443642 -0.062230
v -0.450265 -0.444982 -0.065555
v -0.442886 -0.367227 -0.079192
v -0.473229 -0.367000 -0.057695
v -0.472469 -0.370020 -0.065179
v -0.453589 -0.379305 -0.062533
v -0.474644 -0.434080 -0.069003
v -0.449967 -0.444155 -0.063836
v -0.471234 -0.423337 -0.075246
v -0.454262 -0.426775 -0.068615
v -0.468225 -0.428626 -0.074229
v -0.445685 -0.434750 -0.075808
v -0.473494 -0.417346 -0.072737
v -0.466507 -0.418156 -0.113567
v -0.473061 -0.409185 -0.110963
v -0.454269 -0.379827 -0.066624
v -0.479052 -0.370611 -0.056926
v -0.452692 -0.378713 -0.056410
v -0.463443 -0.424188 -0.118843
v -0.477813 -0.392055 -0.111583
v -0.478576 -0.448469 -0.074216
v -0.480270 -0.392965 -0.112533
v -0.444439 -0.369449 -0.080885
v -0.454560 -0.425851 -0.116347
v -0.447522 -0.435869 -0.076314
v -0.450409 -0.391877 -0.072097
v -0.455055 -0.380584 -0.058141
v -0.478742 -0.383171 -0.077700
v -0.481970 -0.400408 -0.049373
v -0.451213 -0.446402 -0.071795
v -0.456094 -0.396961 -0.102134
v -0.456365 -0.396415 -0.101881
v -0.457111 -0.405802 -0.095828
v -0.482576 -0.405936 -0.099739
v -0.447156 -0.405474 -0.100583
v 0.377311 -0.272462 -0.153315
v 0.492797 -0.321826 -0.174315
v 0.306090 -0.297668 -0.176148
v 0.312063 -0.308132 -0.157838
v 0.305827 -0.301769 -0.150682
v 0.468506 -0.274348 -0.148236
v 0.536984 -0.372531 -0.158753
v 0.486555 -0.486853 -0.183283
v 0.482513 -0.317764 -0.175258
v 0.535069 -0.373460 -0.160365
v 0.520933 -0.483900 -0.158793
v 0.356297 -0.534445 -0.171026
v 0.490559 -0.476521 -0.183882
v 0.435759 -0.529971 -0.168870
v 0.325757 -0.516042 -0.160893
v 0.355060 -0.523629 -0.170497
v 0.312964 -0.496909 -0.168100
v 0.313146 -0.493239 -0.184853
v 0.274420 -0.351357 -0.161075
v 0.303503 -0.501853 -0.187245
v 0.279010 -0.430801 -0.163481
v 0.285239 -0.350110 -0.161058
v 0.314812 -0.307395 -0.174756
v 0.377415 -0.417309 -0.139745
v 0.392780 -0.386541 -0.074099
v 0.428515 -0.384337 -0.072390
v 0.397176 -0.383739 -0.157114
v 0.382045 -0.375016 -0.140186
v 0.426166 -0.381541 -0.138655
v 0.434679 -0.387306 -0.139546
v 0.435246 -0.417026 -0.140849
v 0.422702 -0.386619 -0.143579
v 0.432012 -0.423572 -0.141092
v 0.415002 -0.438835 -0.143572
v 0.429173 -0.428192 -0.142711
v 0.389268 -0.431818 -0.137118
v 0.396963 -0.416727 -0.145029
v 0.370709 -0.378867 -0.125891
v 0.390228 -0.389944 -0.071950
v 0.422284 -0.385613 -0.067124
v 0.391522 -0.446108 -0.064580
v 0.420729 -0.441052 -0.074925
v 0.422677 -0.368928 -0.059989
v 0.384579 -0.365349 -0.078782
v 0.389863 -0.408309 -0.054450
v 0.422403 -0.370436 -0.056240
v 0.391061 -0.444169 -0.064040
v 0.423331 -0.443923 -0.064789
v 0.387460 -0.428635 -0.071989
v 0.385477 -0.429702 -0.075445
v 0.423535 -0.429377 -0.070401
v 0.421327 -0.427368 -0.076875
v 0.421048 -0.435235 -0.099953
v 0.390272 -0.381133 -0.118451
v 0.419973 -0.416626 -0.111578
v 0.389013 -0.418148 -0.117880
v 0.401206 -0.386040 -0.068377
v 0.400420 -0.385334 -0.068324
v 0.424314 -0.409088 -0.114574
v 0.383075 -0.410309 -0.117798
v 0.379547 -0.406515 -0.104818
v 0.398728 -0.441496 -0.078735
v 0.398018 -0.377431 -0.067331
v 0.415203 -0.372411 -0.074482
v 0.422171 -0.440900 -0.102345
v 0.423593 -0.425751 -0.070418
v 0.420226 -0.446912 -0.077502
v 0.425981 -0.386054 -0.068013
v 0.419757 -0.388690 -0.071973
v 0.398183 -0.391442 -0.061076
v 0.395492 -0.414507 -0.056836
v 0.387252 -0.368041 -0.078714
v 0.419518 -0.385419 -0.110358
v 0.420240 -0.386021 -0.114606
v 0.424771 -0.400327 -0.048473
v 0.393176 -0.395214 -0.110795
v 0.426944 -0.405479 -0.100323
v -0.504689 -0.434346 -0.078072
v -0.513904 -0.406040 -0.083068
v -0.405069 -0.404001 -0.112460
v -0.411268 -0.413305 -0.088754
v -0.500911 -0.430756 -0.110181
v -0.499400 -0.432486 -0.083648
v -0.504794 -0.434109 -0.115870
v -0.484377 -0.401222 -0.109959
v -0.502190 -0.432448 -0.082959
v -0.504850 -0.430960 -0.110412
v -0.504581 -0.418032 -0.104491
v -0.530309 -0.426200 -0.086772
v -0.537501 -0.431978 -0.110364
v -0.511039 -0.405165 -0.105440
v -0.537162 -0.421969 -0.109129
v -0.584606 -0.653000 -0.086379
v -0.534498 -0.425612 -0.084918
v -0.571867 -0.716787 -0.095560
v -0.551883 -0.707160 -0.081839
v -0.563065 -0.708493 -0.107941
v -0.560439 -0.700963 -0.082690
v -0.569110 -0.721085 -0.091687
v -0.571115 -0.715389 -0.088887
v -0.570998 -0.731726 -0.106881
v -0.581189 -0.732031 -0.084791
v -0.564390 -0.719841 -0.102583
v -0.559209 -0.711388 -0.093808
v -0.533355 -0.745706 -0.109850
v -0.531549 -0.720678 -0.110151
v -0.550661 -0.713014 -0.111476
v -0.551616 -0.712084 -0.082988
v -0.532738 -0.745952 -0.084484
v -0.424957 -0.432950 -0.078176
v -0.418260 -0.406442 -0.082929
v -0.418142 -0.406227 -0.112148
v -0.420521 -0.428237 -0.108071
v -0.424012 -0.430870 -0.110417
v -0.413833 -0.433312 -0.087595
v -0.424432 -0.439014 -0.081925
v -0.425038 -0.432976 -0.116487
v -0.409475 -0.414565 -0.109664
v -0.398911 -0.410339 -0.084099
v -0.344233 -0.651352 -0.109789
v -0.375202 -0.488302 -0.082194
v -0.375658 -0.488269 -0.111063
v -0.350041 -0.717382 -0.107725
v -0.368715 -0.700785 -0.112497
v -0.377560 -0.706930 -0.112666
v -0.365862 -0.708251 -0.086620
v -0.368464 -0.700963 -0.082689
v -0.378772 -0.712103 -0.096380
v -0.373447 -0.714074 -0.095001
v -0.389278 -0.747645 -0.110795
v -0.396184 -0.745900 -0.109845
v -0.368943 -0.718019 -0.107983
v -0.373402 -0.707656 -0.081957
v -0.350226 -0.718065 -0.086519
v -0.395529 -0.745744 -0.084515
v -0.464451 -0.733722 -0.077775
v -0.464451 -0.716822 -0.105275
v -0.464451 -0.747881 -0.111433
v 0.367960 -0.436617 -0.078174
v 0.355486 -0.410774 -0.083069
v 0.463635 -0.398398 -0.112460
v 0.458349 -0.408248 -0.088755
v 0.372199 -0.435295 -0.083558
v 0.368043 -0.436635 -0.116490
v 0.370781 -0.433813 -0.110345
v 0.369659 -0.435950 -0.082959
v 0.366870 -0.434721 -0.110412
v 0.365907 -0.421824 -0.104491
v 0.341068 -0.432399 -0.086771
v 0.355579 -0.410816 -0.111196
v 0.307909 -0.663245 -0.109790
v 0.358255 -0.409631 -0.105440
v 0.333848 -0.428843 -0.109129
v 0.320969 -0.532070 -0.084685
v 0.336846 -0.432215 -0.084920
v 0.333750 -0.734989 -0.106424
v 0.346304 -0.714140 -0.081839
v 0.335295 -0.716532 -0.107940
v 0.347000 -0.715607 -0.067298
v 0.356399 -0.751537 -0.081846
v 0.315939 -0.715747 -0.086236
v 0.327940 -0.724161 -0.088889
v 0.329613 -0.740409 -0.106879
v 0.320339 -0.740212 -0.085355
v 0.335057 -0.727953 -0.102584
v 0.339414 -0.719043 -0.093808
v 0.368411 -0.750751 -0.109851
v 0.367646 -0.725577 -0.110205
v 0.347969 -0.719556 -0.111310
v 0.347037 -0.719017 -0.082988
v 0.447463 -0.430427 -0.078075
v 0.450737 -0.402083 -0.082930
v 0.450422 -0.424371 -0.107683
v 0.438896 -0.426205 -0.111229
v 0.447330 -0.426948 -0.110417
v 0.457697 -0.428410 -0.087596
v 0.447993 -0.435850 -0.082098
v 0.446748 -0.404381 -0.104611
v 0.500197 -0.479792 -0.108901
v 0.460253 -0.409333 -0.109664
v 0.470367 -0.404122 -0.084100
v 0.547707 -0.638853 -0.109789
v 0.501380 -0.479479 -0.082195
v 0.548106 -0.705805 -0.108113
v 0.528036 -0.690382 -0.112496
v 0.519818 -0.697343 -0.112665
v 0.531585 -0.697544 -0.086621
v 0.528302 -0.690535 -0.082688
v 0.519101 -0.702606 -0.096381
v 0.523858 -0.702970 -0.099417
v 0.510880 -0.739359 -0.083708
v 0.504979 -0.737906 -0.109844
v 0.529586 -0.707871 -0.108306
v 0.524023 -0.697670 -0.081958
v 0.548006 -0.705876 -0.086680
v 0.505004 -0.737956 -0.084485
v 0.434260 -0.715448 -0.089194
v 0.437211 -0.746366 -0.083035
v 0.435875 -0.732271 -0.116694
v -0.239257 1.177780 -0.925664
v -0.234635 1.292324 -0.950536
v -0.235983 1.290419 -0.955555
v -0.220200 1.290269 -0.945855
v -0.230764 1.179656 -0.919223
v -0.229653 1.176356 -0.936246
v -0.148019 1.176013 -0.934431
v -0.217422 1.284230 -0.960359
v -0.139520 1.272033 -0.949868
v -0.129571 1.173592 -0.949169
v -0.125299 1.348319 -0.953873
v -0.111932 1.362144 -0.948559
v -0.152523 1.178927 -0.932116
v -0.148283 1.178062 -0.923687
v -0.175784 1.289200 -0.929677
v -0.228921 1.178844 -0.921911
v -0.140738 1.280628 -0.939137
v -0.216944 1.295416 -0.940431
v -0.116744 1.347521 -0.958115
v -0.219463 1.280537 -0.979304
v -0.188887 1.355092 -0.994616
v -0.112254 1.352880 -0.967081
v -0.078051 1.390465 -0.983908
v -0.125399 1.370493 -0.950413
v -0.074606 1.381771 -0.982484
v -0.104009 1.356249 -0.946944
v -0.225130 1.291246 -0.947788
v -0.184513 1.374341 -0.985465
v -0.239506 1.301198 -0.935547
v -0.224636 1.298211 -0.929722
v -0.112910 1.391895 -1.018482
v -0.113339 1.367993 -0.950101
v -0.180003 1.382353 -0.977300
v -0.104999 1.430698 -1.031751
v 0.073071 1.430173 -1.030996
v -0.070217 1.413201 -0.979680
v -0.122399 1.407484 -1.033854
v -0.113352 1.367635 -0.949196
v -0.114848 1.348458 -0.959120
v -0.123235 1.393243 -1.028147
v -0.076202 1.370570 -0.988115
v 0.057335 1.384777 -0.974956
v 0.054588 1.358613 -0.992580
v -0.096536 1.372658 -1.010393
v -0.014435 1.377266 -1.012659
v -0.017620 1.418927 -1.064809
v -0.013630 1.380311 -1.007834
v -0.063494 1.397624 -0.958148
v -0.070985 1.388964 -0.980760
v -0.084903 1.391752 -1.002110
v -0.122799 1.400834 -1.032163
v -0.126664 1.432234 -1.036497
v -0.019967 1.451550 -1.048543
v -0.014888 1.416896 -1.053652
v 0.054011 1.384844 -0.965523
v 0.045595 1.345927 -0.996078
v 0.118503 1.342118 -0.975627
v 0.094588 1.332723 -0.967438
v 0.098671 1.344346 -0.950854
v -0.015855 1.434734 -1.062674
v 0.104505 1.426520 -1.047347
v -0.015878 1.443864 -1.047462
v 0.099406 1.428905 -1.032916
v 0.051739 1.392413 -0.989888
v 0.177902 1.376650 -0.981245
v 0.097790 1.409334 -1.040285
v 0.048067 1.376280 -1.006691
v 0.174740 1.377127 -0.976817
v 0.117670 1.354383 -0.950183
v 0.207418 1.312775 -0.937864
v 0.103755 1.419629 -1.044333
v 0.102301 1.425363 -1.036813
v 0.108871 1.458140 -1.021160
v 0.192274 1.396275 -0.964822
v 0.214309 1.331778 -0.954512
v 0.181850 1.370685 -0.991743
v 0.173193 1.359459 -1.004103
v 0.108438 1.327733 -0.992584
v 0.133316 1.296654 -0.942092
v 0.117291 1.287827 -0.948191
v 0.119412 1.171414 -0.956722
v 0.145242 1.175687 -0.952069
v 0.119454 1.343672 -0.964403
v 0.173562 1.360743 -1.002453
v 0.207195 1.301585 -0.970203
v 0.110227 1.346607 -0.953693
v 0.222459 1.179471 -0.919543
v 0.238650 1.177912 -0.932291
v 0.247613 1.179543 -0.920575
v 0.140484 1.177957 -0.921440
v 0.220667 1.179180 -0.919721
v 0.220978 1.176485 -0.933078
v 0.139987 1.175798 -0.932217
v 0.208428 1.302786 -0.975087
v 0.225879 1.306035 -0.968270
v 0.229665 1.303138 -0.957790
v 0.232236 1.177839 -0.924673
v 0.224958 1.182059 -0.909046
v 0.181124 1.361669 -1.008846
v 0.100588 1.399465 -1.056983
v 0.191852 1.369687 -1.011752
v 0.197522 1.378096 -1.006597
v 0.106964 1.425597 -1.063052
v -0.192238 1.369209 -0.986795
v -0.185878 1.379109 -0.952468
v -0.224196 1.290466 -0.946773
v -0.203910 1.343889 -0.965773
v -0.185684 1.366562 -0.980842
v -0.242512 1.181257 -0.902415
v -0.243918 1.297217 -0.941800
v -0.254550 1.179190 -0.921327
v -0.285533 0.086885 -0.145069
v -0.402459 0.261662 -0.134230
v -0.264887 0.089882 -0.159081
v -0.392585 0.280760 -0.147243
v -0.270557 0.362085 -0.142200
v -0.142859 0.171206 -0.154036
v -0.132992 0.188545 -0.138764
v -0.249918 0.363322 -0.127926
v -0.153460 0.190213 -0.110753
v -0.254624 0.341429 -0.101376
v -0.381984 0.256552 -0.106639
v -0.280820 0.105335 -0.116017
v -0.249910 0.363327 -0.127926
v -0.281178 0.359805 -0.128144
v -0.147877 0.167927 -0.125850
v -0.261552 0.092169 -0.130545
v -0.283176 0.095672 -0.123473
v -0.392221 0.258669 -0.113365
v -0.252265 0.351940 -0.107577
v -0.143220 0.188944 -0.117685
v -0.143220 0.188940 -0.117684
v -0.283175 0.095669 -0.123468
v -0.392220 0.258666 -0.113367
v -0.252265 0.351937 -0.107583
v -0.390087 0.288143 -0.146786
v -0.388983 0.287109 -0.118455
v -0.402460 0.261662 -0.134231
v -0.387217 0.289137 -0.132527
v -0.387567 0.280531 -0.118864
v -0.273891 0.356289 -0.114165
v -0.285532 0.086869 -0.145070
v -0.254264 0.090391 -0.144851
v -0.132977 0.188547 -0.138764
v -0.148221 0.161071 -0.140468
v -0.278347 0.360857 -0.113882
v -0.279436 0.361869 -0.142214
v -0.330738 0.408528 -0.125122
v -0.345113 0.412088 -0.110707
v -0.411907 0.367574 -0.113463
v -0.145357 0.163823 -0.154495
v -0.146462 0.161349 -0.126254
v -0.257097 0.087601 -0.130827
v -0.256008 0.090098 -0.159067
v -0.190333 0.038124 -0.162292
v -0.123537 0.082639 -0.159522
v -0.118593 0.096054 -0.158697
v -0.116166 0.093251 -0.130477
v -0.411907 0.369328 -0.141746
v -0.345113 0.413842 -0.138991
v -0.413298 0.353502 -0.128535
v -0.190333 0.036371 -0.134009
v -0.123537 0.080885 -0.131238
v -0.122142 0.096712 -0.144459
v -0.204698 0.041694 -0.147871
v -0.204600 0.036068 -0.162417
v -0.204640 0.036953 -0.133967
v -0.330844 0.415898 -0.138863
v -0.416851 0.355913 -0.142583
v -0.419279 0.355207 -0.114232
v -0.330804 0.411505 -0.110740
v -0.390644 0.294302 0.184992
v -0.387969 0.312667 -0.082512
v -0.387302 0.309395 -0.092591
v -0.240244 0.088771 -0.093179
v -0.235092 0.078384 -0.097040
v -0.232417 0.063558 0.170684
v -0.238418 0.066391 0.176862
v -0.384641 0.290726 0.190769
v -0.272102 0.318341 0.143056
v -0.374908 0.264335 0.147456
v -0.309999 0.349309 0.187207
v -0.381623 0.295506 0.180708
v -0.375555 0.275767 -0.021234
v -0.413913 0.330883 0.018109
v -0.279685 0.339659 -0.017272
v -0.310796 0.385937 -0.010761
v -0.318037 0.390475 0.091460
v -0.371837 0.275012 -0.098967
v -0.275969 0.338903 -0.095005
v -0.330637 0.211973 -0.079342
v -0.234767 0.275865 -0.075380
v -0.297565 0.165633 -0.132406
v -0.201693 0.229527 -0.128444
v -0.265512 0.112631 -0.053255
v -0.181782 0.195491 -0.061348
v -0.234597 0.066825 -0.062623
v -0.138724 0.130715 -0.058659
v -0.151769 0.145622 0.016600
v -0.247645 0.078657 0.062141
v -0.219820 0.036463 0.069506
v -0.123951 0.100355 0.073471
v -0.169636 0.165080 0.135311
v -0.277654 0.118514 0.145655
v -0.261896 0.092332 0.186581
v -0.166024 0.156226 0.190544
v -0.330637 0.196537 0.169510
v -0.336169 0.201710 0.220021
v -0.234765 0.260431 0.173472
v -0.240302 0.265597 0.223983
v -0.383968 0.280869 0.099982
v -0.399134 0.300523 0.150237
v -0.288099 0.344761 0.103943
v -0.289725 0.342637 0.177670
v -0.275670 0.322821 0.157156
v -0.370243 0.257226 0.149213
v -0.170618 0.166563 0.134955
v -0.265628 0.101238 0.133290
v -0.168569 0.163485 0.135005
v -0.260975 0.094178 0.134561
v -0.165105 0.169968 -0.053346
v -0.264439 0.111015 -0.053148
v -0.166324 0.172308 -0.061617
v -0.263492 0.110118 -0.061598
v -0.271377 0.328565 -0.039417
v -0.368107 0.266106 -0.045676
v -0.279038 0.340414 -0.045119
v -0.367974 0.265679 -0.042005
v -0.301235 0.350655 0.186820
v -0.302101 0.348354 0.198204
v -0.155047 0.129351 0.171541
v -0.146417 0.116104 0.176326
v -0.153672 0.143339 -0.087315
v -0.155047 0.145549 -0.089659
v -0.302106 0.366175 -0.089072
v -0.303902 0.365263 -0.077588
v -0.164230 0.147147 -0.080150
v -0.143551 0.112793 -0.026447
v -0.342691 0.255173 -0.110757
v -0.373641 0.299120 -0.070726
v -0.306188 0.180158 0.215688
v -0.269691 0.126402 0.199254
v -0.319796 0.368104 0.121104
v -0.327056 0.383026 0.056170
v -0.299117 0.348785 -0.067646
v -0.268178 0.304831 -0.107678
v -0.195169 0.176066 0.202334
v -0.231677 0.229815 0.218767
v -0.210809 0.048210 0.035408
v -0.218068 0.063133 -0.029527
v -0.136288 0.097873 0.038487
v -0.306203 0.201411 -0.127191
v -0.342698 0.235524 0.206020
v -0.231662 0.251088 -0.124110
v -0.268171 0.285192 0.209100
v -0.218072 0.054993 0.101687
v -0.143546 0.104659 0.104767
v -0.269696 0.146044 -0.117525
v -0.373639 0.284086 0.171726
v -0.303703 0.339715 0.189577
v -0.379979 0.292347 0.191871
v -0.162521 0.129202 0.168089
v -0.238205 0.081470 0.161910
v -0.162701 0.129779 0.163136
v -0.235439 0.077317 0.161977
v -0.153343 0.131593 -0.092550
v -0.230765 0.086066 -0.092210
v -0.159639 0.141186 -0.094922
v -0.237044 0.095309 -0.089332
v -0.378226 0.306864 -0.084647
v -0.300821 0.351700 -0.073433
v -0.300641 0.351123 -0.068479
v -0.376948 0.304254 -0.073479
v -0.401577 0.333363 0.053090
v -0.394314 0.318443 0.118024
v -0.238741 0.097490 -0.083229
v -0.164218 0.132120 0.162302
v -0.319790 0.376245 -0.010110
v -0.238753 0.082447 0.159222
v -0.394321 0.326575 -0.013190
v -0.299119 0.333749 0.174805
v -0.195165 0.195713 -0.114444
v -1.278506 1.659717 -0.470460
v -0.587218 0.821551 -0.526138
v -1.291442 1.646962 -0.401616
v -1.304188 1.616100 -0.399604
v -1.273580 1.687974 -0.422789
v -0.604115 0.807470 -0.462977
v -0.496983 0.753089 -0.458576
v -0.492120 0.767384 -0.502090
v -0.497632 0.763973 -0.515933
v -0.418294 0.851368 -0.450256
v -0.359076 0.920319 -0.459631
v -0.421082 0.854234 -0.439792
v -0.367849 0.920906 -0.466206
v -0.511461 0.747540 -0.459615
v -1.364712 1.465147 -0.508341
v -1.364545 1.474333 -0.506898
v -1.282255 1.662364 -0.478815
v -1.292775 1.625604 -0.468627
v -0.296480 0.976126 -0.580588
v -0.793290 1.374572 -0.455276
v -0.721964 1.300905 -0.457629
v -0.694732 1.335084 -0.505363
v -1.246587 1.744518 -0.661883
v -1.261626 1.707879 -0.533201
v -1.247846 1.743393 -0.670006
v -0.820603 1.467807 -0.498669
v -0.800129 1.508163 -0.755326
v -0.310980 0.964525 -0.781852
v -1.249246 1.725856 -0.768999
v -1.194156 1.655632 -0.759986
v -1.253884 1.707597 -0.786957
v -1.228775 1.800431 -0.745132
v -1.254439 1.717567 -0.784256
v -0.705367 1.336726 -0.756465
v -0.315526 0.968296 -0.782597
v -0.349752 0.929230 -0.816078
v -0.374970 0.878272 -0.860423
v -0.685491 1.355248 -0.783815
v -0.352881 0.939733 -0.824285
v -1.250787 1.721440 -0.767530
v -1.256074 1.712005 -0.790131
v -1.279459 1.659094 -0.827105
v -1.186538 1.667925 -0.771011
v -1.259015 1.696822 -0.823287
v -1.315849 1.577917 -0.810410
v -0.438454 0.828149 -0.840622
v -0.466322 0.801789 -0.841097
v -0.436714 0.823349 -0.848958
v -0.465560 0.799947 -0.842110
v -1.321049 1.562252 -0.801976
v -0.509747 0.730822 -0.757167
v -1.314196 1.577456 -0.807659
v -1.336731 1.530665 -0.763209
v -0.665028 1.013343 -0.795841
v -0.825249 1.178617 -0.796834
v -0.659610 1.019283 -0.799644
v -1.351646 1.485018 -0.623069
v -1.352024 1.505646 -0.712171
v -0.852502 1.148565 -0.829891
v -0.531400 0.709405 -0.599067
v -1.064612 1.225164 -0.591291
v -1.347854 1.488190 -0.620460
v -1.347273 1.488707 -0.618403
v -1.298616 1.615739 -0.590530
v -0.536236 0.721382 -0.600088
v -0.513737 0.738609 -0.572410
v -0.513579 0.733429 -0.573017
v -0.433857 0.833515 -0.552025
v -0.435750 0.835994 -0.541625
v -0.387561 0.894366 -0.568758
v -0.380253 0.894414 -0.562516
v -1.323236 1.558861 -0.586693
v -1.299893 1.620229 -0.591986
v -1.293142 1.624412 -0.599345
v -0.721270 1.291850 -0.593895
v -0.334853 0.924959 -0.708107
v -0.838414 1.428639 -0.587050
v -0.962125 1.496036 -0.555871
v -0.737079 1.270453 -0.562087
v -1.278926 1.666414 -0.658781
v -0.372444 0.901815 -0.739791
v -0.355414 0.920821 -0.706462
v -0.372787 0.896855 -0.731903
v -1.275832 1.657418 -0.707492
v -1.277261 1.653589 -0.706693
v -1.288231 1.623966 -0.697590
v -1.287921 1.638062 -0.718099
v -0.841388 1.432336 -0.710152
v -0.840156 1.441077 -0.714882
v -0.414739 0.850227 -0.748680
v -0.441222 0.825034 -0.745907
v -0.412192 0.848045 -0.756171
v -0.440329 0.817042 -0.746997
v -0.451520 0.825622 -0.638290
v -1.285352 1.629654 -0.710979
v -1.293863 1.614404 -0.706711
v -1.316128 1.608420 -0.661731
v -0.960416 1.409070 -0.703212
v -0.981699 1.418946 -0.706929
v -1.305101 1.613596 -0.668328
v -1.300711 1.599244 -0.667844
v -1.005520 1.204127 -0.459207
v -1.009030 1.231122 -0.519142
v -1.378940 1.450924 -0.442166
v -1.371524 1.470842 -0.509923
v -0.467355 0.811298 -0.622663
v -0.458597 0.796156 -0.648224
v -0.507215 0.877304 -0.616169
v -0.439368 0.848898 -0.659522
v -0.443270 0.850474 -0.654816
v -0.509716 0.879488 -0.608136
v -0.800502 1.183625 -0.602001
v -0.775556 1.215707 -0.652442
v -0.894044 1.337053 -0.655670
v -0.408448 0.867345 -0.715501
v -0.427907 0.856852 -0.698767
v -0.421660 0.862990 -0.686619
v -1.334504 1.564511 -0.601748
v -1.333339 1.550894 -0.617125
v -1.334365 1.556380 -0.618912
v -1.316349 1.569190 -0.602434
v -0.392422 0.852755 -0.684199
v -1.313347 1.606609 -0.774936
v -1.290563 1.663264 -0.785562
v -1.319944 1.587214 -0.760042
v -1.321071 1.583624 -0.764230
v -1.337873 1.548236 -0.708019
v -0.380659 0.878740 -0.654091
v -0.392111 0.873405 -0.700572
v -1.261575 1.728238 -0.695502
v -1.262139 1.726982 -0.716791
v -1.271789 1.702368 -0.756180
v -1.280827 1.684547 -0.769327
v -1.271553 1.697597 -0.752012
v -0.418373 0.848659 -0.593474
v -0.414415 0.868381 -0.613147
v -0.422951 0.854064 -0.585567
v -0.414716 0.868540 -0.613167
v -1.264551 1.718794 -0.611890
v -1.267222 1.712929 -0.589683
v -0.451300 0.799704 -0.590520
v -0.502652 0.764980 -0.617617
v -1.322689 1.578973 -0.518625
v -1.296013 1.649124 -0.514046
v -1.287999 1.660778 -0.540621
v -1.295174 1.643860 -0.532123
v -1.366195 1.473549 -0.548717
v -1.385836 1.427200 -0.584402
v -0.513562 0.763210 -0.624919
v -0.506004 0.772640 -0.605889
v -1.385211 1.426102 -0.622087
v -1.386064 1.427664 -0.591685
v -0.461981 0.808475 -0.770909
v -0.512680 0.882044 -0.743711
v -0.421839 0.865698 -0.816948
v -0.418518 0.861300 -0.815890
v -0.465318 0.810292 -0.772507
v -1.366247 1.467272 -0.796953
v -1.341426 1.531533 -0.858319
v -1.333973 1.547670 -0.877279
v -1.330597 1.550342 -0.868511
v -1.369865 1.460374 -0.778455
v -0.372355 0.886692 -0.801842
v -0.356231 0.924245 -0.778032
v -1.293004 1.646136 -0.899937
v -1.246927 1.757709 -0.847144
v -1.272613 1.701053 -0.894088
v -0.357840 0.930171 -0.752085
v -0.354124 0.917401 -0.774807
v -0.831299 1.421978 -0.755249
v -0.358535 0.928991 -0.751580
v -1.241125 1.761827 -0.831524
v -0.328433 0.931505 -0.667495
v -1.225769 1.807184 -0.631413
v -1.232707 1.787136 -0.801750
v -1.241862 1.765404 -0.834028
v -1.224911 1.813922 -0.659440
v -0.358196 0.903294 -0.534310
v -0.400928 0.862884 -0.484377
v -0.402203 0.867434 -0.511386
v -1.248799 1.752183 -0.478716
v -1.244483 1.764834 -0.487888
v -0.404921 0.865929 -0.478692
v -0.401052 0.881593 -0.502829
v -1.375071 1.454246 -0.438138
v -1.371058 1.443234 -0.446615
v -1.275224 1.689082 -0.420893
v -0.470422 0.794435 -0.667552
v -1.303679 1.612575 -0.656905
v -1.326457 1.571581 -0.602346
v -0.418308 0.833426 -0.749540
v -0.374868 0.883811 -0.655686
v -0.408610 0.855540 -0.595979
v -0.453602 0.801597 -0.583512
v -0.473563 0.775517 -0.550786
v -0.529130 0.714747 -0.608037
v -0.508712 0.738364 -0.756923
v -0.444842 0.806890 -0.842151
v -0.371311 0.889126 -0.849776
v -0.349307 0.919746 -0.780344
v -0.328364 0.940125 -0.666147
v -0.352736 0.914826 -0.540394
v -0.411482 0.853675 -0.479337
v -0.498703 0.752737 -0.462208
v -0.494982 0.767412 -0.504760
v -0.894273 1.337862 -0.656146
v -0.994008 1.365062 -0.599500
v -0.991618 1.322356 -0.689235
v -0.894528 1.335811 -0.668309
v -0.928438 1.360730 -0.668167
v -0.925584 1.367948 -0.656392
v -0.835219 1.432420 -0.580470
v -0.832950 1.443122 -0.711635
v -1.256894 1.724807 -0.716795
v -0.928084 1.433824 -0.703817
v -0.937804 1.442428 -0.642961
v -0.972644 1.406585 -0.597247
v -0.957965 1.245766 -0.626355
v -0.970915 1.239632 -0.620971
v -0.947827 1.298743 -0.786304
v -1.136406 1.482707 -0.767012
v -1.138843 1.476432 -0.765311
v -1.228190 1.786706 -0.802631
v -0.865783 1.456099 -0.756040
v -0.903819 1.506475 -0.575578
v -0.906767 1.410640 -0.489915
v -0.900164 1.403701 -0.493412
v -0.950826 1.307636 -0.784549
v -0.660498 1.015573 -0.731146
v -0.838346 1.152933 -0.736560
v -0.838732 1.152613 -0.737127
v -0.529021 0.867344 -0.762018
v -0.660687 1.015221 -0.724785
v -0.856075 1.127082 -0.641537
v -0.856086 1.127090 -0.641680
v -0.974324 1.408351 -0.592620
v -0.965584 1.236112 -0.628983
v -0.778904 1.221938 -0.640320
v -0.784597 1.214017 -0.634537
v -0.907703 1.413099 -0.706681
v -0.625086 1.058457 -0.693813
v -0.773702 1.225696 -0.672297
v -0.611959 1.071413 -0.681763
v -0.772117 1.227338 -0.679297
v -0.900693 1.328323 -0.669576
v -0.775590 1.215658 -0.652338
v -0.800556 1.183571 -0.602079
v -1.054667 1.241400 -0.454873
v -1.029625 1.248612 -0.517022
v -0.969439 1.347172 -0.598909
v -0.968561 1.317708 -0.616454
v -0.965054 1.317558 -0.617190
v -0.957950 1.353706 -0.756045
v -0.966429 1.361108 -0.755524
v -0.988917 1.452565 -0.531638
v -0.969868 1.488221 -0.557450
v -0.987970 1.453174 -0.527247
v -0.737600 1.269894 -0.562093
v -0.721270 1.291850 -0.593895
v -1.032012 1.214021 -0.592711
v -1.028657 1.358127 -0.858571
v -1.025886 1.357278 -0.857293
v -0.829771 1.177528 -0.847521
v -0.918439 1.606250 -0.757704
v -0.935647 1.581992 -0.790692
v -0.924382 1.594609 -0.807504
v -0.925016 1.596786 -0.755001
v -0.676769 1.364723 -0.750198
v -0.801791 1.506436 -0.755491
v -0.818466 1.470347 -0.495042
v -0.958744 1.522732 -0.446997
v -0.722075 1.300895 -0.456680
v -0.694997 1.334639 -0.505664
v -0.973692 1.497170 -0.428736
v -0.972767 1.497959 -0.425955
v -0.961574 1.519028 -0.447323
v 0.613047 -0.758815 -0.298536
v 0.142401 0.897893 -0.312451
v -0.584142 0.717630 -0.379493
v -0.228631 -1.044604 -0.369434
v 0.635220 -0.799373 -0.717745
v 0.153511 1.388384 -0.672558
v 0.150703 0.901008 -0.311268
v 0.612260 -0.768536 -0.304574
v 0.162964 1.395863 -0.656079
v -0.565374 1.217881 -0.720028
v -0.584675 0.724002 -0.398242
v 0.143606 0.901441 -0.335098
v -0.216526 -1.046655 -0.371223
v -0.583185 0.714779 -0.383436
v -0.545709 1.214516 -0.735161
v -0.203415 -1.083494 -0.785350
v -0.203794 -1.083215 -0.786892
v -0.546829 1.209665 -0.728894
v 0.152066 1.383254 -0.664063
v 0.635293 -0.797970 -0.719018
v -0.220760 -1.033638 -0.373525
v -0.217517 -1.042022 -0.358635
v -0.583364 0.714419 -0.392972
v -0.202943 -1.084717 -0.786615
v -0.545833 1.187329 -0.724704
v 0.606875 -0.758385 -0.303033
v 0.145723 0.895588 -0.325219
v 0.634210 -0.799111 -0.719280
v 0.160691 1.362895 -0.659046
v -0.939368 0.929818 -0.630374
v -0.964327 0.952369 -0.552225
v -0.943654 0.933582 -0.624274
v -0.964284 0.934454 -0.660881
v -0.964365 0.951676 -0.551925
v -0.960575 0.903173 -0.467257
v -0.931309 0.870205 -0.473395
v -0.929052 0.876859 -0.477911
v -0.938843 0.825515 -0.458167
v -0.923678 0.733649 -0.486698
v -0.938549 0.822645 -0.453465
v -0.900727 0.728102 -0.541711
v -0.899896 0.727209 -0.531865
v -0.914565 0.696939 -0.610015
v -0.927819 0.730406 -0.488693
v -0.913423 0.699291 -0.552404
v -0.914804 0.785489 -0.688843
v -0.910215 0.780168 -0.684329
v -0.944971 0.853010 -0.711238
v -0.945193 0.853276 -0.710562
v -0.957600 0.843565 -0.611837
v -0.924410 0.724730 -0.682366
v -0.951629 0.795115 -0.609868
v -1.208306 0.806308 -0.601738
v -1.179892 0.815978 -0.591552
v -1.264130 0.966286 -0.600686
v -1.224814 0.974498 -0.599138
v -0.962061 0.854520 -0.594983
v -0.962760 0.851336 -0.551624
v -0.959154 0.835231 -0.548570
v -0.958789 0.834380 -0.546162
v -0.950150 0.788642 -0.558318
v -0.950554 0.788235 -0.566346
v -0.949171 0.788023 -0.567759
v -0.953276 0.807779 -0.612671
v -0.953481 0.808817 -0.610367
v -0.959126 0.853454 -0.596217
v -1.260698 0.970055 -0.595306
v -1.265060 0.969338 -0.562208
v -1.267979 0.966481 -0.569023
v -1.262219 0.968159 -0.560395
v -1.268453 0.965450 -0.591111
v -1.213644 0.799409 -0.566357
v -1.193786 0.827299 -0.556536
v -1.180761 0.811121 -0.558600
v -1.234649 0.971413 -0.561680
v -1.231165 0.971086 -0.549419
v -1.182693 0.792600 -0.585543
v -1.213521 0.799821 -0.564985
v -1.226190 0.974195 -0.599126
v -1.177192 0.820920 -0.596308
v -1.214905 0.977372 -0.579099
v -1.224099 1.019354 -0.544667
v -1.215826 0.976126 -0.580020
v -1.237245 0.973668 -0.605788
v -1.219469 0.969886 -0.554427
v -1.221995 1.020045 -0.604525
v -1.276106 1.010134 -0.608160
v -1.219012 0.985081 -0.567468
v -1.220059 0.993797 -0.594362
v -1.212315 0.983058 -0.549155
v -1.231291 0.989807 -0.597824
v -1.217978 0.980139 -0.554150
v -1.211199 0.982382 -0.565375
v -1.268639 0.987577 -0.595786
v -1.250100 0.991406 -0.602956
v -1.226389 1.015219 -0.602550
v -1.271108 0.974295 -0.567458
v -1.273192 0.979854 -0.604511
v -1.265831 0.970255 -0.557293
v -1.273138 0.981147 -0.569653
v -1.272154 0.971184 -0.551296
v -1.276399 0.969995 -0.610327
v -1.261578 0.983635 -0.561659
v -1.269749 1.002678 -0.561146
v -1.282481 1.008172 -0.609806
v -1.231228 1.010529 -0.598337
v -1.237458 1.003983 -0.556290
v -1.229569 0.991163 -0.602463
v -1.241898 0.991809 -0.607041
v -1.232966 1.003200 -0.555192
v -1.282674 1.004002 -0.546479
v -1.231558 0.980356 -0.549628
v -1.284853 0.998769 -0.565734
v -1.215988 1.020181 -0.595320
v -1.180007 0.805125 -0.588772
v -1.147785 0.802444 -0.557139
v -1.148616 0.779797 -0.609667
v -1.195207 0.772134 -0.572080
v -1.172013 0.765386 -0.568990
v -1.148898 0.802088 -0.558023
v -1.188189 0.792248 -0.602351
v -1.167190 0.782903 -0.604667
v -1.203885 0.808744 -0.598010
v -0.658808 0.955300 -0.991785
v -0.655373 1.248431 -1.121429
v -0.722844 1.162817 -1.096571
v -0.658845 0.918508 -1.022073
v -0.384238 0.918683 -1.026200
v -0.377536 0.770559 -1.015938
v -0.951619 1.531983 -2.325386
v -0.884181 1.517707 -2.310549
v -0.389586 0.819990 -0.977953
v -0.648726 0.772806 -0.966276
v -0.651705 0.770544 -1.011961
v -0.651648 0.770363 -1.012553
v -0.649320 0.741701 -0.987423
v -0.381484 0.956577 -0.995112
v -0.890830 1.211624 -2.519310
v -0.579312 1.209217 -1.103664
v -0.536422 1.246258 -1.126230
v -0.427695 1.110582 -1.110025
v -0.667911 0.952118 -1.014380
v -0.783326 1.289819 -1.216115
v -0.886695 1.666570 -1.943470
v -0.925033 1.629522 -2.123429
v -0.947080 1.631197 -2.125549
v -0.966942 1.564577 -2.278749
v -0.912473 1.670213 -1.944127
v -0.957383 1.236717 -2.565709
v -0.964189 0.689579 -2.657809
v -0.984294 0.723299 -2.657333
v -0.965314 0.534385 -2.670797
v -0.499547 1.306062 -1.219079
v -0.892028 1.471445 -1.394856
v -0.578230 1.460955 -1.377557
v -0.936123 -0.027434 -2.521000
v -0.890371 -0.018021 -2.520303
v -0.941894 -0.063271 -2.525748
v -0.970867 -0.013767 -2.551913
v -0.890334 -0.025824 -2.523086
v -1.111052 1.622730 -1.952106
v -0.988885 1.587483 -1.616573
v -0.729398 1.604687 -1.684513
v -1.175666 1.367017 -2.427334
v -1.184314 1.491966 -2.307225
v -0.843129 1.545189 -1.404555
v -0.833425 1.555350 -1.436389
v -0.759491 1.457246 -1.297852
v -0.909363 1.627909 -1.597769
v -0.987722 1.606517 -1.577570
v -1.061202 1.680798 -1.948751
v -1.118654 1.647624 -1.952319
v -0.665811 1.520814 -1.375903
v -0.773653 1.626223 -1.597993
v -0.720749 1.555905 -1.435729
v -0.796629 1.629168 -1.597287
v -0.643875 1.454438 -1.293496
v -0.818096 1.622271 -1.940321
v -1.178649 1.146075 -2.537395
v -0.830189 1.614716 -1.940701
v -1.116622 1.623220 -1.953853
v -1.156704 1.583126 -2.121586
v -1.103626 -0.025082 -2.517508
v -1.160509 -0.019484 -2.520184
v -0.879181 1.663291 -1.942399
v -0.827651 1.679519 -1.766247
v -0.764205 1.647487 -1.713142
v -0.833230 1.656626 -1.940124
v -0.648647 0.772680 -0.966613
v -0.647356 0.743673 -0.988540
v -0.639550 1.257140 -1.123267
v -1.101284 0.001407 -2.560232
v -1.181606 0.610928 -2.607781
v -1.132347 0.452596 -2.635502
v -1.082592 -0.002513 -2.561274
v -1.101314 0.536602 -2.655061
v -0.969111 -0.428845 -2.303145
v -0.936751 -0.422037 -2.285634
v -0.512087 1.394947 -1.248922
v -0.845878 -0.823859 -1.897765
v -0.844998 -0.818067 -1.894741
v -1.060097 -0.437019 -2.303777
v -1.090663 -0.444940 -2.320552
v -0.933570 -0.508671 -2.266504
v -1.090461 -0.426245 -2.294617
v -0.959838 -0.919607 -1.814564
v -0.719575 -1.243919 -1.291383
v -0.628090 -1.165921 -1.449229
v -1.004052 -0.823300 -1.893218
v -1.001712 -0.859035 -1.923458
v -0.948730 -0.903471 -1.831922
v -0.983920 -0.871434 -1.927593
v -0.854816 -0.867640 -1.900017
v -0.852796 -0.876448 -1.920430
v -0.999472 -0.873573 -1.914966
v -1.000551 -0.822741 -1.893126
v -0.649468 -1.158281 -1.428129
v -0.564693 -1.243867 -1.237263
v -0.618634 -1.149087 -1.424828
v -0.558792 -1.256995 -1.251376
v -0.548251 -1.220952 -1.243673
v -0.505462 -1.243764 -1.143352
v -0.518861 -1.250176 -1.118810
v -0.778841 -1.140750 -1.415591
v -0.744542 -1.165178 -1.414411
v -0.622701 -1.251291 -1.105856
v -0.653679 -1.270693 -1.120030
v -0.611038 -1.194598 -0.957480
v -0.611482 -1.192314 -0.956618
v -0.666903 -1.245360 -1.230129
v -0.656266 -1.270294 -1.120715
v -0.497832 -1.281942 -1.145977
v -0.656809 -1.249034 -1.129480
v -0.526377 -1.233463 -1.146772
v -0.454499 -1.190752 -0.961766
v -0.496723 -1.274806 -1.141848
v -0.656511 -1.239693 -1.127102
v -0.615786 -1.179475 -0.980252
v -0.457586 -1.183414 -0.990845
v -0.459079 -1.182217 -0.994614
v -0.480889 -0.915574 -0.976545
v -0.503889 -0.917015 -0.974980
v -0.594227 -0.904589 -0.976575
v -0.616158 -0.981698 -0.952569
v -0.578992 -0.917305 -0.973672
v -0.481433 -0.982419 -0.992758
v -0.536699 -0.981366 -0.948120
v -0.631335 0.747808 -0.987376
v -0.651971 0.956967 -0.989996
v -0.653971 0.952539 -1.014166
v -0.395847 0.747190 -0.991764
v -0.383541 0.957597 -0.992890
v -0.381705 0.772801 -0.979893
v -0.469525 1.294631 -1.184109
v -0.424788 1.099556 -1.100970
v -0.772733 1.280706 -1.201707
v -0.803159 1.367718 -1.232411
v -0.818743 1.392761 -1.257228
v -0.881636 1.471349 -1.383563
v -0.508670 1.303604 -1.218451
v -0.582006 1.425231 -1.311262
v -0.641915 1.536181 -1.443232
v -0.664540 1.557932 -1.529101
v -0.797565 1.630027 -1.765541
v -0.845888 1.637256 -1.941555
v -0.961515 1.578355 -1.524630
v -1.032770 1.642435 -1.780469
v -1.093968 1.636197 -1.953551
v -0.882342 1.603300 -2.106313
v -0.863666 1.590857 -2.107985
v -0.878946 1.496802 -2.290089
v -0.883067 1.501472 -2.293689
v -0.883573 1.518502 -2.308995
v -1.124918 1.596645 -2.117021
v -1.162048 1.549863 -2.283031
v -1.178900 1.499636 -2.309598
v -0.901829 0.577080 -2.656043
v -0.919878 0.609554 -2.623336
v -0.890734 0.610771 -2.611228
v -0.891403 1.314666 -2.484484
v -0.893391 1.301223 -2.465709
v -0.895662 1.147552 -2.541865
v -1.185902 1.313915 -2.496163
v -1.188243 1.228401 -2.555521
v -1.172071 0.909730 -2.609414
v -1.179596 0.573424 -2.645298
v -0.877903 -0.022818 -2.497235
v -1.159504 -0.016259 -2.528672
v -1.155483 -0.023786 -2.510541
v -0.949161 0.452571 -2.636047
v -0.959998 0.452229 -2.639839
v -0.904199 0.453491 -2.628036
v -0.904383 0.453284 -2.629151
v -0.640241 1.525929 -1.448014
v -1.118725 1.215443 -2.580435
v -0.659085 0.918607 -1.021874
v -1.181888 0.609645 -2.607797
v -0.390255 0.774829 -0.993876
v -0.378289 0.737665 -0.991172
v -0.855810 1.614145 -2.114275
v -0.824651 1.652272 -1.938211
v -0.963113 -0.021376 -2.501663
v -1.063582 1.662382 -1.950428
v -1.098829 1.641242 -2.135974
v -1.113340 1.667783 -1.954309
v -1.112768 1.532021 -2.336091
v -1.167485 1.547136 -2.279201
v -0.908038 0.756802 -2.646786
v -0.898557 1.193110 -2.559506
v -1.131585 0.607902 -2.664725
v -1.179593 0.451933 -2.645098
v -1.177713 0.908046 -2.600647
v -0.384303 0.932318 -1.024268
v -0.383335 0.919008 -1.023930
v -0.380024 0.743743 -0.991598
v -0.401400 0.772556 -0.968900
v -0.379118 0.770712 -1.015535
v -0.389114 0.820112 -0.972992
v -0.486450 -0.921543 -0.980261
v -0.597097 -0.913241 -0.971710
v -0.616446 -0.981645 -0.951566
v -0.536699 -0.981366 -0.948120
v -0.537796 -0.925747 -0.950687
v -0.486801 -0.926031 -0.957389
v -0.537796 -0.925747 -0.950687
v -0.863006 -0.860156 -1.925474
v -1.002265 -0.853937 -1.909101
v -0.861369 -0.846014 -1.927732
v -1.004556 -0.846563 -1.919878
v -0.844295 -0.848081 -1.918703
v -0.827348 -0.809713 -1.925387
v -1.048299 -0.733852 -2.046750
v -1.045409 -0.731987 -2.060074
v -1.058324 -0.730887 -2.056656
v -1.046314 -0.711917 -2.019486
v -0.881368 -0.703590 -2.031314
v -1.042403 -0.707761 -2.034288
v -0.885305 -0.721904 -2.020640
v -1.048802 -0.700383 -2.028527
v -0.853882 -0.885400 -1.908328
v -0.852047 -0.970939 -1.899162
v -0.997817 -0.865519 -1.903642
v -0.975691 -0.875185 -1.894568
v -0.998924 -0.872436 -1.911142
v -0.851691 -0.878775 -1.907700
v -0.847963 -0.882553 -1.896087
v -0.973676 -0.872350 -1.909401
v -0.872907 -0.971192 -1.911851
v -0.873871 -1.013625 -1.878489
v -1.001278 -0.966422 -1.891720
v -1.000276 -1.012000 -1.881907
v -0.999753 -0.966729 -1.890840
v -0.855970 -1.163492 -1.903668
v -1.002016 -1.165645 -1.902497
v -0.853703 -0.971006 -1.898044
v -0.857662 -0.967274 -1.884956
v -0.873871 -1.013625 -1.878489
v -0.885592 -1.205007 -1.926457
v -0.862867 -1.208794 -1.919608
v -1.002452 -1.011902 -1.881298
v -0.987642 -1.199741 -1.929168
v -0.972669 -1.197549 -1.924634
v -0.884544 -1.205948 -1.929263
v -0.974736 -1.204482 -1.926305
v -0.943409 -0.602136 -2.163385
v -0.916623 -0.720885 -2.034792
v -1.034948 -0.607301 -2.163220
v -0.880445 -0.725231 -2.055485
v -1.019326 -0.803201 -1.880360
v -0.866821 -0.789772 -1.878415
v -0.814222 -0.796952 -1.891664
v -1.034149 -0.806946 -1.879695
v -1.033511 -0.810746 -1.881508
v -0.855077 -0.705110 -2.021536
v -0.899710 -0.689640 -1.999123
v -0.849483 -0.694079 -2.019007
v -0.850251 -0.695791 -2.022419
v -1.019506 -0.755458 -2.073648
v -0.865426 -0.732961 -2.068893
v -0.851953 -0.742359 -2.060261
v -1.069516 -0.746425 -2.054407
v -0.998677 -0.811521 -1.902379
v -0.849952 -0.819251 -1.899954
v -1.072248 -0.692490 -2.003820
v -1.040293 -0.859253 -1.924443
v -0.819959 -0.851595 -1.933989
v -1.069144 -0.743212 -2.050921
v -1.031063 -0.852425 -1.918203
v -0.815703 -0.804946 -1.896012
v -0.819924 -0.847886 -1.931312
v -1.056504 -0.711452 -2.004556
v -0.872785 -0.871624 -1.939935
v -1.027154 -0.836977 -1.932577
v -1.082742 -0.023015 -2.523677
v -1.107252 -0.045316 -2.520808
v -0.940212 -0.041459 -2.524730
v -0.945514 -0.035925 -2.501345
v -0.947712 -0.037999 -2.497138
v -1.153751 -0.018621 -2.535356
v -0.894659 -0.023756 -2.505566
v -1.103643 -0.038078 -2.507296
v -1.082644 -0.025337 -2.563459
v -1.079524 -0.018916 -2.560565
v -0.972186 -0.020083 -2.564246
v -0.568280 1.254803 -1.159006
v -0.582525 1.228658 -1.093052
v -0.640951 1.258571 -1.132897
v -0.907287 0.610668 -2.599629
v -0.911528 0.456497 -2.598464
v -0.897882 0.456604 -2.596832
v -1.131825 0.452720 -2.634857
v -1.176926 0.453375 -2.628231
v -1.162872 -0.021827 -2.501964
v -0.935437 -0.003114 -2.547093
v -0.937354 -0.002831 -2.545102
v -0.950152 -0.007438 -2.565002
v -0.971982 -0.021483 -2.569063
v -0.948870 -0.007093 -2.570220
v -1.096470 1.325585 -2.512854
v -1.101562 1.163616 -2.592047
v -0.669723 1.537540 -1.366462
v -0.819955 1.678531 -1.695927
v -1.085642 1.563275 -2.286381
v -1.065325 1.630836 -2.129858
v -1.029437 1.669513 -1.947539
v -1.053910 1.698467 -1.956040
v -1.109048 1.546104 -2.349307
v -1.120967 0.448206 -2.681848
v -1.117568 0.450237 -2.658511
v -1.098415 0.785956 -2.648204
v -1.115477 1.235856 -2.589756
v -0.897761 1.699634 -1.948308
v -0.953740 1.547584 -2.335580
v -0.553448 1.251826 -1.119259
v -0.540338 1.267843 -1.119883
v -0.967218 0.690217 -2.677650
v -0.980792 1.166072 -2.586691
v -0.960972 1.256486 -2.575916
v -0.835096 1.661205 -1.765837
v -0.861618 1.668833 -1.766227
v -1.091110 1.623074 -2.130766
v -0.976696 1.667937 -1.769370
v -0.945513 0.451721 -2.642023
v -0.978916 1.328579 -2.506181
v -0.975441 1.483466 -2.382116
v -1.127049 0.606763 -2.659819
v -1.093642 1.482714 -2.388898
v -0.811985 1.520339 -1.342706
v -1.058874 1.712110 -1.952433
v -0.660078 1.272276 -1.111036
v -0.893634 1.685650 -1.944685
v -0.963314 0.450359 -2.658087
v -0.963046 0.450048 -2.660559
v -0.582536 1.228826 -1.093403
v -0.896152 -0.027190 -2.526104
v -1.171392 1.366615 -2.428105
v -0.914999 1.189108 -2.553883
v -1.160129 1.152582 -2.564059
v -1.186297 0.604638 -2.604862
v -1.068932 -0.702492 -2.013510
v -0.858607 -0.737018 -2.057906
v -0.618102 -0.929332 -0.979746
v -0.471638 -0.980987 -0.958886
v -0.979960 1.587015 -1.619222
v -0.715560 1.615614 -1.599758
v -0.773891 1.653827 -1.767707
v -0.619418 -1.182052 -0.978592
v -0.457090 -1.190593 -0.967735
v -0.840858 -0.856497 -1.900102
v -0.829559 -0.852375 -1.920566
v 0.723999 1.195578 -1.127833
v 0.655350 1.248432 -1.121429
v 0.377511 0.770559 -1.015938
v 0.384133 0.918467 -1.026903
v 0.900224 1.290541 -2.495240
v 0.951596 1.531981 -2.325386
v 0.888046 1.456758 -2.374914
v 0.870894 1.585251 -2.200304
v 0.648701 0.772806 -0.966276
v 0.651681 0.770544 -1.011961
v 0.651624 0.770363 -1.012553
v 0.649295 0.741701 -0.987423
v 0.372138 0.928787 -0.985677
v 0.888405 1.295572 -2.462828
v 0.893959 1.151672 -2.541744
v 0.633298 0.918297 -1.023759
v 0.641056 0.873494 -0.994884
v 0.662322 0.955634 -1.009465
v 0.643139 0.871659 -1.018600
v 0.579286 1.209217 -1.103664
v 0.536397 1.246258 -1.126230
v 1.170895 1.523716 -2.272962
v 0.886670 1.666570 -1.943470
v 0.925008 1.629522 -2.123428
v 0.912449 1.670213 -1.944127
v 0.947054 1.631199 -2.125536
v 0.966918 1.564569 -2.278762
v 0.957928 1.235929 -2.565146
v 0.955002 0.608720 -2.676642
v 0.985088 0.789058 -2.649720
v 0.965289 0.534379 -2.670797
v 0.954038 0.606809 -2.657989
v 0.818251 1.396209 -1.283144
v 0.936098 -0.027434 -2.521000
v 0.890351 -0.018023 -2.520305
v 0.890311 -0.025803 -2.523081
v 0.941870 -0.063272 -2.525748
v 0.949075 -0.002861 -2.552561
v 1.041214 1.619050 -1.948824
v 1.110814 1.624114 -1.951877
v 0.988207 1.587459 -1.616711
v 0.631421 0.919553 -1.015411
v 0.493067 1.304427 -1.221349
v 1.174417 1.450177 -2.359391
v 0.967855 1.653614 -1.678075
v 0.813429 1.502479 -1.352303
v 0.909344 1.627913 -1.597782
v 0.833400 1.555348 -1.436388
v 0.759468 1.457246 -1.297853
v 0.958348 1.575389 -1.511940
v 1.056526 1.638482 -1.782148
v 1.108600 1.655189 -1.951883
v 1.053735 1.668811 -1.950233
v 0.713238 1.579470 -1.461860
v 0.643848 1.454433 -1.293492
v 0.720724 1.555904 -1.435730
v 0.796605 1.629169 -1.597293
v 0.962161 1.629827 -1.900652
v 0.901655 1.619800 -1.942907
v 0.901655 1.619800 -1.942907
v 0.958197 1.624975 -1.915596
v 1.041277 1.613946 -2.002195
v 0.980786 1.627621 -1.957680
v 1.041223 1.614321 -2.002150
v 0.657678 0.966307 -0.982438
v 1.114803 -0.029621 -2.525502
v 1.157735 -0.016331 -2.530735
v 1.091736 -0.022609 -2.504533
v 0.879157 1.663291 -1.942399
v 0.833205 1.656626 -1.940124
v 0.764182 1.647487 -1.713145
v 0.827627 1.679518 -1.766247
v 0.579440 1.461724 -1.375351
v 0.648622 0.772680 -0.966613
v 0.647331 0.743674 -0.988540
v 0.639528 1.257138 -1.123265
v 1.097566 0.659930 -2.596247
v 1.178221 1.200454 -2.530388
v 1.082581 -0.002013 -2.561364
v 1.101294 0.536588 -2.655062
v 1.125326 0.606673 -2.661813
v 0.945489 -0.035926 -2.501345
v 0.969086 -0.428852 -2.303140
v 0.936727 -0.422043 -2.285630
v 0.948098 -0.038151 -2.499434
v 1.102939 -0.038247 -2.509882
v 0.729457 1.605297 -1.680706
v 0.818842 1.623280 -1.940473
v 0.507479 1.390911 -1.243072
v 0.845854 -0.823860 -1.897765
v 0.844973 -0.818067 -1.894741
v 1.060070 -0.437020 -2.303777
v 1.090639 -0.444939 -2.320553
v 1.106305 -0.057110 -2.530681
v 0.933545 -0.508676 -2.266501
v 1.090437 -0.426246 -2.294615
v 0.959834 -0.919637 -1.814590
v 0.719338 -1.244155 -1.290904
v 0.627618 -1.166555 -1.448470
v 0.998229 -0.865703 -1.903477
v 1.004026 -0.823300 -1.893219
v 0.948695 -0.903456 -1.831942
v 1.001928 -0.859510 -1.923722
v 0.990515 -0.856899 -1.920100
v 0.993891 -0.873431 -1.912446
v 0.860982 -0.876628 -1.919510
v 0.864984 -0.859519 -1.925442
v 1.000526 -0.822742 -1.893126
v 0.649394 -1.158337 -1.428044
v 0.564679 -1.243723 -1.237373
v 0.518885 -1.250085 -1.118859
v 0.563133 -1.217656 -1.306463
v 0.500625 -1.233423 -1.148216
v 0.778775 -1.140809 -1.415500
v 0.744473 -1.165253 -1.414291
v 0.621319 -1.251291 -1.104083
v 0.611853 -1.190799 -0.955532
v 0.654360 -1.273202 -1.118694
v 0.666856 -1.245490 -1.229734
v 0.656301 -1.270169 -1.120386
v 0.497618 -1.282002 -1.144140
v 0.655796 -1.251042 -1.128858
v 0.456072 -1.199059 -0.959639
v 0.613219 -1.197231 -0.958695
v 0.499490 -1.268193 -1.141211
v 0.500095 -1.243561 -1.146162
v 0.615991 -1.187898 -0.985461
v 0.657575 -1.236494 -1.127388
v 0.458367 -1.189537 -0.957299
v 0.456674 -1.183059 -0.980788
v 0.503592 -0.916026 -0.974065
v 0.465008 -0.929202 -0.988815
v 0.459374 -1.184773 -0.986294
v 0.597948 -0.909138 -0.977190
v 0.489399 -0.907361 -0.976991
v 0.599963 -0.979076 -0.953896
v 0.578650 -0.916177 -0.977138
v 0.615784 -1.070115 -0.950627
v 0.616583 -1.070355 -0.948178
v 0.458281 -1.070402 -0.950778
v 0.459071 -1.070113 -0.952940
v 0.598574 -1.067457 -0.948878
v 0.631310 0.747809 -0.987378
v 0.653483 0.952523 -1.014009
v 0.659686 0.953328 -0.976955
v 0.384792 0.764116 -0.981468
v 0.376678 0.930687 -0.984179
v 0.469502 1.294635 -1.184112
v 0.386409 0.957518 -1.031240
v 0.503416 1.303762 -1.219611
v 0.772713 1.280707 -1.201708
v 0.820811 1.397066 -1.263877
v 0.714655 1.199250 -1.121936
v 0.818714 1.392758 -1.257229
v 0.581981 1.425231 -1.311262
v 0.797541 1.630025 -1.765542
v 0.664520 1.557932 -1.529101
v 0.845865 1.637256 -1.941555
v 0.961477 1.578355 -1.524633
v 1.039752 1.635171 -1.782379
v 1.133128 1.650052 -2.039912
v 0.882318 1.603299 -2.106313
v 0.883036 1.501473 -2.293687
v 0.863650 1.590839 -2.107973
v 0.880087 1.497555 -2.291418
v 1.147243 1.530837 -2.275030
v 0.898024 0.783761 -2.603609
v 0.895355 0.530304 -2.609153
v 0.894567 0.610386 -2.611241
v 0.893368 1.301222 -2.465710
v 0.895618 1.147553 -2.541862
v 1.188922 1.258036 -2.533734
v 1.188509 1.209636 -2.566865
v 1.173276 0.759829 -2.626205
v 1.188158 1.037089 -2.594921
v 1.178861 0.758558 -2.617311
v 0.877822 -0.022782 -2.497148
v 1.166093 -0.041867 -2.532534
v 1.171521 -0.035533 -2.536230
v 0.949137 0.452594 -2.636051
v 0.904358 0.453305 -2.629155
v 0.906705 0.452158 -2.645276
v 0.949097 0.452768 -2.634993
v 0.640217 1.525928 -1.448014
v 1.120420 1.232751 -2.573106
v 1.175503 0.383390 -2.574214
v 1.180591 0.610390 -2.598836
v 1.113589 0.611605 -2.600192
v 0.365191 0.772955 -0.979039
v 0.378265 0.737665 -0.991172
v 0.891669 1.471969 -1.394853
v 0.824623 1.652276 -1.938212
v 0.963087 -0.021360 -2.501682
v 1.055121 1.675950 -1.952029
v 1.113966 1.671492 -1.955372
v 1.167460 1.547136 -2.279201
v 1.112742 1.532021 -2.336088
v 0.374647 0.772841 -0.969767
v 1.153454 1.587365 -2.121520
v 1.115454 1.619424 -1.954098
v 1.041214 1.619050 -1.948824
v 0.975582 0.611616 -2.601413
v 0.830312 1.615195 -1.940753
v 0.904218 1.130898 -2.580522
v 1.122614 0.607683 -2.658954
v 1.180000 0.607926 -2.641435
v 0.382490 0.919977 -1.018413
v 0.379999 0.743744 -0.991598
v 0.379093 0.770712 -1.015535
v 0.479759 -0.914016 -0.978791
v 0.601803 -0.914844 -0.976416
v 0.861343 -0.846014 -1.927732
v 1.004531 -0.846562 -1.919879
v 0.844270 -0.848081 -1.918703
v 1.048045 -0.710029 -2.033419
v 1.047884 -0.734253 -2.046254
v 1.042891 -0.726693 -2.033839
v 1.045385 -0.731987 -2.060074
v 0.881343 -0.703590 -2.031314
v 0.885279 -0.721900 -2.020641
v 1.042377 -0.707760 -2.034288
v 0.847295 -0.877935 -1.899278
v 0.973396 -0.878861 -1.899435
v 1.001344 -0.873760 -1.908405
v 0.882298 -0.867936 -1.898147
v 0.855320 -0.867642 -1.899075
v 0.851373 -0.878463 -1.907461
v 0.869601 -0.879356 -1.894019
v 0.972906 -0.874406 -1.901421
v 0.981222 -0.929560 -1.869319
v 0.872719 -1.099306 -1.620388
v 0.695427 -1.170458 -1.579541
v 0.681781 -1.329011 -1.498704
v 0.675726 -1.288102 -1.520923
v 0.702157 -1.333960 -1.492697
v 0.704637 -1.171704 -1.570080
v 0.827817 -1.176702 -1.520181
v 0.703165 -1.177709 -1.581226
v 0.775480 -1.340860 -1.454627
v 0.732680 -1.359887 -1.463637
v 0.766892 -1.339416 -1.430886
v 0.704802 -1.330989 -1.503178
v 0.732680 -1.359887 -1.463637
v 0.687376 -1.328940 -1.482407
v 0.781621 -1.338886 -1.452605
v 0.803076 -1.284374 -1.467165
v 0.771897 -1.338769 -1.455364
v 0.943387 -0.602117 -2.163403
v 0.916597 -0.720884 -2.034791
v 1.034921 -0.607302 -2.163221
v 0.880421 -0.725230 -2.055485
v 1.019303 -0.803201 -1.880361
v 0.866798 -0.789771 -1.878414
v 1.034125 -0.806945 -1.879695
v 0.814198 -0.796952 -1.891664
v 1.033487 -0.810746 -1.881508
v 0.855052 -0.705105 -2.021539
v 0.850226 -0.695791 -2.022419
v 0.849459 -0.694079 -2.019007
v 0.899686 -0.689635 -1.999126
v 1.048953 -0.754206 -2.060897
v 1.069492 -0.746425 -2.054407
v 0.851929 -0.742359 -2.060261
v 0.865403 -0.732960 -2.068898
v 0.998652 -0.811520 -1.902380
v 0.849927 -0.819251 -1.899954
v 1.072223 -0.692491 -2.003821
v 1.040267 -0.859253 -1.924443
v 0.819935 -0.851595 -1.933989
v 1.069118 -0.743212 -2.050920
v 1.031038 -0.852425 -1.918203
v 0.815680 -0.804947 -1.896013
v 0.819902 -0.847886 -1.931312
v 1.056479 -0.711453 -2.004556
v 0.827323 -0.809713 -1.925387
v 0.872760 -0.871628 -1.939934
v 1.027129 -0.836978 -1.932576
v 1.082719 -0.023015 -2.523677
v 0.940187 -0.041459 -2.524730
v 0.960236 0.041491 -2.502414
v 0.894647 -0.023757 -2.505567
v 1.028280 0.012846 -2.498764
v 1.089350 0.051401 -2.503282
v 1.082374 -0.024212 -2.563205
v 0.945768 -0.007728 -2.556459
v 0.972896 -0.020382 -2.566328
v 1.079502 -0.018529 -2.560623
v 0.640927 1.258570 -1.132894
v 0.582501 1.228658 -1.093053
v 0.568252 1.254801 -1.159002
v 0.975582 0.611616 -2.601413
v 1.045401 0.624712 -2.608557
v 0.976577 0.061139 -2.499500
v 0.890310 0.438191 -2.588033
v 0.894884 0.609911 -2.607774
v 1.167121 0.301579 -2.592215
v 1.180191 0.607740 -2.643147
v 1.172828 0.302733 -2.584862
v 1.162870 -0.021830 -2.502187
v 0.935423 -0.002646 -2.547210
v 0.937345 -0.002330 -2.545201
v 0.948863 -0.006585 -2.570318
v 1.113589 0.611605 -2.600192
v 1.180481 0.610714 -2.607609
v 1.153205 1.457889 -2.372030
v 1.101538 1.163625 -2.592044
v 1.096442 1.325576 -2.512859
v 0.951262 -0.001391 -2.563818
v 0.972889 -0.017479 -2.566611
v 0.669697 1.537537 -1.366460
v 0.819929 1.678530 -1.695925
v 1.085615 1.563277 -2.286376
v 1.065298 1.630839 -2.129851
v 1.109022 1.546107 -2.349303
v 1.053885 1.698466 -1.956040
v 1.029416 1.669512 -1.947552
v 1.121941 0.606194 -2.680324
v 1.098387 0.785965 -2.648202
v 1.115453 1.235856 -2.589756
v 0.897738 1.699634 -1.948308
v 0.953715 1.547583 -2.335582
v 1.121789 0.607216 -2.680473
v 0.553423 1.251826 -1.119259
v 0.540313 1.267842 -1.119883
v 0.970203 0.606854 -2.684196
v 0.980768 1.166083 -2.586687
v 0.960948 1.256477 -2.575920
v 0.861593 1.668833 -1.766227
v 0.835072 1.661205 -1.765837
v 0.976668 1.667935 -1.769357
v 0.978891 1.328577 -2.506184
v 0.975414 1.483471 -2.382112
v 1.093616 1.482713 -2.388897
v 0.811961 1.520341 -1.342708
v 1.058850 1.712110 -1.952433
v 0.660052 1.272274 -1.111036
v 0.893610 1.685650 -1.944685
v 1.101258 0.001823 -2.560287
v 0.970549 0.451523 -2.652042
v 0.990171 0.606905 -2.677035
v 0.582512 1.228826 -1.093403
v 0.975711 0.450527 -2.656450
v 0.819947 -1.183543 -1.533377
v 0.814709 -1.175228 -1.528031
v 0.883548 1.518502 -2.308994
v 0.900859 1.136799 -2.583632
v 1.181541 1.213860 -2.517930
v 1.180510 0.607990 -2.610498
v 1.187446 0.562047 -2.647411
v 0.903130 0.574080 -2.654164
v 0.896133 -0.027184 -2.526102
v 1.156887 -0.024433 -2.509522
v 1.068907 -0.702492 -2.013511
v 0.858583 -0.737018 -2.057905
v 1.004794 -0.848644 -1.911743
v 0.376098 0.740218 -1.011055
v 0.379942 0.745578 -1.013374
v 0.903455 1.293764 -2.499242
v 1.136942 1.616628 -2.033943
v 0.979934 1.587015 -1.619221
v 1.060984 1.615207 -1.781644
v 0.881619 1.471348 -1.383563
v 0.641891 1.536181 -1.443232
v 0.715536 1.615614 -1.599758
v 0.773855 1.653842 -1.767710
v 0.606359 -1.068424 -0.983751
v 0.608151 -0.981016 -0.988981
v 0.619875 -1.180595 -0.977739
v 0.840835 -0.856497 -1.900101
v 0.829534 -0.852376 -1.920566
v 0.992855 0.660472 -2.600482
v 1.045617 0.624985 -2.605382
v 1.098227 0.660868 -2.600941
v 0.992670 0.660881 -2.601932
v 1.082825 0.050761 -2.546344
v 1.028435 0.018317 -2.492839
v 1.028714 0.025735 -2.497859
v 0.965800 0.050558 -2.457841
v 0.684442 -1.046159 -1.624548
v 0.732365 -1.032466 -1.768511
v 0.686819 -1.046502 -1.623928
v 0.722995 -0.973171 -1.731201
v 0.723453 -0.973232 -1.731136
v 0.912584 -0.979996 -1.669734
v 0.919464 -1.027169 -1.699588
v 0.919275 -1.027132 -1.699559
v 0.901138 -1.047020 -1.720333
v 0.866566 -1.125592 -1.613940
v 0.883385 -1.100723 -1.592371
v 0.885817 -1.100967 -1.591631
v 0.932799 -0.974059 -1.658647
v 0.930149 -0.974326 -1.659691
v 0.892525 -0.955011 -1.660490
v 0.891527 -1.047899 -1.553446
v 0.891658 -1.047848 -1.553288
v 0.905986 -1.106615 -1.588512
v 0.764376 -0.958821 -1.707826
v 0.884228 -0.955398 -1.664323
v 0.845989 -1.032995 -1.558352
v 0.723293 -1.028299 -1.597491
v 0.873962 -1.125122 -1.611519
v 0.716109 -1.028351 -1.600518
v 0.854488 -1.025663 -1.549847
v 0.772987 -1.050829 -1.767669
v 0.914609 -1.055710 -1.722488
v 0.781581 -1.049869 -1.764684
v 0.909801 -0.980346 -1.670894
v 0.885719 -0.961511 -1.657477
v 0.744082 -1.120479 -1.653684
v 0.752569 -1.026550 -1.757392
v 0.745702 -0.979350 -1.727579
v 0.745860 -0.979447 -1.727519
v 0.707042 -1.052056 -1.620682
v 0.704583 -1.051861 -1.621350
v 0.741590 -1.032906 -1.753576
v 0.728353 -0.986115 -1.724977
v 0.775474 -1.052783 -1.758308
v 0.734988 -1.032254 -1.767388
v 0.918290 -0.983953 -1.658450
v 0.930977 -1.031824 -1.685467
v 0.751309 -0.949345 -1.706830
v 0.896156 -1.097456 -1.596341
v 0.871015 -1.119243 -1.617669
v 0.698957 -1.046157 -1.630136
v 0.706116 -1.092763 -1.661602
v 0.723073 -1.026371 -1.605874
v 0.889930 -1.049013 -1.567553
v 0.903597 -1.106294 -1.589100
v 0.735349 -1.128264 -1.661522
v 0.852167 -1.027169 -1.561359
v 0.783564 -1.025035 -1.571823
v 0.741922 -1.118442 -1.662188
v 0.805232 -1.130933 -1.636561
v 0.904568 -1.053581 -1.713791
v 0.756626 -0.960711 -1.701995
v 0.822540 -0.948763 -1.683479
v 0.844218 -1.054641 -1.748245
v 0.755329 -1.026244 -1.756168
v 0.873535 -1.053234 -1.563349
v 0.873048 -1.053387 -1.563516
v 0.941700 -1.033312 -1.695993
v 0.942135 -1.033420 -1.695862
v 0.716882 -1.099562 -1.649679
v 0.717322 -1.099501 -1.649376
v 0.698734 -1.104995 -1.659669
v 0.698898 -1.104878 -1.659608
v 1.417658 -0.501585 -0.790405
v 1.555907 -0.550556 -0.788181
v 1.423750 -0.586693 -0.335016
v 1.404777 -0.813765 -0.321276
v 1.438841 -0.501544 -0.787404
v 1.423187 -0.598316 -0.790882
v 1.436201 -0.616642 -0.795963
v 1.414819 -0.836227 -0.796201
v 1.400775 -0.829849 -0.795592
v 1.409896 -0.829649 -0.797856
v 1.513789 -0.982780 -0.340278
v 1.553380 -0.726039 -0.332648
v 1.541048 -0.595684 -0.341532
v 1.502331 -1.010919 -0.789030
v 1.421737 -0.586270 -0.796701
v 1.567499 -0.619905 -0.745397
v 1.559947 -0.611973 -0.621257
v 1.567989 -0.600284 -0.561089
v 1.569564 -0.596131 -0.531518
v 1.570762 -0.601607 -0.528107
v 1.589562 -0.595887 -0.502240
v 1.562389 -0.617864 -0.531435
v 1.562510 -0.626184 -0.512147
v 1.566592 -0.617318 -0.560760
v 1.566489 -0.616253 -0.531912
v 1.498786 -1.001416 -0.449617
v 1.560575 -0.598152 -0.498389
v 1.562580 -0.592326 -0.385468
v 1.506117 -0.971766 -0.771496
v 1.549220 -0.788728 -0.783324
v 1.512519 -0.978607 -0.778833
v 1.574972 -0.625281 -0.372638
v 1.537569 -0.631050 -0.608990
v 1.552593 -0.615566 -0.590636
v 1.552973 -0.620664 -0.589034
v 1.554462 -0.615655 -0.560072
v 1.564319 -0.621522 -0.589658
v 1.564423 -0.617710 -0.560806
v 1.565649 -0.633131 -0.609598
v 1.566999 -0.622084 -0.590500
v 1.496887 -1.002935 -0.670141
v 1.498981 -1.005268 -0.788607
v 1.498652 -1.005482 -0.331801
v 1.416420 -0.476438 -0.330166
v 1.414842 -0.507270 -0.555584
v 1.437127 -0.649256 -0.330465
v 1.438082 -0.606273 -0.326815
v 1.429696 -0.596337 -0.797102
v 1.434364 -0.616807 -0.796025
v 1.428267 -0.595786 -0.797681
v 1.431059 -0.963641 -0.784335
v 1.389647 -0.955115 -0.332202
v 1.415972 -0.481307 -0.326895
v 1.551067 -0.540092 -0.338597
v 1.548792 -0.771472 -0.329461
v 1.549048 -0.768825 -0.791297
v 1.569571 -0.602598 -0.785417
v 1.422785 -0.575949 -0.325385
v 1.401013 -0.829189 -0.325808
v 1.559504 -0.800102 -0.562350
v 1.564391 -0.628911 -0.514759
v 1.497849 -1.009728 -0.330387
v 1.370918 -0.948821 -0.328717
v 1.371254 -0.948786 -0.792562
v 1.498278 -1.009955 -0.791215
v 1.498489 -1.007017 -0.331967
v 1.371804 -0.948964 -0.328331
v 1.564792 -0.627371 -0.777547
v 1.563795 -0.633491 -0.607365
v 1.564176 -0.620665 -0.344112
v 1.565051 -0.612143 -0.781615
v 1.529281 -0.614880 -0.370419
v 1.548397 -0.602868 -0.360481
v 1.570667 -0.593318 -0.353970
v 1.577632 -0.592697 -0.343834
v 1.557378 -0.612964 -0.359509
v 1.559928 -0.621620 -0.347015
v 1.565861 -0.618640 -0.372917
v 1.567333 -0.610711 -0.360386
v 1.558214 -0.612597 -0.349056
v 1.553898 -0.760049 -0.335549
v 1.515257 -0.980570 -0.338565
v 1.530949 -0.622479 -0.770091
v 1.550796 -0.609500 -0.760338
v 1.573819 -0.601667 -0.756091
v 1.590464 -0.600592 -0.738489
v 1.559901 -0.620017 -0.762120
v 1.561111 -0.628796 -0.749344
v 1.565966 -0.626483 -0.775426
v 1.567596 -0.618853 -0.763541
v 1.416528 -0.582646 -0.207535
v 1.401602 -0.826199 -0.210900
v 1.411579 -0.831988 -0.327496
v 1.414048 -0.834897 -0.325803
v 1.410445 -0.828783 -0.787847
v 1.428159 -0.606078 -0.191662
v 1.244273 -0.580281 -0.898951
v 1.096023 -0.594184 -0.900243
v 1.403741 -0.834489 -0.901785
v 1.414242 -0.829572 -0.205669
v 1.396679 -0.831295 -0.893967
v 1.416011 -0.598201 -0.895462
v 1.416861 -0.602478 -0.890605
v 1.394329 -0.829488 -0.225082
v 1.423772 -0.587378 -0.197853
v 1.425693 -0.602726 -0.905240
v 1.412716 -0.831721 -0.905269
v 1.111921 -0.775285 -0.214661
v 1.102578 -0.785914 -0.211244
v 1.416465 -0.605381 -0.903483
v 1.425485 -0.618262 -0.904675
v 1.428770 -0.603982 -0.199742
v 1.152403 -0.592112 -0.181345
v 1.425379 -0.618427 -0.906183
v 1.259323 -0.599586 -0.203968
v 1.402683 -0.826886 -0.901326
v 1.098620 -0.600527 -0.906648
v 1.244135 -0.580448 -0.909142
v 1.104198 -0.785139 -0.223475
v 1.082246 -0.789336 -0.900850
v 1.086536 -0.782276 -0.907422
v 1.251428 -0.588144 -0.904759
v 1.252998 -0.611381 -0.195221
v 1.090366 -0.787437 -0.906910
v 1.102646 -0.581509 -0.193636
v 1.111539 -0.783206 -0.218519
v 1.103811 -0.589261 -0.197021
v 1.103271 -0.601805 -0.906183
v 1.108486 -0.586710 -0.198779
v 1.101824 -0.581467 -0.200873
v 1.094669 -0.594075 -0.913418
v 1.083830 -0.770129 -0.910732
v 1.414327 -0.586182 -0.203918
v 1.395894 -0.829195 -0.221774
v 1.396799 -0.831714 -0.895983
v 1.411031 -0.600017 -0.896592
v 1.081097 -0.789588 -0.913637
v 1.411576 -0.598232 -0.895931
v 1.408324 -0.832016 -0.323602
v 1.403808 -0.823516 -0.213840
v 1.416157 -0.607462 -0.327869
v 1.417084 -0.588074 -0.204478
v 1.372624 -0.949940 -0.790976
v 1.373699 -0.947117 -0.332148
v 1.370499 -0.950225 -0.792125
v 1.413545 -0.494859 -0.793382
v 1.567692 -0.537475 -0.305435
v 1.569520 -0.703604 -0.333817
v 1.571548 -0.694904 -0.809177
v 1.565268 -0.547876 -0.822105
v 1.564723 -0.559235 -0.619839
v 1.569960 -0.699489 -0.471492
v 1.563667 -0.534858 -0.308780
v 1.418357 -0.470319 -0.325574
v 1.420763 -0.491968 -0.811164
v 1.562081 -0.558849 -0.629130
v 1.558255 -0.541535 -0.821651
v 1.409093 -0.472502 -0.346018
v 1.414130 -0.501777 -0.323363
v 1.419565 -0.499108 -0.646544
v 1.422794 -0.491680 -0.805773
v 1.436404 -0.478926 -0.506961
v 1.563406 -0.541259 -0.590900
v 1.558205 -0.535861 -0.614086
v 1.434188 -0.493454 -0.613015
v 1.428040 -0.483931 -0.589933
v 1.434930 -0.480993 -0.512925
v 1.439324 -0.489446 -0.606887
v 1.404973 -0.481444 -0.799492
v 1.565814 -0.533466 -0.306803
v 1.550252 -0.543979 -0.613831
v 1.565507 -0.553514 -0.590850
v 1.563583 -0.553747 -0.590011
v 1.566066 -0.541602 -0.526691
v 1.565794 -0.536697 -0.531119
v 1.572838 -0.536581 -0.530849
v 1.550703 -0.535833 -0.506514
v 1.569484 -0.685069 -0.691487
v 1.419601 -0.638630 -0.327393
v 1.419243 -0.643187 -0.323952
v 1.421599 -0.642935 -0.333643
v 1.550900 -0.536048 -0.817450
v 1.567549 -0.544217 -0.823049
v 1.565510 -0.544275 -0.822372
v 1.423151 -0.652358 -0.798408
v 1.411422 -0.503681 -0.796386
v 1.406640 -0.477957 -0.804644
v 1.404188 -0.465804 -0.325647
v 1.572362 -0.702443 -0.326419
v 1.571354 -0.700048 -0.472180
v 1.436381 -0.485123 -0.611969
v 1.435548 -0.476036 -0.508720
v 1.418281 -0.645938 -0.421178
v 1.410460 -0.470396 -0.329226
v 1.420068 -0.653125 -0.798898
v 1.420167 -0.665035 -0.641892
v 1.420921 -0.634416 -0.334597
v 1.421673 -0.647616 -0.789203
v 1.422660 -0.658871 -0.592180
v 1.426670 -0.665113 -0.598651
v 1.433382 -0.484147 -0.805368
v 1.405151 -0.490769 -0.644820
v 1.402718 -0.464293 -0.325232
v 1.569921 -0.536912 -0.306490
v 1.553049 -0.528980 -0.312108
v 1.572971 -0.685239 -0.690809
v 1.570530 -0.698649 -0.797900
v 1.575649 -0.629462 -0.826620
v 1.413399 -0.502608 -0.323244
v 1.480055 -0.489407 -0.315852
v 1.479016 -0.496434 -0.814909
v 1.571764 -0.559594 -0.305578
v 1.565466 -0.539686 -0.311051
v 1.570447 -0.698037 -0.805303
v 1.563292 -0.546559 -0.818369
v 1.568993 -0.563438 -0.824365
v 1.409562 -0.479334 -0.801468
v 1.569963 -0.700823 -0.330072
v 1.569332 -0.707443 -0.330412
v 1.571280 -0.696315 -0.808204
v 1.571167 -0.685241 -0.691772
v 1.552899 -0.526671 -0.506447
v 1.556938 -0.540033 -0.608420
v 1.434028 -0.483883 -0.611548
v 1.432527 -0.480954 -0.513613
v 1.551373 -0.530667 -0.509286
v 1.556532 -0.530006 -0.507520
v 1.551028 -0.538123 -0.612781
v 0.958448 1.400267 -2.535059
v 0.972421 1.285727 -2.617914
v 1.114566 1.279645 -2.614594
v 1.098964 1.286157 -2.618507
v 1.112850 1.400361 -2.535296
v 0.946219 1.387901 -2.544207
v 1.140173 1.397872 -2.537087
v 1.131904 1.284319 -2.619937
v 1.120158 1.408696 -2.529076
v 0.946484 1.401021 -2.542060
v 0.931455 1.369606 -2.545705
v 0.943486 1.391349 -2.530724
v 0.953164 1.285386 -2.612715
v 1.111858 1.289698 -2.615457
v 0.997884 1.274344 -2.638622
v 1.127831 1.401745 -2.545093
v 1.118222 1.290995 -2.620439
v 1.124811 1.393984 -2.532402
v 1.139898 1.380869 -2.561046
v 1.114393 1.274036 -2.628228
v 0.939483 1.283798 -2.619218
v 0.931093 1.397639 -2.536983
v 0.957193 1.273307 -2.625925
v 0.956821 1.287428 -2.625317
v 1.073496 1.262941 -2.622916
v 0.960418 1.292547 -2.613469
v 1.077338 1.412086 -2.526572
v 0.951049 1.408689 -2.529113
v 0.993789 1.412146 -2.526644
v 1.125055 1.387867 -2.544195
v 1.079933 1.395922 -2.529488
v 1.079192 1.404418 -2.541281
v 0.991172 1.404364 -2.541109
v 0.991916 1.395787 -2.529382
v 0.991319 1.387965 -2.544164
v 0.982394 1.401287 -2.556328
v 0.982386 1.416419 -2.525404
v 1.088233 1.384470 -2.545677
v 1.086142 1.408897 -2.555341
v 0.982287 1.384018 -2.547348
v 0.975650 1.403687 -2.505637
v 1.079761 1.387942 -2.544137
v 0.987415 1.423165 -2.549298
v 1.085419 1.357648 -2.529586
v 0.983991 1.358251 -2.529438
v 1.096413 1.404811 -2.506930
v 1.086449 1.399252 -2.558187
v 1.086675 1.381894 -2.546258
v 0.986846 1.379223 -2.549816
v 0.986901 1.397107 -2.561608
v 1.092174 1.421422 -2.524064
v 1.086214 1.412583 -2.552844
v 1.086176 1.395460 -2.557308
v 1.086137 1.422199 -2.537895
v 1.087005 1.407453 -2.493767
v 1.085905 1.406609 -2.491861
v 1.099856 1.415815 -2.485443
v 0.984970 1.395466 -2.557302
v 0.984893 1.412655 -2.552790
v 0.984930 1.422203 -2.537890
v 0.985477 1.430354 -2.542762
v 0.985495 1.396546 -2.562903
v 1.085429 1.395526 -2.564525
v 1.087085 1.357869 -2.529875
v 1.084258 1.420113 -2.520131
v 1.084204 1.425786 -2.540788
v 0.984658 1.421864 -2.541769
v 0.984432 1.415898 -2.521571
v 1.089437 1.348708 -2.526414
v 0.985643 1.395331 -2.564800
v 0.984068 1.357742 -2.529888
v 0.981364 1.350412 -2.533538
v 0.982522 1.405278 -2.481859
v 1.094003 1.409715 -2.484120
v 1.156460 1.388145 -2.445349
v 1.145408 1.397238 -2.486104
v 0.977164 1.348080 -2.528217
v 0.915179 1.318400 -2.495958
v 0.925695 1.353904 -2.517579
v 0.976657 1.405354 -2.483530
v 0.914217 1.389024 -2.444891
v 1.094938 1.348471 -2.527140
v 1.157071 1.316854 -2.497238
v 0.983997 1.408009 -2.493473
v 1.085461 1.428979 -2.540193
v 1.085410 1.389164 -2.520514
v 0.985668 1.429353 -2.540110
v 1.099030 1.335563 -2.485542
v 1.145332 1.396903 -2.485730
v 1.149055 1.379703 -2.451419
v 0.972151 1.372355 -2.458858
v 0.925715 1.353655 -2.517163
v 0.922052 1.326190 -2.490269
v 1.147619 1.399215 -2.489457
v 1.143728 1.353426 -2.516364
v 0.926167 1.395596 -2.486062
v 1.144931 1.354368 -2.515982
v 0.923492 1.356472 -2.520475
v 0.927379 1.396245 -2.485281
v -1.609103 2.828434 0.047346
v -1.519314 2.855223 0.092405
v -1.515311 2.865280 0.049087
v -1.583123 2.845056 0.015059
v -1.500219 2.814535 0.144474
v -1.541582 2.818909 0.038408
v -1.502692 2.833449 0.042858
v -1.474188 2.830443 0.115962
v -1.650522 2.813448 0.040039
v -1.555729 2.822814 0.184239
v -1.514310 2.837800 0.191546
v -1.486807 2.862275 0.122191
v -1.501691 2.805968 0.185317
v -1.645523 2.796040 0.139184
v -1.649521 2.785968 0.182498
v -1.581708 2.806192 0.216526
v -1.628834 2.817326 0.064163
v -1.634768 2.795540 0.163464
v -1.648232 2.847441 0.067357
v -1.598019 2.768697 0.180723
v -1.569089 2.774361 0.210297
v -1.636902 2.754137 0.176269
v -1.621103 2.781487 0.047312
v -1.564823 2.794426 0.031617
v -1.629130 2.759920 0.162458
v -1.554704 2.794604 0.079471
v -1.569268 2.779281 0.184794
v -1.619912 2.764176 0.159381
v -1.489346 2.823796 0.119218
v -1.569268 2.779281 0.184794
v -1.487659 2.826277 0.109958
v -1.499069 2.836844 0.032847
v -1.654289 2.814011 0.029533
v -1.515311 2.865280 0.049087
v -1.502692 2.833449 0.042858
v -1.492684 2.875457 0.042921
v -1.558051 2.774225 0.233355
v -1.581708 2.806192 0.216526
v -1.575398 2.790277 0.213411
v -1.643211 2.770053 0.179383
v -1.636902 2.754137 0.176269
v -1.659230 2.781485 0.185739
v -1.647666 2.778636 0.029265
v -1.650522 2.813448 0.040039
v -1.637902 2.781617 0.033810
v -1.570504 2.813224 0.008830
v -1.678024 2.788973 0.109395
v -1.639376 2.773055 0.074653
v -1.637902 2.781617 0.033810
v -1.665405 2.757142 0.103166
v -1.628151 2.798596 0.161255
v -1.581933 2.812380 0.184447
v -1.594678 2.844528 0.190738
v -1.640896 2.830744 0.167546
v -1.510759 2.852493 0.123654
v -1.529998 2.882751 0.126444
v -1.591719 2.844329 0.197752
v -1.633918 2.818562 0.047544
v -1.515608 2.889795 0.119597
v -1.641578 2.849473 0.070454
v -1.640896 2.830744 0.167546
v -1.581933 2.812380 0.184447
v -1.517254 2.850603 0.120153
v -1.569411 2.880690 0.057147
v -1.529998 2.882751 0.126444
v -1.568472 2.854956 0.190529
v -1.658265 2.828182 0.145474
v -1.641578 2.849473 0.070454
v -1.230520 2.166657 -0.017282
v 0.137933 -1.500753 -0.808891
v -1.294291 2.122592 -0.107633
v 0.216934 -1.484526 -0.731769
v -1.237589 2.163290 -0.014395
v -1.305221 2.121187 0.063743
v -1.308464 2.121406 0.056057
v -1.359108 2.106302 0.030644
v -1.359108 2.106302 0.030644
v -1.317764 2.150532 -0.111624
v 0.209865 -1.487893 -0.728882
v -1.218380 2.134858 -0.016528
v 0.142233 -1.529996 -0.650743
v -1.309521 2.150430 -0.094404
v -1.296372 2.090904 0.050088
v 0.138990 -1.529777 -0.658430
v -1.299510 2.088239 0.057347
v 0.059989 -1.546004 -0.735552
v -1.368304 2.078044 -0.029921
v 0.067058 -1.542637 -0.738439
v -1.375420 2.075973 -0.033757
v 0.134690 -1.500534 -0.816578
v -1.297429 2.119928 -0.100373
v -1.181921 2.187070 -0.023145
v -1.379167 2.094135 -0.134159
v -1.378572 2.115179 -0.054083
v -1.280777 2.161029 -0.090330
v -1.309763 2.157073 -0.128839
v -1.383137 2.122663 -0.101644
v -1.239412 2.156653 0.015736
v -1.234847 2.149174 0.063297
v -1.204906 2.175818 -0.012208
v -1.366478 2.084673 -0.060053
v -1.400986 2.065515 -0.032108
v -1.371045 2.092160 -0.107613
v -1.227326 2.126164 0.009770
v -1.268685 2.130531 -0.096298
v -1.223845 2.148588 -0.097762
v -1.192814 2.145316 -0.018177
v -1.337210 2.110811 0.051984
v -1.382048 2.092746 0.053447
v -1.308222 2.114764 0.090492
v -1.325122 2.080317 0.046016
v -1.222755 2.118671 0.057328
v -1.296129 2.084261 0.084523
v -1.413079 2.096018 -0.026139
v -1.235937 2.179090 -0.091793
v -1.225497 2.132787 -0.020364
v -1.192814 2.145316 -0.018177
v -1.204906 2.175818 -0.012208
v -1.303495 2.114446 0.101697
v -1.182440 2.148334 -0.012585
v -1.296129 2.084261 0.084523
v -1.302179 2.099510 0.087515
v -1.376005 2.077492 0.050469
v -1.382048 2.092746 0.053447
v -1.393767 2.119418 -0.106592
v -1.380526 2.057363 0.051005
v -1.371045 2.092160 -0.107613
v -1.383137 2.122663 -0.101644
v -1.369956 2.062243 0.047477
v -1.297671 2.126570 -0.134808
v 0.166676 -1.490151 -0.804816
v 0.209865 -1.487893 -0.728882
v 0.167703 -1.518344 -0.658658
v 0.088345 -1.544881 -0.683843
v 0.068884 -1.536008 -0.768571
v -0.114708 -1.223719 0.664342
v 0.115041 -1.223923 0.660543
v -0.952920 -1.309771 -0.198082
v -0.886296 -1.411841 0.173255
v -0.772709 -1.218897 0.356678
v -0.859134 -1.216451 0.471979
v -0.776616 -1.207511 0.143145
v 0.309833 -0.976834 -0.180413
v -0.013697 -1.323429 -0.170801
v -0.000364 -1.313560 0.634972
v -0.181674 -1.534256 0.548482
v 0.177702 -1.532454 0.541655
v -0.537387 -1.313310 0.695721
v -0.178485 -1.616041 0.404753
v -0.181877 -1.529929 0.544807
v -0.009567 -1.628017 0.095241
v -0.012920 -1.492039 -0.113712
v -0.012880 -1.491506 -0.113075
v -0.000383 -1.313423 0.633891
v -0.000104 -1.312027 0.650882
v 0.265516 -0.852239 -0.078147
v -0.025257 -0.965977 -0.167351
v -0.008614 -0.827937 0.109701
v -0.011415 -0.853688 -0.057745
v -0.970177 -0.933000 -0.203422
v -0.969842 -0.940812 -0.191984
v -0.218631 -0.978647 -0.159404
v -0.385016 -0.963757 -0.188216
v -0.426948 -1.311538 0.688366
v -0.134376 -1.096663 0.663452
v -0.958102 -1.072338 0.737206
v -0.129641 -0.876570 0.421428
v -0.955253 -0.782693 -0.097929
v -0.366335 -0.850535 -0.071906
v -0.447210 -0.957899 -0.193638
v -0.537509 -1.312443 0.694182
v -0.724912 -1.308835 0.724318
v -1.083538 -1.657856 0.000920
v -1.021605 -1.716109 0.238598
v -1.060248 -1.682775 0.439474
v -1.092574 -1.576034 0.602830
v -0.340697 -0.976504 -0.172643
v -0.724626 -1.296911 0.704313
v -0.939485 -0.731892 0.150779
v -0.958910 -1.072499 0.735329
v 0.190118 -0.968599 -0.178070
v -0.123744 -1.087007 0.674347
v -0.178299 -1.620323 0.405483
v -0.918713 -1.303018 0.776698
v -0.953689 -0.842124 0.511006
v -0.956739 -0.805197 -0.083633
v -0.970556 -0.929171 -0.205060
v -0.945983 -1.078117 0.711804
v -0.915236 -1.080592 0.712168
v -0.918635 -1.316544 0.767616
v -0.910654 -1.274694 0.733430
v -0.969816 -0.940824 -0.191864
v -1.048677 -0.808330 0.188053
v -1.081195 -1.339451 -0.180512
v -1.097080 -1.345462 -0.209506
v -1.097510 -1.507316 -0.123046
v -1.106372 -1.529047 -0.146116
v -1.075034 -1.617287 0.011129
v -1.084905 -1.645954 -0.001915
v -1.016500 -1.676070 0.239624
v -1.022133 -1.708260 0.238494
v -1.050969 -1.639532 0.423808
v -1.060258 -1.669185 0.434952
v -1.095166 -1.527248 0.586926
v -1.093683 -1.551057 0.612347
v -1.072556 -1.257007 0.700729
v -1.082004 -1.258764 0.732659
v -1.082689 -1.063118 0.668617
v -1.081130 -1.081560 0.711880
v -1.075748 -0.953046 0.611418
v -1.058509 -0.860829 0.442637
v -1.073861 -0.837438 0.461665
v -1.063180 -0.772770 0.098144
v -1.054795 -0.805354 0.090465
v -1.067294 -0.845049 -0.054356
v -1.075335 -0.817766 -0.071837
v -1.080584 -0.954992 -0.161295
v -1.090968 -0.940116 -0.189638
v -0.957894 -1.510592 -0.132300
v -0.903851 -1.673936 0.238566
v -1.037620 -1.636477 0.421659
v -1.079139 -1.546390 0.584259
v -1.067106 -0.845820 -0.053360
v -1.072913 -0.826199 -0.075144
v -1.071276 -1.092911 0.707223
v -1.077881 -1.224843 -0.185652
v -1.097405 -1.506458 -0.122022
v -1.072206 -1.095330 0.681184
v -1.064407 -0.880578 0.483677
v -1.103446 -1.519936 -0.131409
v -1.016584 -1.674618 0.239650
v -1.038244 -1.656311 0.427217
v -0.924011 -0.968995 0.592458
v -0.909050 -0.856012 0.422097
v -0.941385 -1.519999 0.603460
v -0.938514 -0.839795 -0.058676
v -0.945820 -1.257437 -0.196417
v -0.920064 -1.243982 -0.188187
v -0.903358 -1.233841 -0.201131
v -0.914165 -0.947799 -0.176889
v -0.925965 -1.515926 -0.137803
v -0.915293 -1.627089 0.001288
v -0.926561 -1.515200 -0.137002
v -0.870713 -1.685174 0.236883
v -0.957741 -1.648474 0.426502
v -1.056806 -1.543777 0.571526
v -0.980807 -1.552423 0.578516
v -0.980807 -1.552423 0.578516
v -0.898603 -1.259187 0.710631
v -0.898081 -1.090069 0.692511
v -0.892162 -0.879204 0.501217
v -0.898511 -1.090379 0.691896
v -0.887047 -0.795247 0.156203
v -0.905228 -0.835384 -0.066555
v -0.903822 -0.835781 -0.066170
v -0.916562 -1.637117 0.422450
v -0.914367 -1.093696 0.681949
v -0.948745 -1.523744 0.614685
v -0.936613 -1.646352 0.425797
v -0.913238 -0.805921 0.087807
v -0.912713 -1.257260 0.698969
v -0.896869 -1.087708 0.716419
v -0.934826 -1.616066 0.008093
v -0.957517 -1.508768 -0.122453
v -0.947076 -1.527580 -0.143169
v -0.956518 -1.624725 0.004756
v -0.929612 -1.627917 0.011286
v -0.934760 -1.636703 0.422727
v -0.938122 -1.618829 0.408802
v -0.952993 -1.551750 0.585400
v -0.929152 -1.543211 0.577016
v -0.939969 -1.253787 0.709246
v -0.914813 -1.253579 0.700552
v -0.927839 -1.092145 0.683411
v -0.918353 -1.087248 0.691452
v -0.934420 -0.862501 0.466938
v -0.908650 -0.870123 0.448568
v -0.930059 -0.795489 0.101655
v -0.930211 -0.834421 -0.061351
v -0.938179 -0.848779 -0.052714
v -0.945930 -0.953883 -0.162566
v -0.932085 -0.954793 -0.165428
v -0.939326 -1.089979 0.690396
v -0.936407 -1.082539 0.699487
v -0.957741 -1.648474 0.426502
v -0.895282 -1.647671 0.425329
v -0.926929 -0.800282 0.286028
v -0.957942 -0.832322 0.463451
v -0.957145 -0.947318 0.616454
v -0.954467 -0.951145 0.612466
v -0.959476 -1.249922 0.756940
v -0.959394 -1.080103 0.713907
v -0.915216 -1.080172 0.713177
v -0.909172 -1.272931 0.750121
v -1.088221 -1.303324 -0.222098
v -1.106895 -1.534606 -0.153628
v -1.106422 -1.535911 -0.154376
v -1.059321 -1.679164 0.438030
v -1.080419 -1.079027 0.739652
v -0.915325 -1.080440 0.712410
v -1.079366 -1.078051 0.711969
v -0.954801 -0.952730 0.610871
v -1.073335 -0.839143 0.477246
v -0.953416 -0.840715 0.459553
v -0.870561 -0.780746 0.174975
v -1.055299 -0.775821 0.203277
v -0.888683 -0.820885 -0.075502
v -1.075335 -0.817766 -0.071837
v -1.081590 -0.796063 -0.097043
v -0.955681 -0.820253 -0.073906
v -0.959476 -1.249923 0.756912
v -0.931759 -1.310468 0.782271
v -0.966120 -0.935326 -0.198631
v -0.951776 -0.812253 -0.079261
v -0.945213 -0.767476 0.281234
v -0.942033 -0.740806 0.083314
v -0.961018 -1.077662 0.720028
v -0.959255 -1.248365 0.769872
v -0.918989 -1.304874 0.755821
v -0.000017 -1.277498 0.654202
v 0.000193 -1.290566 0.667612
v -0.128540 -1.230349 0.662866
v -0.110032 -1.222172 0.674175
v 0.000193 -1.290566 0.667612
v -0.000052 -1.260782 0.651169
v -0.912083 -1.552210 0.580754
v -0.895152 -1.080173 0.701492
v -0.888358 -0.828344 0.346060
v -0.902874 -0.823292 -0.066731
v -0.943085 -1.194933 -0.205017
v -0.900270 -1.165621 -0.188512
v -0.926172 -1.517064 -0.141447
v -0.945461 -0.838009 -0.062260
v -0.951552 -0.822714 -0.079281
v -0.910435 -0.822216 -0.082118
v -0.936613 -1.646352 0.425797
v -0.912402 -1.681791 0.237689
v -0.871201 -1.681828 0.237008
v -0.973697 -1.530785 -0.143112
v -0.967270 -1.514511 -0.133107
v -0.911724 -1.549632 0.589528
v -0.895285 -1.647218 0.425263
v -0.895412 -1.646388 0.425115
v -0.895412 -1.646388 0.425115
v -0.932219 -1.519857 -0.137147
v -0.955747 -0.819330 -0.074498
v -0.888762 -0.819341 -0.076375
v -0.937815 -0.744365 0.180140
v -0.870752 -0.750820 0.193800
v -0.889286 -0.819340 -0.076431
v -0.869326 -0.774562 0.099585
v -0.875952 -0.748616 0.082490
v -0.872800 -0.774777 0.278874
v -0.887404 -0.839732 0.460029
v -0.955814 -0.818407 -0.075089
v -0.888828 -0.818418 -0.076966
v -0.953428 -0.839731 0.460034
v -0.886437 -0.839746 0.460022
v -0.953440 -0.838747 0.460515
v -0.886449 -0.838762 0.460503
v -0.886425 -0.840730 0.459541
v -0.891622 -1.331889 0.744568
v -0.723656 -1.295331 0.710610
v -0.913055 -1.293496 0.736567
v -0.888740 -1.282391 0.761500
v -0.724916 -1.307089 0.711275
v -0.723594 -1.291418 0.710475
v -0.918989 -1.304874 0.755821
v -0.732938 -1.295830 0.677265
v -0.915152 -1.080503 0.712178
v 0.924128 -1.311442 -0.229120
v 0.869635 -1.413403 0.144219
v 0.762519 -1.220263 0.331293
v 0.852712 -1.217975 0.443671
v 0.759383 -1.208879 0.117747
v 0.169334 -1.620633 0.399735
v 0.177588 -1.534576 0.542541
v 0.941870 -0.934712 -0.235048
v 0.941899 -0.942513 -0.223595
v 0.605245 -0.946047 -0.222535
v 0.284484 -0.979151 -0.177042
v 0.924518 -1.309099 0.718863
v 0.134562 -1.097054 0.662254
v 0.960651 -1.074046 0.705480
v 0.110448 -1.087655 0.667382
v 0.122819 -0.876946 0.417849
v 0.930708 -0.784374 -0.129113
v 0.413920 -0.961037 -0.205347
v 0.538439 -1.313402 0.676390
v 0.726749 -1.310182 0.700323
v 1.006489 -1.717913 0.205063
v 0.538523 -1.315482 0.682127
v 0.725816 -1.298203 0.680331
v 0.923263 -0.733550 0.119983
v 0.961397 -1.074208 0.703575
v 0.169334 -1.620633 0.399735
v 0.949172 -0.843815 0.479540
v 0.932626 -0.806879 -0.114874
v 0.942201 -0.930873 -0.236689
v 0.947689 -1.079806 0.680493
v 0.916966 -1.082228 0.681874
v 0.921777 -1.318181 0.737183
v 0.941877 -0.942524 -0.223474
v 1.033491 -0.810182 0.153638
v 1.052860 -1.341349 -0.215800
v 1.067768 -1.347392 -0.245303
v 1.070767 -1.509245 -0.158899
v 1.078824 -1.530992 -0.182249
v 1.052545 -1.619181 -0.024051
v 1.061928 -1.647864 -0.037414
v 1.001493 -1.677866 0.206256
v 1.007027 -1.710066 0.204941
v 1.042097 -1.641395 0.389199
v 1.051696 -1.671064 0.400030
v 1.091865 -1.529194 0.550762
v 1.091174 -1.553001 0.576221
v 1.073508 -1.258917 0.665243
v 1.084003 -1.260690 0.696843
v 1.082914 -1.065043 0.632808
v 1.074286 -0.954960 0.575867
v 1.082758 -1.083485 0.676099
v 1.051644 -0.862709 0.407746
v 1.067655 -0.839344 0.426255
v 1.045083 -0.774647 0.063284
v 1.036385 -0.807215 0.055887
v 1.044018 -0.846928 -0.089267
v 1.051525 -0.819659 -0.107006
v 1.053569 -0.956891 -0.196584
v 1.063037 -0.942033 -0.225255
v 0.888874 -1.675532 0.208924
v 0.930917 -1.512274 -0.163531
v 1.028690 -1.638316 0.387491
v 1.075721 -1.548308 0.548626
v 1.043861 -0.847699 -0.088265
v 1.048979 -0.828087 -0.110229
v 1.072735 -1.094819 0.671771
v 1.049583 -1.226740 -0.220831
v 1.070698 -1.508387 -0.157872
v 1.072800 -1.097239 0.645715
v 1.058858 -0.882468 0.448570
v 1.076401 -1.521875 -0.167452
v 1.001580 -1.676415 0.206279
v 1.029462 -1.658154 0.393028
v 0.901593 -0.857623 0.392156
v 0.921978 -0.970638 0.561933
v 0.938724 -1.521667 0.572375
v 0.915175 -0.841443 -0.089328
v 0.917179 -1.259105 -0.227222
v 0.891734 -1.245602 -0.218147
v 0.874627 -1.235423 -0.230531
v 0.886739 -0.949402 -0.206667
v 0.898814 -1.517550 -0.167976
v 0.899437 -1.516825 -0.167195
v 0.892549 -1.628698 -0.028605
v 0.948992 -1.650171 0.394973
v 0.977243 -1.554165 0.546139
v 1.052984 -1.545655 0.536639
v 0.977243 -1.554165 0.546139
v 0.899974 -1.260786 0.680891
v 0.899563 -1.091979 0.662164
v 0.887288 -0.880787 0.471792
v 0.870920 -0.796811 0.127129
v 0.881654 -0.836975 -0.096101
v 0.880260 -0.837369 -0.095670
v 0.907723 -1.638740 0.392285
v 0.915076 -1.095324 0.651699
v 0.949775 -1.554306 0.547140
v 0.886656 -1.647974 0.395648
v 0.927857 -1.648011 0.394967
v 0.894816 -0.807530 0.057910
v 0.908783 -1.556182 0.555723
v 0.913693 -1.258885 0.668768
v 0.940087 -1.087923 0.696832
v 0.898633 -1.090735 0.678867
v 0.912314 -1.617710 -0.022450
v 0.930866 -1.510452 -0.153686
v 0.919725 -1.529223 -0.174022
v 0.907185 -1.629561 -0.019083
v 0.933870 -1.626407 -0.026502
v 0.925921 -1.638358 0.391960
v 0.928851 -1.620494 0.377934
v 0.925583 -1.544862 0.546343
v 0.949673 -1.553444 0.553941
v 0.941282 -1.255459 0.678139
v 0.915852 -1.255210 0.670281
v 0.928595 -1.093799 0.652702
v 0.919383 -1.088879 0.661070
v 0.928421 -0.864162 0.436137
v 0.902043 -0.871732 0.418629
v 0.912103 -0.797127 0.071190
v 0.906805 -0.836076 -0.091720
v 0.915015 -0.850418 -0.083368
v 0.918944 -0.955539 -0.193413
v 0.905015 -0.956428 -0.195805
v 0.937704 -1.084206 0.668498
v 0.948992 -1.650171 0.394973
v 0.915062 -0.801922 0.255568
v 0.951844 -0.834022 0.431873
v 0.955925 -0.949020 0.584821
v 0.953110 -0.952842 0.580923
v 0.962361 -1.251632 0.725161
v 0.916981 -1.081802 0.682881
v 0.961159 -1.081813 0.682150
v 1.058572 -1.305235 -0.257595
v 1.079088 -1.536551 -0.189774
v 1.078589 -1.537855 -0.190506
v 1.060634 -1.659763 -0.034534
v 1.051812 -1.684654 0.404550
v 1.050843 -1.681041 0.403137
v 1.089710 -1.577976 0.566745
v 1.082970 -1.080951 0.703880
v 0.912745 -1.276317 0.703280
v 0.917063 -1.082071 0.682112
v 1.081005 -1.079973 0.676247
v 1.067641 -0.841049 0.441846
v 0.953388 -0.954428 0.579318
v 0.947201 -0.842407 0.428126
v 1.040670 -0.777685 0.168608
v 0.855090 -0.782282 0.146449
v 1.051525 -0.819659 -0.107006
v 0.864848 -0.822445 -0.104498
v 1.056982 -0.797967 -0.132406
v 0.931864 -0.821932 -0.105118
v 0.962360 -1.251633 0.725133
v 0.935389 -1.312130 0.751396
v 0.938021 -0.937020 -0.230111
v 0.927844 -0.813927 -0.110335
v 0.933202 -0.769146 0.250172
v 0.923577 -0.742468 0.052468
v 0.962992 -1.079374 0.688214
v 0.962571 -1.250075 0.738094
v 0.921762 -1.306512 0.725383
v 0.128805 -1.230578 0.658611
v 0.110696 -1.222369 0.670524
v 0.000193 -1.290566 0.667612
v 0.855679 -1.686710 0.208337
v 0.896542 -1.081766 0.671869
v 0.878447 -0.829920 0.316829
v 0.899155 -1.091668 0.662793
v 0.879318 -0.824880 -0.096200
v 0.914554 -1.200723 -0.230111
v 0.898898 -1.518689 -0.171625
v 0.872080 -1.167198 -0.217819
v 0.922002 -0.839670 -0.093139
v 0.886365 -0.823819 -0.111824
v 0.927555 -0.824384 -0.110354
v 0.927857 -1.648011 0.394967
v 0.886656 -1.647974 0.395648
v 0.897377 -1.683402 0.207764
v 0.946318 -1.532491 -0.174857
v 0.940254 -1.516209 -0.164649
v 0.886586 -1.648691 0.395774
v 0.908566 -1.551250 0.559429
v 0.886532 -1.648803 0.395800
v 0.856176 -1.683365 0.208445
v 0.905079 -1.521496 -0.167530
v 0.931912 -0.821010 -0.105711
v 0.864900 -0.820902 -0.105372
v 0.922543 -0.746021 0.149383
v 0.855956 -0.752355 0.165244
v 0.865422 -0.820902 -0.105445
v 0.857477 -0.750158 0.053827
v 0.851360 -0.776093 0.071135
v 0.860773 -0.776320 0.250209
v 0.881246 -0.841306 0.430784
v 0.864949 -0.819979 -0.105965
v 0.931960 -0.820087 -0.106304
v 0.947231 -0.841426 0.428614
v 0.880276 -0.841322 0.430816
v 0.947260 -0.840438 0.429087
v 0.880305 -0.840334 0.431289
v 0.880246 -0.842302 0.430329
v 0.893989 -1.333486 0.715044
v 0.725057 -1.296621 0.686655
v 0.915210 -1.295121 0.706335
v 0.891777 -1.283985 0.732062
v 0.726322 -1.308380 0.687278
v 0.725001 -1.292707 0.686522
v 0.921762 -1.306512 0.725383
v 0.911816 -1.274553 0.720011
v 0.733231 -1.297133 0.653020
v 0.916893 -1.082133 0.681884
v -0.536044 -1.369203 0.724770
v -0.532451 -1.085911 0.709293
v -0.362390 -1.092940 0.690033
v -0.363328 -1.367136 0.704687
v -0.532451 -1.085911 0.709293
v -0.532750 -0.861582 0.482228
v -0.362128 -1.087017 0.696914
v -0.361829 -0.821904 0.260923
v -0.530120 -0.800986 0.145505
v -0.553037 -0.714067 -0.129159
v -0.384673 -0.709811 -0.117983
v -0.554130 -0.723037 -0.125007
v -0.552872 -0.949075 -0.184459
v -0.382840 -0.963091 -0.173302
v -0.384759 -0.717183 -0.114549
v -0.534316 -1.368074 0.750919
v -0.361689 -1.365416 0.731956
v -0.359844 -1.083831 0.714881
v -0.529922 -1.076146 0.734774
v -0.529922 -1.076146 0.734774
v -0.359652 -1.077255 0.722640
v -0.526859 -0.840233 0.499738
v -0.355027 -0.791032 0.249461
v -0.523613 -0.774508 0.150597
v -0.548699 -0.691539 -0.146931
v -0.380539 -0.687008 -0.135913
v -0.549791 -0.702097 -0.142321
v -0.380400 -0.697199 -0.131458
v -0.379837 -0.944927 -0.192423
v -0.549935 -0.930274 -0.204244
v -0.357294 -0.710657 -0.101613
v -0.341106 -0.689141 -0.111826
v -0.531157 -0.963683 0.608156
v -0.532451 -1.085911 0.709293
v -0.529922 -1.076146 0.734774
v -0.526943 -0.943643 0.626389
v -0.357332 -0.955204 -0.178936
v -0.539481 -1.352488 0.722155
v -0.539978 -1.342431 0.744976
v -0.381304 -0.954035 -0.182883
v -0.551368 -0.939702 -0.194372
v -0.365349 -1.453570 0.739485
v -0.362132 -1.476303 0.669102
v -0.367619 -1.349966 0.699533
v -0.379704 -1.086240 0.703982
v -0.362514 -1.348307 0.725564
v -0.578862 -0.937853 -0.198506
v -0.521504 -0.714374 -0.107779
v -0.515717 -0.691421 -0.123637
v -0.362224 -0.977583 0.592137
v -0.357965 -0.958313 0.609951
v -0.533495 -0.789599 0.087028
v -0.527518 -0.762637 0.085461
v -0.364008 -0.867526 0.433739
v -0.357842 -0.842726 0.442455
v -0.532410 -0.847239 0.443442
v -0.524859 -0.821694 0.451682
v -0.368887 -0.795966 0.088457
v -0.366275 -1.408790 0.756186
v -0.535883 -1.457515 0.761961
v -0.545301 -1.482447 0.689336
v -0.363951 -1.458398 0.750306
v -0.534130 -1.462497 0.773109
v -0.537236 -1.488583 0.700947
v -0.367201 -1.482789 0.680915
v -0.533540 -1.598000 0.647908
v -0.537579 -1.592641 0.676838
v -0.362030 -1.364932 0.734146
v -0.532303 -1.366709 0.756744
v -0.532551 -1.413603 0.791245
v -0.362206 -1.409608 0.768375
v -0.531025 -1.412872 0.778316
v -0.533956 -1.367973 0.730122
v -0.363648 -1.366315 0.708261
v -0.363757 -1.407865 0.743102
v -0.534120 -1.411581 0.765322
v -0.491638 -1.695645 0.720848
v -0.538562 -1.475729 0.676766
v -0.362325 -1.476397 0.673137
v -0.533969 -1.644776 0.662237
v -0.382155 -1.582723 0.659204
v -0.370232 -1.587980 0.630053
v -0.362832 -1.486030 0.685616
v -0.540629 -1.488424 0.697593
v -0.394694 -1.711360 0.702132
v -0.391946 -1.695101 0.723739
v -0.530365 -1.643903 0.667985
v -0.384172 -1.638376 0.652255
v -0.401828 -1.706717 0.718260
v -0.513162 -1.717398 0.716750
v -0.361247 -1.705127 0.711510
v -0.382922 -1.630757 0.679202
v -0.529076 -1.635680 0.695179
v -0.513196 -1.705685 0.727912
v -0.402976 -1.699442 0.726342
v -0.520599 -1.711860 0.718169
v -0.518628 -1.691193 0.736149
v -0.555836 -1.349439 -0.198156
v -0.559752 -1.519448 -0.137111
v -0.387203 -1.509117 -0.127644
v -0.384883 -1.345429 -0.186395
v -0.565001 -1.533227 -0.145460
v -0.391667 -1.513963 -0.130057
v -0.509556 -1.684634 0.235878
v -0.349536 -1.658945 0.418000
v -0.526586 -1.651507 0.425824
v -0.534605 -1.652842 0.429387
v -0.366337 -1.638837 0.420353
v -0.534097 -1.412286 0.715672
v -0.362871 -1.405256 0.705267
v -0.556947 -1.360015 -0.227651
v -0.385922 -1.355712 -0.215099
v -0.387901 -1.526954 -0.152420
v -0.560473 -1.537765 -0.162670
v -0.566011 -1.553069 -0.172088
v -0.392676 -1.532341 -0.155181
v -0.347571 -1.689672 0.429055
v -0.507890 -1.715941 0.234991
v -0.525250 -1.680790 0.437046
v -0.533689 -1.681357 0.440132
v -0.365283 -1.666861 0.430755
v -0.362365 -1.418477 0.738672
v -0.533543 -1.423119 0.748116
v -0.377031 -1.615541 0.007713
v -0.350202 -1.665188 0.233265
v -0.348548 -1.695486 0.232423
v -0.376504 -1.643019 -0.005368
v -0.546326 -1.630556 0.002665
v -0.559752 -1.519448 -0.137111
v -0.560473 -1.537765 -0.162670
v -0.545849 -1.658795 -0.011037
v -0.360530 -1.635065 0.416350
v -0.366115 -1.647009 0.476646
v -0.547669 -1.355027 -0.213044
v -0.369557 -1.544988 0.564493
v -0.362271 -1.434163 0.718908
v -0.533160 -1.438150 0.727904
v -0.363364 -1.401170 0.714934
v -0.361343 -1.421036 0.737161
v -0.534599 -1.406173 0.725792
v -0.541369 -1.556571 0.579114
v -0.540731 -1.578685 0.601458
v -0.532985 -1.428657 0.746666
v -0.556353 -1.354860 -0.212844
v -0.385365 -1.350700 -0.200689
v -0.526586 -1.651507 0.425824
v -0.525250 -1.680790 0.437046
v -0.392481 -1.350478 -0.200578
v -0.387203 -1.509117 -0.127644
v -0.387901 -1.526954 -0.152420
v -0.509556 -1.684634 0.235878
v -0.507890 -1.715941 0.234991
v -0.365419 -1.448696 0.728127
v -0.535613 -1.452490 0.750266
v -0.534120 -1.411581 0.765322
v -0.363757 -1.407865 0.743102
v -0.362206 -1.409608 0.768375
v -0.532551 -1.413603 0.791245
v -0.534130 -1.462497 0.773109
v -0.363951 -1.458398 0.750306
v -0.535613 -1.452490 0.750266
v -0.365419 -1.448696 0.728127
v -0.368603 -1.470032 0.657312
v -0.538562 -1.475729 0.676766
v 0.545744 -1.370167 0.697634
v 0.372244 -1.367791 0.686236
v 0.371060 -1.093593 0.671635
v 0.541885 -1.086867 0.682344
v 0.541885 -1.086867 0.682344
v 0.370724 -1.075625 0.691228
v 0.531989 -0.864214 0.464307
v 0.345891 -0.798258 0.116605
v 0.509485 -0.808013 0.125536
v 0.524288 -0.717486 -0.132963
v 0.355390 -0.728743 -0.120069
v 0.522469 -0.714419 -0.134795
v 0.355361 -0.732924 -0.118809
v 0.348431 -0.963742 -0.191645
v 0.517714 -0.950028 -0.211314
v 0.545332 -1.369035 0.723838
v 0.540654 -1.077099 0.707920
v 0.369780 -1.084481 0.696579
v 0.371976 -1.366069 0.713553
v 0.540654 -1.077099 0.707920
v 0.526771 -0.838361 0.478801
v 0.369719 -1.065549 0.717539
v 0.503211 -0.782274 0.129100
v 0.339604 -0.774060 0.120580
v 0.519593 -0.694248 -0.146446
v 0.350294 -0.705154 -0.133702
v 0.517485 -0.691003 -0.148356
v 0.513822 -0.931221 -0.230927
v 0.344505 -0.945572 -0.210592
v 0.350368 -0.710515 -0.132121
v 0.329405 -0.726236 -0.104048
v 0.317389 -0.703265 -0.111112
v 0.535739 -0.964634 0.581394
v 0.532480 -0.944587 0.599814
v 0.540654 -1.077099 0.707920
v 0.541885 -1.086867 0.682344
v 0.316324 -0.956387 -0.194547
v 0.550735 -1.343400 0.717616
v 0.549077 -1.353458 0.694849
v 0.346432 -0.954688 -0.201142
v 0.515731 -0.940657 -0.221144
v 0.375852 -1.454230 0.720893
v 0.370467 -1.476998 0.650749
v 0.376302 -1.350627 0.680872
v 0.372507 -1.348966 0.707128
v 0.355935 -1.066150 0.691952
v 0.353380 -1.080609 0.667534
v 0.549170 -0.937863 -0.227864
v 0.472606 -0.683125 -0.125588
v 0.481243 -0.707869 -0.111227
v 0.506256 -0.763558 0.059530
v 0.512256 -0.790530 0.060796
v 0.354336 -0.822756 0.429797
v 0.360277 -0.847347 0.420238
v 0.521005 -0.821590 0.429450
v 0.524571 -0.848706 0.416349
v 0.340822 -0.768688 0.069998
v 0.346871 -0.794629 0.071194
v 0.377698 -1.409452 0.737524
v 0.547290 -1.458479 0.734791
v 0.551128 -1.483350 0.661825
v 0.374991 -1.459056 0.731770
v 0.374714 -1.483450 0.662305
v 0.545528 -1.489547 0.673787
v 0.546091 -1.463458 0.746013
v 0.512377 -1.721780 0.610273
v 0.510599 -1.721516 0.582727
v 0.372428 -1.365586 0.715722
v 0.374240 -1.410263 0.749902
v 0.545510 -1.414563 0.764202
v 0.543616 -1.367667 0.729756
v 0.543346 -1.413828 0.751367
v 0.543930 -1.368933 0.703084
v 0.545781 -1.412543 0.738234
v 0.374525 -1.408523 0.724582
v 0.372743 -1.366971 0.689789
v 0.545663 -1.476695 0.649569
v 0.529414 -1.729611 0.596142
v 0.375602 -1.612360 0.593774
v 0.374953 -1.470694 0.638660
v 0.420261 -1.710914 0.577359
v 0.426833 -1.710050 0.603567
v 0.364680 -1.492451 0.675750
v 0.552943 -1.493386 0.676006
v 0.400348 -1.721786 0.583577
v 0.398828 -1.725431 0.610470
v 0.409622 -1.730393 0.593902
v 0.410510 -1.730762 0.611308
v 0.520013 -1.733964 0.603348
v 0.526786 -1.731378 0.589142
v 0.525973 -1.729327 0.616517
v 0.519275 -1.350397 -0.225124
v 0.349133 -1.346083 -0.204807
v 0.354105 -1.509777 -0.146240
v 0.525944 -1.520415 -0.164345
v 0.530743 -1.534204 -0.172947
v 0.358434 -1.514631 -0.148874
v 0.343576 -1.659563 0.400614
v 0.494218 -1.685528 0.210700
v 0.520808 -1.652440 0.399551
v 0.528993 -1.653787 0.402706
v 0.360509 -1.639486 0.402122
v 0.371749 -1.405910 0.686840
v 0.543267 -1.413245 0.688647
v 0.518887 -1.360973 -0.254638
v 0.525349 -1.538732 -0.189907
v 0.353528 -1.527614 -0.171018
v 0.348714 -1.356366 -0.233527
v 0.530381 -1.554045 -0.199590
v 0.358149 -1.533009 -0.174014
v 0.492453 -1.716832 0.209898
v 0.342113 -1.690285 0.411754
v 0.519984 -1.681721 0.410827
v 0.528566 -1.682304 0.413486
v 0.359928 -1.667507 0.412563
v 0.544322 -1.424079 0.721079
v 0.372894 -1.419131 0.720230
v 0.350543 -1.616189 -0.010538
v 0.349312 -1.643665 -0.023575
v 0.333219 -1.696093 0.215321
v 0.334968 -1.665798 0.216078
v 0.519345 -1.631505 -0.024067
v 0.518131 -1.659743 -0.037726
v 0.525349 -1.538732 -0.189907
v 0.525944 -1.520415 -0.164345
v 0.363073 -1.647658 0.458356
v 0.354516 -1.635702 0.398414
v 0.510344 -1.355970 -0.239583
v 0.371119 -1.545647 0.545914
v 0.371782 -1.434817 0.700496
v 0.542899 -1.439109 0.700913
v 0.371793 -1.421689 0.718771
v 0.372732 -1.401825 0.696470
v 0.544286 -1.407133 0.698729
v 0.543688 -1.429616 0.719659
v 0.543871 -1.579651 0.574251
v 0.543427 -1.557537 0.551903
v 0.519045 -1.355817 -0.239820
v 0.348889 -1.351353 -0.219107
v 0.519984 -1.681721 0.410827
v 0.520808 -1.652440 0.399551
v 0.356018 -1.351144 -0.219353
v 0.353528 -1.527614 -0.171018
v 0.354105 -1.509777 -0.146240
v 0.492453 -1.716832 0.209898
v 0.494218 -1.685528 0.210700
v 0.375362 -1.449355 0.709546
v 0.374525 -1.408523 0.724582
v 0.545781 -1.412543 0.738234
v 0.546444 -1.453453 0.723123
v 0.374240 -1.410263 0.749902
v 0.374991 -1.459056 0.731770
v 0.546091 -1.463458 0.746013
v 0.545510 -1.414563 0.764202
v 0.546444 -1.453453 0.723123
v 0.545663 -1.476695 0.649569
v 0.374953 -1.470694 0.638660
v 0.375362 -1.449355 0.709546
v -0.529076 -1.635680 0.695179
v -0.382922 -1.630757 0.679202
v -0.384172 -1.638376 0.652255
v 1.272063 1.803594 -0.716506
v 1.272600 1.805291 -0.713830
v 1.193490 1.819522 -0.720441
v 1.193794 1.818206 -0.721590
v 1.194837 1.805362 -0.798674
v 1.194991 1.806253 -0.800129
v 1.276269 1.788480 -0.801747
v 1.259536 1.789758 -0.815125
v 1.195958 1.804134 -0.808141
v 1.277341 1.790079 -0.796981
v 1.135139 1.205292 -0.630692
v 1.121938 1.187306 -0.749769
v 1.188443 1.168467 -0.788647
v 1.197962 1.842121 -0.723587
v 1.269033 1.820722 -0.723515
v 1.243576 1.812295 -0.697206
v 1.295030 1.816942 -0.758665
v 1.300277 1.820169 -0.732106
v 1.288921 1.812034 -0.796560
v 1.288201 1.789872 -0.777751
v 1.291510 1.796773 -0.731274
v 1.191753 1.819460 -0.719493
v 1.240396 1.817405 -0.825596
v 1.188083 1.832700 -0.798598
v 1.179584 1.843870 -0.740845
v 1.225816 1.827491 -0.781363
v 1.277616 1.813128 -0.799777
v 1.203971 1.822158 -0.797835
v 1.235818 1.819306 -0.755937
v 1.200689 1.834041 -0.729079
v 1.240152 1.817745 -0.759978
v 1.277357 1.812721 -0.797974
v 1.231667 1.819437 -0.760443
v 1.273020 1.821035 -0.724230
v 1.198677 1.829018 -0.803104
v 1.236000 1.817875 -0.764483
v 1.241472 1.859706 -0.766972
v 1.254014 1.919964 -0.776788
v 1.221970 1.819192 -0.747196
v 1.285635 1.840431 -0.743760
v 1.232091 1.867020 -0.749305
v 1.261889 1.826222 -0.794674
v 1.168370 1.815349 -0.774487
v 1.179402 1.822470 -0.716830
v 1.248238 1.835804 -0.702639
v 1.236456 1.839781 -0.693232
v 1.281908 1.803468 -0.702426
v 1.288017 1.827272 -0.704193
v 1.179690 1.806807 -0.812529
v 1.184062 1.822112 -0.713000
v 1.187740 1.846202 -0.716118
v 1.186612 1.830319 -0.815055
v 1.286307 1.802404 -0.703336
v 1.289254 1.826307 -0.708534
v 1.285435 1.785223 -0.809913
v 1.286203 1.810827 -0.807450
v 1.183895 1.822461 -0.711073
v 1.189663 1.845798 -0.716138
v 1.186800 1.805940 -0.808766
v 1.187849 1.829354 -0.819396
v 1.281934 1.787099 -0.802865
v 1.288127 1.810424 -0.807471
v 1.121570 1.217376 -0.565225
v 1.043612 1.230209 -0.695277
v 1.060671 1.202750 -0.842043
v 1.211450 1.203796 -0.642952
v 1.170715 1.216138 -0.619261
v 1.162508 1.239915 -0.483781
v 1.208263 1.188481 -0.640458
v 1.129233 1.168581 -0.863597
v 1.191630 1.183781 -0.791144
v 1.090758 1.258768 -0.459730
v 1.031546 1.258882 -0.534681
v 1.096024 1.193527 -0.751080
v 1.057482 1.187436 -0.839546
v 1.011728 1.238866 -0.682876
v 1.180794 1.202881 -0.687757
v 1.113194 1.208820 -0.737664
v 1.132419 1.183894 -0.866092
v 1.008540 1.223551 -0.680379
v 1.144563 1.234164 -0.466572
v 1.067169 1.257558 -0.472151
v 1.066204 1.198240 -0.862641
v 1.049351 1.184116 -0.870295
v 1.179501 1.174138 -0.865831
v 1.162246 1.163156 -0.854707
v 1.156973 1.244422 -0.463181
v 1.167449 1.227916 -0.450536
v 1.043676 1.268525 -0.459990
v 1.054555 1.248875 -0.466125
v 1.073832 1.185525 -0.855507
v 1.154411 1.177449 -0.852416
v 1.109203 1.222298 -0.559443
v 1.159321 1.224601 -0.481286
v 1.087570 1.243453 -0.457235
v 1.109983 1.233842 -0.588158
v 1.086511 1.223010 -0.584074
v 1.028358 1.243567 -0.532186
v 1.161929 1.219210 -0.609076
v 1.159749 1.219735 -0.610432
v 1.112104 1.232311 -0.590957
v 1.060517 1.240055 -0.614724
v 1.054457 1.240518 -0.612428
v 1.177040 1.816138 -0.760952
v 1.061603 1.222478 -0.716214
v 1.062474 1.222374 -0.717214
v 1.166106 1.200548 -0.716568
v 1.169341 1.200353 -0.713790
v 1.093213 1.192620 -0.755843
v 1.095595 1.215680 -0.563926
v 1.102471 1.191223 -0.751528
v 1.107754 1.218577 -0.567958
v 1.088108 1.187237 -0.553418
v 1.117682 1.187236 -0.750536
v 1.082900 1.192142 -0.585260
v 1.123070 1.187480 -0.752791
v 1.104119 1.222301 -0.574777
v 1.105603 1.216491 -0.571400
v 1.100794 1.191889 -0.751676
v 1.050730 1.240038 -0.625838
v 1.266482 1.855620 -0.770286
v 1.247223 1.858561 -0.766657
v 1.259766 1.918819 -0.776474
v 1.244412 1.858648 -0.769711
v 1.256954 1.918906 -0.779527
v 1.244288 1.859617 -0.763918
v 1.256831 1.919875 -0.773735
v 1.262600 1.977901 -0.760241
v 1.263671 1.969555 -0.810103
v 1.227609 2.025867 -0.820303
v 1.231826 2.029300 -0.769504
v 1.305122 1.911077 -0.799425
v 1.302806 1.922783 -0.750152
v 1.231904 2.026105 -0.820250
v 1.230084 2.036531 -0.770752
v 1.210759 1.938009 -0.754676
v 1.214317 1.932279 -0.804923
v 1.322708 2.004903 -0.814752
v 1.320648 2.012258 -0.764745
v 1.214802 1.934024 -0.805206
v 1.206901 1.939872 -0.755072
v 1.326944 2.004910 -0.814662
v 1.322462 2.012016 -0.764666
v 1.305130 1.915256 -0.800125
v 1.306702 1.921156 -0.749796
v 1.293856 1.907227 -0.799027
v 1.214410 1.933223 -0.805081
v 1.210487 1.992524 -0.815087
v 1.256271 2.031319 -0.820601
v 1.330805 1.993809 -0.812729
v 1.330913 1.964292 -0.756496
v 1.279680 1.914208 -0.749213
v 1.222631 1.933133 -0.753607
v 1.203972 1.989584 -0.763451
v 1.243711 2.034399 -0.770099
v 1.303781 2.029988 -0.768079
v 1.300729 1.955301 -0.806924
v 1.261730 1.936015 -0.804529
v 1.233550 1.968688 -0.810599
v 1.275854 2.003859 -0.815581
v 1.297639 1.956866 -0.755966
v 1.248550 1.949356 -0.755764
v 1.237246 1.997009 -0.763984
v 1.286333 2.004519 -0.764186
v 1.266446 1.972157 -0.759197
v 1.267517 1.963810 -0.809059
v 1.272285 1.975974 -0.759710
v 1.273355 1.967628 -0.809573
v 1.268439 1.981716 -0.760754
v 1.269510 1.973370 -0.810616
v 0.866373 0.115374 -0.372416
v 0.888179 0.075922 -0.586635
v 0.875171 0.084181 -0.585983
v 0.711223 -0.745433 -0.342309
v 0.881498 0.117284 -0.374726
v 0.693902 -0.741983 -0.343262
v 1.089136 1.168490 -0.582086
v 1.087546 1.114934 -0.735576
v 1.090073 1.174558 -0.587205
v 1.092142 1.189514 -0.589219
v 1.093899 1.112177 -0.736095
v 1.102518 1.166179 -0.553253
v 1.099581 1.112487 -0.735084
v 0.701829 -0.742307 -0.331745
v 0.703081 -0.746142 -0.353659
v 1.277808 1.916709 -0.766685
v 1.253354 1.916820 -0.796933
v 1.237118 1.924677 -0.769535
v -1.886170 -0.630102 0.016722
v -0.756521 -0.150273 -0.039667
v -1.888515 -0.728318 0.010227
v -1.829245 -0.772357 -0.000649
v -1.824651 -0.820405 0.194175
v -1.804992 -0.819685 0.073242
v -1.802684 -0.811115 0.140141
v -1.837680 -0.737048 0.216100
v -1.879385 -0.638967 0.187888
v -1.902885 -0.670102 0.167032
v -1.931395 -0.639790 0.125853
v -1.902885 -0.670102 0.167032
v -1.877363 -0.640510 0.184829
v -1.915245 -0.650673 0.070026
v -1.853627 -0.654749 0.041831
v -1.857769 -0.632625 0.076437
v -1.314535 -0.479754 0.110820
v -0.740741 -0.157750 0.078614
v -1.903069 -0.667129 0.039780
v -1.863663 -0.713274 -0.023538
v -1.883291 -0.725062 0.011839
v -0.654090 0.067368 0.017875
v 0.212882 0.723826 -0.023348
v -0.818398 -0.054623 0.143693
v -1.316456 -0.477599 0.125445
v -1.819831 -0.781140 0.017253
v 0.367653 0.506751 -0.040640
v -0.738992 -0.165029 0.104725
v -1.862477 -0.672906 0.206169
v -0.064742 0.236578 0.132676
v -0.621180 0.053293 0.139424
v -1.895056 -0.606946 0.058685
v -1.833987 -0.747316 -0.011388
v -0.562076 -0.041916 -0.043226
v -1.878377 -0.633479 0.185253
v -1.893348 -0.614760 0.059981
v -0.557525 0.128744 0.016323
v -0.053606 0.219247 0.083053
v 0.238029 0.465995 0.118952
v 0.233478 0.628071 0.147896
v 0.314011 0.579333 -0.093776
v -0.100235 0.276010 -0.066093
v 0.245447 0.682211 0.121326
v 0.212342 0.721752 -0.015035
v -0.069517 0.242538 0.121048
v 0.213031 0.510633 0.072010
v -0.056182 0.223093 0.082504
v 0.248280 0.450382 0.073181
v 0.316167 0.577394 -0.095603
v 0.317818 0.575054 -0.022774
v 0.327112 0.558869 0.054070
v 0.353039 0.536137 0.123248
v 0.353058 0.535582 0.127212
v 0.282084 0.632509 0.162657
v 0.270608 0.639558 -0.033868
v 0.323998 0.568899 -0.013014
v 0.283351 0.619337 -0.110721
v 0.354137 0.526983 -0.050606
v 0.370850 0.508774 0.051207
v 0.325142 0.570591 0.065615
v 0.339928 0.553859 0.140580
v 0.292623 0.615573 0.100255
v 0.284645 0.628882 0.164179
v 0.247406 0.673961 0.047106
v 0.210565 0.723928 0.062091
v 0.245445 0.680417 0.140394
v 0.218254 0.709383 -0.041379
v 0.268423 0.675542 0.170278
v 0.273337 0.672771 0.181177
v -1.833613 -0.750393 -0.002280
v -1.806762 -0.824890 0.072608
v -1.804268 -0.805820 0.141225
v -1.805983 -0.792018 0.184789
v -1.811169 -0.787239 0.175826
v -1.840706 -0.739050 0.220135
v -1.919628 -0.646122 0.122767
v -1.816391 -0.780734 0.023030
v -1.799262 -0.816559 0.143500
v -1.856502 -0.676984 0.202191
v -1.878955 -0.641238 0.024307
v -1.860535 -0.713233 -0.019133
v 0.246956 0.667730 0.006425
v 0.271613 0.638570 0.100744
v 0.328408 0.559415 0.057243
v 0.242195 0.675238 -0.002008
v 0.274627 0.635809 0.100392
v 0.313369 0.574062 -0.024384
v 0.269840 0.647243 0.128336
v 0.243318 0.689262 0.128979
v 0.281496 0.614386 -0.040158
v 0.241224 0.670788 0.018798
v 0.271366 0.633545 0.096149
v 0.309759 0.581678 0.085377
v 0.326720 0.556003 0.012992
v -1.326067 2.155519 -0.100688
v -1.279226 2.171575 -0.072850
v -1.512826 2.815510 0.053561
v -1.569291 2.794482 0.025432
v -1.279226 2.171575 -0.072850
v -1.317733 2.126581 0.077991
v -1.500438 2.823378 0.051044
v -1.568125 2.762693 0.190248
v -1.324767 2.123734 0.064129
v -1.373995 2.107557 0.036290
v -1.625551 2.739635 0.162010
v -1.568125 2.762693 0.190248
v -1.373995 2.107557 0.036290
v -1.334247 2.154352 -0.117067
v -1.637519 2.731184 0.164540
v -1.569291 2.794482 0.025432
v -1.334154 2.751915 0.096108
v -1.387807 2.733523 -0.057189
v -1.483503 2.834852 0.024932
v -1.447774 2.832521 0.116285
v -1.409734 2.837295 0.118625
v -1.456735 2.841215 -0.001901
v -1.624438 2.540201 -0.076987
v -1.677224 2.478308 0.048541
v -1.630231 2.496391 0.195395
v -1.526238 2.611274 0.277533
v -1.336051 2.151817 0.189347
v -1.220046 2.202437 0.141899
v -1.298926 2.527965 -0.109523
v -1.229581 2.525808 0.044366
v -1.328287 2.750560 0.092726
v -1.372514 2.832604 0.111981
v -1.428651 2.782489 0.249485
v -1.366511 2.634345 0.227316
v -1.280536 2.420545 0.183182
v -1.452168 2.404206 0.247723
v -1.525033 2.261597 0.149543
v -1.440549 2.487111 -0.157446
v -1.306270 2.562782 -0.103556
v -1.367109 2.705114 -0.064423
v -1.310597 2.725793 0.087009
v -1.232422 2.562146 0.049066
v -1.300958 2.166502 -0.096182
v -1.323666 2.192504 -0.213347
v -1.461919 2.426074 0.256141
v -1.513077 2.575044 0.280747
v -1.621618 2.459156 0.190383
v -1.546616 2.289086 0.153472
v -1.162493 2.220412 -0.009520
v -1.482630 2.800874 0.203000
v -1.555499 2.727629 0.233181
v -1.453530 2.798433 0.227101
v -1.209875 2.239608 -0.147323
v -1.247641 2.361295 -0.132829
v -1.192194 2.352091 0.014215
v -1.216430 2.213309 0.137122
v -1.641982 2.693214 0.189827
v -1.380895 2.732851 -0.054674
v -1.427195 2.836296 -0.024186
v -1.365695 2.834211 0.114356
v -1.324696 2.754024 0.094519
v -1.692650 2.720261 0.098967
v -1.722967 2.695807 0.092816
v -1.545161 2.358376 -0.114117
v -1.588040 2.287971 0.009897
v -1.656241 2.756681 0.012711
v -1.677311 2.742184 -0.015048
v -1.335060 2.143106 0.190519
v -1.374127 2.237863 0.209410
v -1.473412 2.147094 0.125000
v -1.495991 2.090678 -0.029244
v -1.568942 2.805317 -0.018051
v -1.563186 2.805438 -0.055650
v -1.374886 2.130033 -0.080252
v -1.421549 2.120889 -0.139596
v -1.295054 2.532106 -0.107629
v -1.223919 2.535011 0.043008
v -1.193377 2.380636 0.018891
v -1.507991 2.090690 -0.026540
v -1.513335 2.121147 -0.017921
v -1.455152 2.157679 -0.157061
v -1.454004 2.138791 -0.163097
v -1.408966 2.141187 0.011236
v -1.464266 2.081778 -0.028524
v -1.384975 2.257270 0.217208
v -1.449746 2.404447 0.250059
v -1.529873 2.261375 0.150365
v -1.488987 2.174762 0.130369
v -1.316023 2.714190 0.089325
v -1.348894 2.600134 0.215816
v -1.419867 2.076897 0.088524
v -1.210770 2.241634 -0.147093
v -1.513466 2.673535 -0.119721
v -1.560054 2.795055 -0.090681
v -1.324767 2.123734 0.064129
v -1.325771 2.123981 0.147281
v -1.616411 2.458647 0.187526
v -1.662271 2.441429 0.042921
v -1.260052 2.390280 -0.123604
v -1.385896 2.352636 -0.178037
v -1.277123 2.201167 0.019906
v -1.234345 2.180858 0.109128
v -1.363173 2.640879 0.220427
v -1.190731 2.196863 -0.008291
v -1.232068 2.562176 0.049123
v -1.314780 2.725164 0.085303
v -1.348734 2.604204 0.221383
v -1.286155 2.454047 0.197061
v -1.514429 2.676719 -0.113243
v -1.571516 2.252104 0.003775
v -1.295429 2.456194 0.194326
v -1.243286 2.563828 0.049921
v -1.671654 2.439415 0.044154
v -1.593838 2.278246 0.011126
v -1.212218 2.228094 -0.014757
v -1.227223 2.213560 0.135196
v -1.234345 2.180858 0.109128
v -1.335837 2.145768 0.179419
v -1.445335 2.089090 0.110159
v -1.419867 2.076897 0.088524
v -1.325771 2.123981 0.147281
v -1.454865 2.093153 0.115731
v -1.503455 2.087472 -0.023355
v -1.478509 2.093393 -0.024556
v -1.431962 2.135534 -0.144608
v -1.448196 2.137081 -0.163609
v -1.568722 2.807136 -0.049945
v -1.455285 2.806695 0.026785
v -1.676866 2.716811 -0.045133
v -1.756079 2.676082 0.082887
v -1.729083 2.647875 0.085837
v -1.558315 2.769816 -0.107117
v -1.567572 2.757770 0.225079
v -1.692931 2.719450 0.104097
v -1.559615 2.719879 0.233399
v -1.682662 2.678938 0.108514
v -1.632704 2.727812 -0.004990
v -1.554841 2.757097 0.250618
v -1.554440 2.726210 0.218973
v -1.449104 2.812383 0.017347
v -1.745609 2.659187 0.093976
v -1.616118 2.705830 0.283901
v -1.628886 2.664826 0.266448
v -1.489702 2.830942 0.030641
v -1.744082 2.690535 0.102356
v -1.718885 2.664883 0.089232
v -1.557775 2.705609 0.287275
v -1.457353 2.170969 -0.146369
v -1.380175 2.337174 -0.180304
v -1.536040 2.347762 -0.106307
v -1.443055 2.500288 -0.147134
v -1.613566 2.527311 -0.068225
v -1.512554 2.671882 -0.111039
v -1.486170 2.653878 -0.088978
v -1.506829 2.140505 -0.013169
v -1.570307 2.272067 0.013441
v -1.666341 2.460464 0.049227
v -1.615602 2.528289 -0.076300
v -1.518116 2.146559 -0.015032
v -1.518881 2.121906 -0.015109
v -1.537538 2.275991 0.158927
v -1.579805 2.268092 0.010083
v -1.627776 2.474609 0.210168
v -1.679520 2.454553 0.052915
v -1.379066 2.252820 0.200830
v -1.458138 2.417233 0.247515
v -1.521809 2.590827 0.287363
v -1.191090 2.358999 0.078535
v -1.387119 2.252132 0.191777
v -1.203650 2.338683 0.057298
v -1.292889 2.440109 0.174628
v -1.357225 2.618440 0.223589
v -1.230899 2.546338 0.049093
v -1.281455 2.440823 0.190273
v -1.317231 2.737681 0.095449
v -1.349108 2.622195 0.224281
v -1.236374 2.374035 -0.132259
v -1.222414 2.557709 0.038153
v -1.439156 2.500037 -0.166896
v -1.381919 2.724809 -0.055256
v -1.336442 2.728539 0.093657
v -1.370649 2.342529 -0.200124
v -1.247465 2.374975 -0.147990
v -1.247119 2.294532 0.159698
v -1.543711 2.297608 0.155122
v -1.464653 2.434070 0.251514
v -1.457676 2.142652 -0.162384
v -1.373762 2.320482 -0.184661
v -1.200198 2.244450 -0.169036
v -1.313970 2.565889 -0.102110
v -1.450750 2.514198 -0.152323
v -1.518682 2.117296 -0.020924
v -1.464743 2.182588 -0.149849
v -1.536914 2.341164 -0.118291
v -1.547817 2.365619 -0.112468
v -1.618593 2.517214 -0.085858
v -1.502673 2.652332 -0.122732
v -1.453644 2.518908 -0.159250
v -1.431903 2.843142 -0.023531
v -1.376582 2.838896 0.115393
v -1.259178 2.327802 0.162471
v -1.205490 2.381036 0.018431
v -1.245441 2.289510 0.152647
v -1.375841 2.230099 0.202343
v -1.487028 2.182045 0.130853
v -1.390988 2.267303 0.211581
v -1.509362 2.119337 -0.021825
v -1.456850 2.158234 -0.153528
v -1.679792 2.468025 0.050693
v -1.752910 2.664870 0.089196
v -1.695091 2.722191 -0.046387
v -1.627465 2.535916 -0.081596
v -1.376398 2.325194 -0.182826
v -1.248161 2.351006 -0.129613
v -1.689984 2.723023 -0.038586
v -1.561606 2.799962 -0.087285
v -1.469021 2.147530 0.126217
v -1.519096 2.607549 0.301276
v -1.430955 2.790358 0.248790
v -1.194681 2.340805 0.012490
v -1.503350 2.648369 -0.119656
v -1.369178 2.696552 -0.064858
v -1.520719 2.605457 0.292516
v -1.561695 2.715305 0.313972
v -1.687580 2.670652 0.236516
v -1.632920 2.488362 0.194465
v -1.743762 2.668957 0.088183
v -1.524805 2.155722 -0.017664
v -1.250100 2.321836 0.168489
v -1.280578 2.426410 0.188947
v -1.451164 2.402247 0.253342
v -1.386695 2.260731 0.219161
v -1.752653 2.664903 0.089116
v -1.682970 2.469462 0.050131
v -1.247275 2.361919 -0.132399
v -1.375247 2.235747 0.213184
v -1.335060 2.143106 0.190519
v -1.454019 2.513826 -0.153247
v -1.504982 2.654593 -0.124456
v -1.590254 2.277127 0.011740
v -1.666703 2.442964 0.046790
v -1.389006 2.355216 -0.197069
v -1.439699 2.487513 -0.168645
v -1.286841 2.452518 0.193695
v -1.344074 2.603219 0.224207
v -1.527659 2.143483 -0.016779
v -1.575548 2.252866 0.007319
v -1.538713 2.338845 -0.122288
v -1.466969 2.188782 -0.149119
v -1.627752 2.538232 -0.078073
v -1.695177 2.722186 -0.046476
v -1.613631 2.513813 -0.082450
v -1.194003 2.378211 0.017613
v -1.227676 2.534591 0.041061
v -1.580128 2.249134 0.004945
v -1.530208 2.147355 -0.016133
v -1.512705 2.575466 0.282506
v -1.513067 2.569871 0.270975
v -1.532575 2.260085 0.153302
v -1.367228 2.323480 -0.183611
v -1.426130 2.838658 -0.029734
v -1.689536 2.680467 0.236063
v -1.560934 2.727407 0.298238
v -1.471466 2.184098 -0.144448
v -1.385538 2.352709 -0.181768
v -1.623273 2.458744 0.193616
v -1.357960 2.634263 0.231765
v -1.248330 2.388580 -0.132290
v -1.476029 2.146173 0.129432
v -1.551300 2.363273 -0.107071
v -1.557151 2.718151 0.302880
v -1.379386 2.733687 -0.060866
v -1.250229 2.388596 -0.134362
v -1.439582 2.481588 -0.156360
v -1.447770 2.832513 0.116284
v -1.563339 2.809702 -0.031177
v -1.421628 2.807914 0.105566
v -1.472120 2.798202 0.237413
v -1.467956 2.770065 0.196895
v -1.707966 2.674891 0.108522
v -1.564239 2.745120 0.274122
v -1.434403 2.778592 0.232420
v -1.692628 2.720207 0.098958
v -1.461370 2.800447 0.226848
v -1.554944 2.729266 0.277841
v -1.390821 2.804888 0.159069
v -1.512826 2.815510 0.053561
v -1.489309 2.814597 0.113456
v -1.456317 2.828972 0.115816
v -1.489703 2.830944 0.030641
v -1.512152 2.793139 0.170126
v -1.568125 2.762693 0.190248
v -1.567571 2.757766 0.225078
v -1.488811 2.799249 0.196523
v -1.625551 2.739635 0.162010
v -1.646940 2.726641 0.186004
v -1.650096 2.738590 0.101997
v -1.684139 2.724080 0.099760
v -1.626395 2.762103 0.045467
v -1.650176 2.757797 0.019236
v -1.569291 2.794482 0.025432
v -1.569317 2.802912 -0.009232
v -1.561668 2.800764 -0.080976
v -1.436998 2.842492 -0.019830
v -1.416503 2.840227 0.114965
v -1.382913 2.838903 0.115985
v -1.435447 2.792425 0.245111
v -1.742320 2.676250 0.091214
v -1.688643 2.729885 -0.035007
v -1.549334 2.768517 -0.071088
v -1.433174 2.805894 -0.013613
v -1.382362 2.807670 0.110037
v -1.430966 2.768393 0.233057
v -1.552379 2.712049 0.281882
v -1.672518 2.666856 0.223559
v -1.727978 2.658170 0.087958
v -1.671958 2.706739 -0.031492
v -1.557460 2.776207 -0.018882
v -1.473643 2.806633 0.022786
v -1.436490 2.799609 0.109842
v -1.469283 2.764963 0.193024
v -1.639947 2.723028 0.009302
v -1.676716 2.690016 0.093320
v -1.637698 2.695027 0.183306
v -1.553036 2.722844 0.222874
v -1.672392 2.691814 0.093665
v -1.681725 2.746081 -0.019656
v -1.554236 2.808237 -0.097070
v -1.549341 2.770630 -0.083035
v -1.357253 2.816885 0.103399
v -1.684523 2.706287 0.093333
v -1.650319 2.740100 0.012837
v -1.562825 2.801994 -0.076929
v -1.454927 2.827105 -0.003153
v -1.650187 2.757822 0.019242
v -1.486045 2.835590 0.019132
v -1.643281 2.727641 -0.001013
v -1.555748 2.773795 -0.024156
v -1.387429 2.839488 0.115776
v -1.483866 2.782214 0.195241
v -1.448718 2.813958 0.108580
v -1.474929 2.800161 0.024535
v -1.568943 2.805320 -0.018050
v -1.703089 2.717140 0.092793
v -1.562062 2.773125 -0.041368
v -1.443683 2.773670 0.233136
v -1.391647 2.819545 0.106095
v -1.680912 2.687861 0.092852
v -1.552997 2.716012 0.313044
v -1.522357 2.607839 0.292163
v -1.395114 2.629974 0.248591
v -1.451410 2.768417 0.270100
v -1.554910 2.716112 0.307701
v -1.373931 2.366553 -0.220847
v -1.434940 2.487633 -0.175082
v -1.436347 2.486533 -0.170539
v -1.314669 2.526763 -0.127035
v -1.272353 2.385783 -0.144724
v -1.384274 2.355998 -0.190533
v 0.712287 1.500828 -0.646899
v 0.853746 1.432656 -0.654987
v 0.853776 1.432639 -0.654955
v 1.029770 1.308278 -0.514701
v 1.017525 1.240965 -0.326737
v 0.971911 1.245993 -0.221783
v 0.971905 1.245996 -0.221786
v 0.849605 1.286868 -0.110357
v 0.693929 1.359637 -0.097624
v 0.693899 1.359654 -0.097655
v 0.564919 1.443512 -0.170107
v 0.510929 1.510303 -0.319492
v 0.510944 1.510304 -0.319534
v 0.572134 1.542667 -0.547172
v 0.856061 1.432301 -0.655199
v 0.861177 1.411826 -0.690405
v 0.316819 0.872891 -0.791417
v 0.531424 0.778938 -0.833035
v 0.531461 0.778919 -0.833050
v 0.652195 0.701284 -0.768858
v 0.722203 0.627412 -0.624012
v 0.653248 0.600339 -0.397906
v 0.653242 0.600332 -0.397862
v 0.524823 0.633134 -0.287748
v 0.371605 0.705921 -0.275716
v 0.371566 0.705939 -0.275697
v 0.240859 0.790106 -0.350014
v 0.188620 0.856575 -0.497570
v 0.188598 0.856600 -0.497601
v 0.210765 0.886653 -0.650340
v 0.654640 1.518714 -0.607825
v 0.752057 1.482185 -0.650085
v 0.852833 1.432645 -0.650641
v 0.941631 1.377643 -0.609406
v 1.004918 1.325529 -0.532663
v 1.033067 1.284250 -0.432094
v 1.021795 1.260097 -0.323006
v 0.972811 1.256730 -0.222013
v 0.893585 1.274690 -0.144482
v 0.796163 1.311209 -0.102224
v 0.695379 1.360738 -0.101671
v 0.606596 1.415767 -0.142899
v 0.543303 1.467869 -0.219644
v 0.515147 1.509135 -0.320218
v 0.526425 1.533298 -0.429302
v 0.575407 1.536661 -0.530297
v 0.692159 1.361092 -0.097110
v 0.666425 1.339751 -0.073294
v 1.056816 1.243462 -0.325331
v 0.491403 1.549934 -0.426978
v 1.016523 1.236988 -0.329745
v 0.511078 1.514590 -0.433954
v 1.025685 1.257372 -0.320048
v 1.020432 1.233306 -0.323307
v 0.504614 1.547332 -0.441338
v 0.507170 1.518272 -0.440392
v 0.693461 1.351436 -0.064010
v 0.683763 1.332933 -0.079649
v 0.853024 1.435714 -0.662229
v 0.843839 1.418645 -0.684050
v 0.691560 1.481715 -0.639941
v 0.889499 1.384411 -0.641032
v 1.013807 1.282056 -0.490299
v 0.991666 1.234613 -0.276035
v 0.836044 1.269867 -0.123757
v 0.686365 1.340426 -0.111863
v 0.560470 1.421848 -0.182889
v 0.509086 1.486391 -0.326827
v 0.535935 1.516966 -0.487665
v 0.679595 1.079499 -0.769359
v 0.714749 1.135709 -0.751912
v 0.871739 0.971794 -0.577866
v 0.960650 1.123824 -0.358552
v 0.959900 1.124093 -0.358573
v 1.017525 1.240965 -0.326737
v 0.834132 0.866029 -0.428447
v 0.909972 1.118752 -0.255889
v 0.687424 0.959147 -0.197827
v 0.532218 1.032272 -0.185540
v 0.532287 1.032383 -0.185507
v 0.401709 1.116744 -0.259133
v 0.348431 1.183587 -0.408404
v 0.348379 1.220566 -0.400422
v 0.444120 1.207624 -0.669627
v 0.909172 1.119172 -0.256222
v 0.283414 0.880066 -0.758034
v 0.481138 0.805937 -0.843802
v 0.661353 0.694291 -0.760115
v 0.718480 0.610501 -0.556003
v 0.619074 0.603694 -0.351018
v 0.473657 0.654988 -0.276106
v 0.321355 0.732971 -0.286706
v 0.216654 0.814216 -0.395451
v 0.184001 0.873244 -0.553053
v 0.891267 0.991736 -0.924311
v 0.891267 0.991736 -0.910091
v 0.899579 0.983425 -0.924311
v 0.899579 0.983425 -0.910091
v 0.899579 0.971671 -0.924311
v 0.899579 0.971671 -0.910091
v 0.891267 0.963359 -0.924311
v 0.891267 0.963359 -0.910091
v 0.879513 0.963359 -0.924311
v 0.879513 0.963359 -0.910091
v 0.871202 0.971671 -0.924311
v 0.871202 0.971671 -0.910091
v 0.871202 0.983425 -0.924311
v 0.871202 0.983425 -0.910091
v 0.879513 0.991736 -0.924311
v 0.879513 0.991736 -0.910091
v 0.902517 0.984642 -0.910091
v 0.868263 0.970454 -0.910091
v 0.878702 0.993696 -0.924311
v 0.903870 0.977548 -0.924311
v 0.872323 0.964481 -0.924311
v 0.891267 0.991736 -0.864233
v 0.891267 0.991736 -0.846987
v 0.899579 0.983425 -0.864233
v 0.899579 0.983425 -0.846987
v 0.899579 0.971671 -0.864233
v 0.899579 0.971671 -0.846987
v 0.891267 0.963359 -0.864233
v 0.891267 0.963359 -0.846987
v 0.879513 0.963359 -0.864233
v 0.879513 0.963359 -0.846987
v 0.871202 0.971671 -0.864233
v 0.871202 0.971671 -0.846987
v 0.888599 0.969802 -0.846987
v 0.888599 0.969802 -0.839103
v 0.871202 0.983425 -0.864233
v 0.871202 0.983425 -0.846987
v 0.879513 0.991736 -0.864233
v 0.879513 0.991736 -0.846987
v 0.891951 0.988612 -0.846987
v 0.892147 0.980347 -0.846987
v 0.897766 0.982674 -0.846987
v 0.892147 0.974749 -0.846987
v 0.897766 0.972422 -0.846987
v 0.888189 0.970791 -0.846987
v 0.890516 0.965172 -0.846987
v 0.882591 0.970791 -0.846987
v 0.880264 0.965172 -0.846987
v 0.876305 0.968462 -0.846987
v 0.872908 0.982718 -0.846987
v 0.893136 0.980756 -0.846987
v 0.893136 0.980756 -0.839103
v 0.877644 0.980756 -0.846987
v 0.877644 0.980756 -0.839103
v 0.882182 0.969802 -0.846987
v 0.882182 0.969802 -0.839103
v 0.893136 0.974339 -0.846987
v 0.893136 0.974339 -0.839103
v 0.888599 0.985294 -0.846987
v 0.888599 0.985294 -0.839103
v 0.882181 0.985294 -0.846987
v 0.882181 0.985294 -0.839103
v 0.877644 0.974339 -0.846987
v 0.877644 0.974339 -0.839103
v 0.878702 0.993696 -0.864233
v 0.903870 0.977548 -0.864233
v 0.872323 0.964481 -0.864233
v 0.894740 0.981421 -0.839103
v 0.876040 0.973675 -0.839103
v 0.891267 0.991737 -0.179777
v 0.891267 0.991736 -0.162531
v 0.899579 0.983425 -0.179777
v 0.899579 0.983425 -0.162531
v 0.899579 0.971671 -0.179777
v 0.899579 0.971671 -0.162531
v 0.891267 0.963359 -0.179777
v 0.891267 0.963360 -0.162531
v 0.879513 0.963360 -0.179777
v 0.879513 0.963360 -0.162531
v 0.871202 0.971671 -0.179777
v 0.871202 0.971671 -0.162531
v 0.871202 0.983425 -0.179777
v 0.871202 0.983425 -0.162531
v 0.879513 0.991736 -0.179777
v 0.879513 0.991736 -0.162531
v 0.888443 0.970177 -0.179777
v 0.888443 0.970177 -0.188992
v 0.888054 0.983977 -0.179777
v 0.890517 0.989924 -0.179777
v 0.891820 0.980211 -0.179777
v 0.897766 0.982674 -0.179777
v 0.891820 0.974885 -0.179777
v 0.897766 0.972422 -0.179777
v 0.878151 0.968844 -0.179777
v 0.893207 0.965717 -0.179777
v 0.878960 0.974885 -0.179777
v 0.873014 0.972422 -0.179777
v 0.878960 0.980211 -0.179777
v 0.873014 0.982674 -0.179777
v 0.882726 0.983977 -0.179777
v 0.880263 0.989924 -0.179777
v 0.892762 0.980601 -0.179777
v 0.892762 0.980601 -0.188992
v 0.878018 0.980601 -0.179777
v 0.878018 0.980601 -0.188992
v 0.882336 0.970177 -0.179777
v 0.882336 0.970177 -0.188992
v 0.892762 0.974495 -0.179777
v 0.892762 0.974495 -0.188992
v 0.888444 0.984919 -0.179777
v 0.888444 0.984919 -0.188992
v 0.882336 0.984919 -0.179777
v 0.882336 0.984919 -0.188992
v 0.878019 0.974495 -0.179777
v 0.878019 0.974495 -0.188992
v 0.902517 0.970454 -0.162531
v 0.868263 0.984642 -0.162531
v 0.877099 0.977548 -0.188992
v 0.894991 0.977548 -0.188992
v 0.891261 0.988096 -0.115765
v 0.891261 0.987329 -0.101566
v 0.899578 0.979810 -0.116213
v 0.899578 0.979044 -0.102014
v 0.899572 0.968076 -0.116847
v 0.899572 0.967310 -0.102647
v 0.891273 0.959759 -0.117295
v 0.891273 0.958992 -0.103096
v 0.879519 0.959789 -0.117294
v 0.879519 0.959022 -0.103094
v 0.871195 0.968071 -0.116847
v 0.871195 0.967304 -0.102647
v 0.871201 0.979811 -0.116213
v 0.871201 0.979045 -0.102014
v 0.879507 0.988124 -0.115764
v 0.879507 0.987358 -0.101565
v 0.901538 0.979855 -0.101976
v 0.872322 0.986224 -0.101622
v 0.885390 0.954721 -0.103307
v 0.878702 0.990067 -0.115663
v 0.903870 0.973942 -0.116524
v 0.872323 0.960894 -0.117243
v 0.692235 1.112777 -1.017416
v 0.692235 1.114955 -0.989957
v 0.704662 1.100390 -1.016433
v 0.704662 1.102568 -0.988975
v 0.704662 1.082870 -1.015043
v 0.704662 1.085048 -0.987585
v 0.692242 1.070466 -1.014059
v 0.692242 1.072644 -0.986600
v 0.674667 1.070496 -1.014061
v 0.674667 1.072674 -0.986602
v 0.662232 1.082869 -1.015043
v 0.662232 1.085047 -0.987585
v 0.662232 1.100390 -1.016433
v 0.662232 1.102568 -0.988975
v 0.674660 1.112780 -1.017416
v 0.674660 1.114958 -0.989958
v 0.702987 1.113285 -0.989831
v 0.659304 1.103778 -0.989068
v 0.683448 1.066261 -0.986111
v 0.693449 1.115698 -1.017648
v 0.702986 1.072152 -1.014192
v 0.655816 1.091631 -1.015736
v -0.007039 1.113200 -1.017416
v -0.008563 1.114757 -0.989957
v 0.010508 1.113041 -1.016433
v 0.008984 1.114598 -0.988975
v 0.022778 1.100526 -1.015043
v 0.021253 1.102083 -0.987584
v 0.022534 1.082980 -1.014061
v 0.021010 1.084537 -0.986602
v 0.009988 1.070680 -1.014060
v 0.008464 1.072237 -0.986601
v -0.007559 1.070840 -1.015043
v -0.009083 1.072397 -0.987585
v -0.019800 1.083367 -1.016433
v -0.021324 1.084924 -0.988975
v -0.019614 1.100913 -1.017417
v -0.021138 1.102470 -0.989959
v -0.009738 1.117694 -0.990182
v -0.024278 1.083734 -0.989069
v 0.009639 1.069301 -0.986376
v 0.024178 1.103261 -0.987493
v -0.008214 1.116136 -1.017649
v 0.025703 1.101704 -1.014946
v 0.011163 1.067744 -1.013828
v -0.022753 1.082176 -1.016529
v -0.751568 1.099988 -1.017416
v -0.753740 1.099826 -0.989957
v -0.740137 1.113298 -1.016433
v -0.742310 1.113136 -0.988974
v -0.722670 1.114604 -1.015043
v -0.724843 1.114442 -0.987584
v -0.709388 1.103138 -1.014060
v -0.711560 1.102976 -0.986601
v -0.708081 1.085612 -1.014060
v -0.710253 1.085450 -0.986601
v -0.719506 1.072289 -1.015043
v -0.721679 1.072127 -0.987584
v -0.736983 1.070987 -1.016433
v -0.739155 1.070825 -0.988975
v -0.750262 1.082461 -1.017416
v -0.752434 1.082299 -0.989958
v -0.743737 1.115973 -0.989078
v -0.755254 1.080872 -0.990186
v -0.720257 1.069303 -0.987492
v -0.708740 1.104403 -0.986362
v -0.753082 1.081034 -1.017648
v -0.731883 1.120355 -1.015735
v -0.708946 1.074766 -1.014193
v 0.672468 0.756532 -0.997053
v 0.669659 0.758461 -0.969720
v 0.689674 0.759788 -0.995513
v 0.686865 0.761717 -0.968181
v 0.704043 0.749911 -0.993339
v 0.701234 0.751840 -0.966006
v 0.707193 0.732687 -0.991800
v 0.704384 0.734616 -0.964467
v 0.697235 0.718197 -0.991801
v 0.694425 0.720127 -0.964468
v 0.680031 0.714938 -0.993339
v 0.677222 0.716868 -0.966006
v 0.665673 0.724823 -0.995512
v 0.662863 0.726752 -0.968180
v 0.662524 0.742037 -0.997052
v 0.659714 0.743966 -0.969719
v 0.697688 0.762070 -0.967103
v 0.654998 0.734163 -0.969504
v 0.696130 0.717486 -0.964099
v 0.679930 0.764446 -0.996837
v 0.707453 0.721841 -0.990989
v 0.663004 0.723077 -0.995667
v -0.017821 0.748708 -0.997071
v -0.020767 0.749897 -0.969710
v -0.004171 0.759742 -0.996082
v -0.007117 0.760931 -0.968721
v 0.013195 0.757876 -0.994130
v 0.010249 0.759066 -0.966769
v 0.024104 0.744219 -0.992363
v 0.021159 0.745409 -0.965002
v 0.022200 0.726755 -0.991808
v 0.019254 0.727944 -0.964447
v 0.008543 0.715729 -0.992799
v 0.005597 0.716918 -0.965438
v -0.008829 0.717577 -0.994749
v -0.011774 0.718767 -0.967389
v -0.019732 0.731247 -0.996518
v -0.022677 0.732436 -0.969157
v -0.023521 0.751408 -0.970072
v -0.003791 0.711470 -0.966209
v 0.020693 0.756269 -0.965524
v -0.022770 0.730347 -0.996805
v -0.005047 0.762776 -0.996309
v 0.027143 0.745118 -0.992075
v 0.009421 0.712690 -0.992573
v -0.742746 0.757396 -0.996479
v -0.743571 0.759672 -0.969041
v -0.725251 0.759082 -0.996093
v -0.726076 0.761358 -0.968655
v -0.711715 0.747954 -0.994763
v -0.712540 0.750231 -0.967325
v -0.710049 0.730525 -0.993267
v -0.710874 0.732802 -0.965829
v -0.721247 0.717010 -0.992482
v -0.722072 0.719286 -0.965044
v -0.738733 0.715282 -0.992864
v -0.739558 0.717559 -0.965426
v -0.752263 0.726425 -0.994195
v -0.753088 0.728702 -0.966757
v -0.753927 0.743853 -0.995692
v -0.754752 0.746129 -0.968253
v -0.735427 0.766873 -0.969402
v -0.750409 0.718195 -0.965817
v -0.707844 0.731882 -0.965666
v -0.724320 0.762106 -0.996312
v -0.710700 0.719699 -0.992389
v -0.759485 0.734517 -0.995079
v 0.670466 -1.049283 -0.979596
v 0.671191 -1.047354 -0.952128
v 0.687727 -1.046025 -0.980281
v 0.688453 -1.044096 -0.952813
v 0.702263 -1.055900 -0.979971
v 0.702989 -1.053971 -0.952503
v 0.705566 -1.073126 -0.978848
v 0.706292 -1.071197 -0.951381
v 0.695706 -1.087625 -0.977569
v 0.696432 -1.085695 -0.950102
v 0.678446 -1.090860 -0.976886
v 0.679172 -1.088931 -0.949419
v 0.663906 -1.081004 -0.977194
v 0.664632 -1.079075 -0.949727
v 0.660622 -1.063782 -0.978318
v 0.661347 -1.061853 -0.950850
v 0.678619 -1.039440 -0.952880
v 0.661984 -1.080809 -0.949536
v 0.706666 -1.082045 -0.950628
v 0.660229 -1.052930 -0.979070
v 0.710216 -1.063320 -0.979658
v 0.677803 -1.093974 -0.976649
v -0.035117 -1.049283 -0.979596
v -0.034391 -1.047354 -0.952128
v -0.017856 -1.046025 -0.980281
v -0.017130 -1.044096 -0.952813
v -0.003320 -1.055900 -0.979971
v -0.002594 -1.053971 -0.952503
v -0.000017 -1.073126 -0.978848
v 0.000709 -1.071197 -0.951381
v -0.009877 -1.087625 -0.977569
v -0.009151 -1.085695 -0.950102
v -0.027137 -1.090860 -0.976886
v -0.026411 -1.088931 -0.949419
v -0.041665 -1.080997 -0.977195
v -0.040939 -1.079068 -0.949728
v -0.044978 -1.063778 -0.978317
v -0.044253 -1.061849 -0.950850
v -0.026964 -1.039440 -0.952880
v -0.043599 -1.080809 -0.949536
v 0.001083 -1.082045 -0.950628
v -0.036854 -1.046645 -0.979735
v 0.004633 -1.063320 -0.979658
v -0.038010 -1.091231 -0.976568
v -0.693040 -1.049282 -0.979597
v -0.692315 -1.047353 -0.952129
v -0.675779 -1.046025 -0.980281
v -0.675053 -1.044096 -0.952813
v -0.661243 -1.055900 -0.979971
v -0.660517 -1.053971 -0.952503
v -0.657940 -1.073126 -0.978848
v -0.657214 -1.071197 -0.951381
v -0.667800 -1.087625 -0.977569
v -0.667074 -1.085695 -0.950102
v -0.685059 -1.090860 -0.976886
v -0.684334 -1.088931 -0.949419
v -0.699588 -1.080997 -0.977195
v -0.698862 -1.079067 -0.949728
v -0.702901 -1.063778 -0.978317
v -0.702176 -1.061849 -0.950850
v -0.684887 -1.039440 -0.952880
v -0.701522 -1.080809 -0.949536
v -0.656840 -1.082045 -0.950628
v -0.694777 -1.046645 -0.979735
v -0.653290 -1.063320 -0.979658
v -0.695933 -1.091231 -0.976568
v 1.200272 0.202912 -0.287529
v 1.425394 0.492426 -0.443377
v 1.438950 0.474104 -0.428589
v 1.762611 0.312226 -0.261778
v 1.761514 0.298791 -0.252890
v 1.506106 0.027159 -0.114499
v 1.498340 0.009059 -0.103638
v 1.216931 0.208923 -0.288643
v 1.297758 -0.130564 -0.792518
v 1.199011 0.198299 -0.284635
v 1.497089 0.056888 -0.136198
v 1.583223 -0.305310 -0.623777
v 1.210653 0.196215 -0.281164
v 1.324841 -0.133566 -0.785689
v 1.437538 0.448332 -0.411415
v 1.528252 0.104733 -0.910758
v 1.444494 0.460610 -0.418484
v 1.534497 0.127923 -0.925331
v 1.708759 0.297628 -0.261453
v 1.792879 -0.043821 -0.763418
v 1.704268 0.293035 -0.259144
v 1.798462 -0.046543 -0.760589
v 1.509736 0.037206 -0.120649
v 1.595818 -0.296209 -0.627699
v 1.259619 0.124771 -0.241725
v 1.229735 0.198007 -0.296535
v 1.684228 0.361169 -0.326305
v 1.714110 0.287933 -0.271495
v 1.236723 0.278084 -0.349441
v 1.707121 0.207847 -0.218583
v 1.279522 0.352829 -0.392390
v 1.664328 0.133111 -0.175638
v 1.351608 0.410840 -0.418837
v 1.592246 0.075103 -0.149194
v 1.442013 0.443296 -0.424760
v 1.501834 0.042645 -0.143271
v 1.536958 0.445252 -0.409257
v 1.406883 0.040687 -0.158775
v 1.622022 0.416414 -0.374682
v 1.321825 0.069525 -0.193347
v 1.362618 -0.259542 -0.718818
v 1.364263 -0.257769 -0.717386
v 1.305360 -0.147824 -0.804913
v 1.301662 -0.104345 -0.832200
v 1.305201 -0.147941 -0.804952
v 1.327693 -0.019954 -0.886999
v 1.391301 0.052209 -0.922180
v 1.526469 0.120600 -0.946145
v 1.580676 0.120201 -0.934578
v 1.530181 0.112047 -0.940861
v 1.680488 0.105760 -0.909473
v 1.758855 0.059794 -0.862161
v 1.828398 -0.048276 -0.778457
v 1.821461 -0.093625 -0.747346
v 1.818591 -0.052612 -0.778419
v 1.795980 -0.180141 -0.695700
v 1.731817 -0.250179 -0.657377
v 1.597047 -0.320099 -0.635671
v 1.542442 -0.318172 -0.644968
v 1.592374 -0.322226 -0.635638
v 1.581938 -0.217090 -0.693918
v 1.251592 -0.106385 -0.718615
v 1.279813 -0.091988 -0.723347
v 1.501641 0.199738 -0.881275
v 1.578219 -0.265262 -0.553309
v 1.326965 -0.011085 -0.284186
v 1.418973 -0.042275 -0.246780
v 1.583971 -0.269076 -0.549712
v 1.404076 0.183467 -0.790908
v 1.502929 0.218938 -0.797407
v 1.835532 0.003927 -0.689710
v 1.819590 0.009258 -0.696140
v 1.518244 0.195110 -0.875204
v 1.508347 -0.005612 -0.158645
v 1.180038 0.172896 -0.337523
v 1.442873 0.441210 -0.472354
v 1.447206 0.446896 -0.475430
v 1.764531 0.279510 -0.306018
v 1.750999 0.268707 -0.301113
v 1.519921 -0.015991 -0.149576
v 1.570540 -0.220662 -0.488198
v 1.526164 -0.048543 -0.223536
v 1.566207 -0.226349 -0.485121
v 1.520412 -0.044729 -0.227135
v 1.191022 0.161774 -0.328056
v 1.718995 0.304420 -0.427994
v 1.651705 0.364181 -0.480322
v 1.607932 0.039050 -0.171190
v 1.510138 0.003936 -0.164792
v 1.269640 0.339481 -0.434273
v 1.347621 0.402233 -0.462886
v 1.259674 0.048677 -0.336512
v 1.619492 -0.005051 -0.236416
v 1.697473 0.057701 -0.265030
v 1.281200 0.295383 -0.499495
v 1.234907 0.214532 -0.453042
v 1.315406 0.033010 -0.218968
v 1.248117 0.092768 -0.271300
v 1.640148 0.408270 -0.415114
v 1.707440 0.348507 -0.362788
v 1.227348 0.127902 -0.395808
v 1.559695 0.395375 -0.517722
v 1.685913 0.101803 -0.199803
v 1.223346 0.258635 -0.387813
v 1.215788 0.172000 -0.330586
v 1.743767 0.138548 -0.311489
v 1.548138 0.439465 -0.452511
v 1.445416 0.437345 -0.469288
v 1.359179 0.358141 -0.528099
v 1.456973 0.393255 -0.534497
v 1.407416 0.001816 -0.181567
v 1.739768 0.269274 -0.303502
v 1.521696 -0.040155 -0.230004
v 1.751324 0.225186 -0.368711
v 1.732208 0.182644 -0.246269
v 1.196244 0.171115 -0.333447
v 1.213875 0.127084 -0.397627
v 1.434351 0.464474 -0.489593
v 1.442451 0.427685 -0.560360
v 1.449150 0.475168 -0.494201
v 1.459559 0.422916 -0.554102
v 1.752751 0.273367 -0.303954
v 1.770072 0.231410 -0.369591
v 1.784572 0.269840 -0.295929
v 1.786498 0.225916 -0.362966
v 1.513742 -0.006636 -0.156997
v 1.527285 -0.055391 -0.218708
v 1.509277 -0.012495 -0.153826
v 1.521358 -0.051461 -0.222416
v 1.182300 0.159984 -0.328392
v 1.184795 0.112250 -0.392751
v 1.248883 -0.058962 -0.654532
v 1.193785 0.114149 -0.392441
v 1.237899 -0.047840 -0.663999
v 1.200945 0.128639 -0.400970
v 1.452505 0.401641 -0.540969
v 1.500733 0.220473 -0.798829
v 1.505066 0.226160 -0.801907
v 1.458256 0.397827 -0.537371
v 1.784885 0.238950 -0.372064
v 1.822390 0.058773 -0.632495
v 1.833375 0.047651 -0.623029
v 1.777725 0.224459 -0.363535
v 1.289968 -0.005568 -0.779944
v 1.282331 -0.093142 -0.722112
v 1.757518 -0.164100 -0.589929
v 1.804309 -0.082380 -0.636882
v 1.270828 -0.049255 -0.657201
v 1.278467 0.038313 -0.715044
v 1.606758 0.221072 -0.780464
v 1.699756 0.189548 -0.742652
v 1.315007 -0.173224 -0.662183
v 1.383020 -0.233622 -0.609283
v 1.618260 0.177194 -0.845360
v 1.514429 0.175062 -0.862301
v 1.792805 -0.038494 -0.571972
v 1.746011 -0.120204 -0.525005
v 1.371516 -0.189732 -0.544367
v 1.303502 -0.129334 -0.597268
v 1.811948 0.005185 -0.694727
v 1.476022 -0.265161 -0.571492
v 1.579851 -0.263024 -0.554545
v 1.415582 0.139576 -0.855825
v 1.800447 0.049063 -0.629829
v 1.779275 0.085260 -0.754666
v 1.336763 0.076144 -0.826909
v 1.767772 0.129143 -0.689763
v 1.667189 -0.183628 -0.496077
v 1.678699 -0.227537 -0.561019
v 1.568343 -0.219123 -0.489615
v 1.325257 0.120037 -0.761990
v 1.711261 0.145658 -0.807567
v 1.464516 -0.221266 -0.506570
v 1.233892 -0.062040 -0.655108
v 1.236141 -0.109647 -0.719149
v 1.248133 -0.050672 -0.660270
v 1.491290 0.248909 -0.819729
v 1.499263 0.212479 -0.890311
v 1.265838 -0.094498 -0.724128
v 1.506403 0.259829 -0.824434
v 1.516734 0.207607 -0.883922
v 1.816442 0.053749 -0.630152
v 1.833832 0.012041 -0.695497
v 1.848940 0.050146 -0.621958
v 1.850607 0.006431 -0.688731
v 1.572364 -0.232193 -0.480079
v 1.585896 -0.280843 -0.541414
v 1.567805 -0.238176 -0.476841
v 1.579844 -0.276829 -0.545200
v 1.155825 0.413315 -0.553755
v 1.208355 0.367887 -0.540466
v 1.168092 0.379701 -0.599367
v 1.303020 0.326624 -0.469460
v 1.092707 0.374433 -0.588253
v 1.170543 0.363743 -0.493395
v 1.182093 0.337735 -0.524545
v 1.293716 0.338490 -0.446801
v 1.306772 0.316037 -0.486870
v 1.284343 0.324455 -0.438508
v 1.142872 0.352662 -0.557046
v 1.171873 0.383635 -0.574133
v 1.128243 0.380459 -0.557358
v 1.172572 0.406642 -0.525641
v 1.290440 0.301753 -0.472060
v 1.095155 0.362510 -0.622054
v 1.135769 0.383704 -0.603779
v 1.127068 0.352046 -0.708731
v 1.128175 0.393782 -0.563930
v 1.129484 0.334311 -0.616156
v 1.160016 0.364135 -0.631939
v 1.114933 0.399118 -0.608306
v 1.124991 0.387354 -0.555308
v 1.134634 0.340699 -0.579402
v 1.120877 0.396769 -0.639459
v 1.164682 0.282113 -0.788647
v 1.164374 0.330261 -0.686998
v 1.136928 0.298416 -0.670054
v 1.118295 0.286244 -0.728598
v 1.237550 0.200684 -0.817438
v 1.186050 0.199153 -0.795150
v 1.150125 0.223664 -0.795192
v 1.207471 0.212028 -0.817519
v 1.208841 0.163543 -0.839401
v 1.198035 0.215218 -0.832356
v 1.213491 0.164915 -0.823286
v 1.174085 0.182118 -0.821131
v 1.208272 0.166056 -0.791207
v 1.242144 0.205639 -0.811854
v 1.237116 0.181565 -0.852916
v 1.352815 0.116078 -0.783733
v 1.361791 0.093330 -0.821639
v 1.248358 0.119407 -0.832190
v 1.233299 0.184315 -0.791262
v 1.211884 0.208641 -0.780183
v 1.191734 0.188847 -0.785614
v 1.234713 0.189229 -0.822082
v 1.332994 0.057802 -0.805844
v 1.357234 0.089034 -0.823245
v 1.326864 0.084962 -0.767638
v 1.353498 0.118707 -0.780543
v 1.330691 0.057271 -0.802948
v 1.325829 0.084989 -0.767332
v 1.455678 -0.181683 -0.748060
v 1.425083 -0.121434 -0.792721
v 1.436723 -0.054772 -0.837223
v 1.493394 -0.002136 -0.861274
v 1.571226 0.020112 -0.864020
v 1.666350 -0.012138 -0.825356
v 1.699774 -0.094047 -0.764052
v 1.668685 -0.157809 -0.724955
v 1.604681 -0.203930 -0.706607
v 1.524377 -0.209615 -0.715502
v 1.541315 0.023409 -0.864988
v 1.544491 0.029473 -0.867260
v 1.575128 -0.221876 -0.693155
v 1.707953 -0.064834 -0.777060
v 1.418229 -0.121451 -0.788860
v 1.405975 -0.119088 -0.792629
v 1.711124 -0.069315 -0.773467
v 1.383116 -0.230126 -0.710074
v 1.541825 -0.283933 -0.645565
v 1.710515 -0.223374 -0.656618
v 1.778640 -0.121511 -0.713415
v 1.779264 -0.009568 -0.788996
v 1.663192 0.093513 -0.879257
v 1.486003 0.089861 -0.908184
v 1.351496 -0.018392 -0.858843
v 1.332551 -0.130709 -0.786254
v 1.497043 -0.200927 -0.716093
v 1.427420 -0.139094 -0.770238
v 1.427794 -0.071945 -0.815573
v 1.468660 -0.010839 -0.849641
v 1.569851 0.025486 -0.856271
v 1.665053 -0.006793 -0.817575
v 1.698501 -0.088765 -0.756222
v 1.650603 -0.172419 -0.708156
v 1.576398 -0.203918 -0.700007
v -0.742740 -0.108798 -0.738566
v -0.491152 -0.227683 -0.803481
v -0.492854 -0.227768 -0.788039
v -0.316865 -0.312985 -0.621084
v -0.329108 -0.331020 -0.422246
v -0.374716 -0.299841 -0.321902
v -0.374729 -0.299835 -0.321911
v -0.497031 -0.232329 -0.224286
v -0.652704 -0.158699 -0.230202
v -0.652728 -0.158682 -0.230238
v -0.781714 -0.095672 -0.321400
v -0.835706 -0.068471 -0.482758
v -0.847361 -0.062205 -0.484280
v -0.479979 -0.232941 -0.808096
v -0.485456 -0.256799 -0.817136
v -0.622414 -0.501184 -0.793002
v -0.968818 -0.832573 -0.803142
v -0.815210 -0.905232 -0.796530
v -0.815173 -0.905255 -0.796540
v -0.684852 -0.968922 -0.703503
v -0.628594 -0.998422 -0.484972
v -0.693384 -0.969026 -0.330514
v -0.693391 -0.969023 -0.330470
v -0.821813 -0.909659 -0.232098
v -0.975027 -0.836182 -0.238701
v -0.975064 -0.836160 -0.238692
v -1.105777 -0.773312 -0.331741
v -1.158014 -0.745958 -0.491247
v -1.158037 -0.745951 -0.491283
v -1.129897 -0.757718 -0.660880
v -0.691998 -0.132628 -0.763994
v -0.594573 -0.178571 -0.795745
v -0.493795 -0.226666 -0.783862
v -0.405003 -0.269584 -0.730154
v -0.341718 -0.300796 -0.642796
v -0.313569 -0.315539 -0.535089
v -0.324837 -0.311563 -0.423431
v -0.373820 -0.289497 -0.324820
v -0.453049 -0.252678 -0.254267
v -0.550470 -0.206728 -0.222516
v -0.651251 -0.158640 -0.234400
v -0.740040 -0.115715 -0.288108
v -0.803331 -0.084516 -0.375465
v -0.831481 -0.069774 -0.483171
v -0.820206 -0.073737 -0.594831
v -0.771229 -0.095816 -0.693442
v -0.654474 -0.157156 -0.230073
v -0.667655 -0.177527 -0.224727
v -0.855229 -0.057055 -0.596752
v -0.856304 -0.083125 -0.596400
v -0.314014 -0.316718 -0.423287
v -0.330109 -0.335625 -0.424161
v -0.303028 -0.322133 -0.408260
v -0.305442 -0.347623 -0.403228
v -0.824098 -0.071845 -0.598378
v -0.839464 -0.091069 -0.601799
v -0.491874 -0.227100 -0.822653
v -0.502795 -0.248605 -0.812694
v -0.651437 -0.158696 -0.222412
v -0.661171 -0.180557 -0.229095
v -0.655078 -0.176494 -0.785807
v -0.505396 -0.247781 -0.779631
v -0.379497 -0.308791 -0.690456
v -0.324210 -0.337750 -0.478904
v -0.420415 -0.294398 -0.285217
v -0.611762 -0.204146 -0.222854
v -0.747606 -0.138648 -0.292001
v -0.832843 -0.096398 -0.427921
v -0.810697 -0.104185 -0.647234
v -0.746935 -0.401256 -0.802328
v -0.631914 -0.539578 -0.807452
v -0.474887 -0.654544 -0.597867
v -0.386733 -0.452141 -0.423761
v -0.329108 -0.331020 -0.422246
v -0.386512 -0.453243 -0.423723
v -0.436660 -0.431565 -0.323018
v -0.659209 -0.571514 -0.226793
v -0.814427 -0.497664 -0.233234
v -0.814357 -0.497548 -0.233228
v -0.944947 -0.434370 -0.325655
v -0.998181 -0.406996 -0.486916
v -0.967177 -0.341111 -0.486045
v -0.929717 -0.316324 -0.639570
v -0.902502 -0.449242 -0.745819
v -0.437461 -0.431245 -0.323445
v -1.063219 -0.788529 -0.749276
v -0.917801 -0.856967 -0.808935
v -0.765500 -0.929798 -0.779122
v -0.660798 -0.981186 -0.653479
v -0.628149 -0.998820 -0.486113
v -0.727559 -0.954022 -0.285968
v -0.925283 -0.860757 -0.221526
v -1.065653 -0.793081 -0.292978
v -1.153727 -0.749417 -0.433425
v -1.147133 -0.750414 -0.604727
v -0.529900 0.490104 -0.097091
v -0.506386 0.470240 -0.098631
v -0.506387 0.470240 -0.098631
v -0.503775 0.439529 -0.098792
v -0.503775 0.439530 -0.098792
v -0.523595 0.415964 -0.097479
v -0.523595 0.415964 -0.097479
v -0.554238 0.413346 -0.095461
v -0.554229 0.413356 -0.095462
v -0.577745 0.433221 -0.093922
v -0.577756 0.433211 -0.093921
v -0.580368 0.463920 -0.093761
v -0.580366 0.463921 -0.093761
v -0.560545 0.487487 -0.095074
v -0.560544 0.487487 -0.095074
v -0.529900 0.490104 -0.097091
v -0.514231 0.484103 -0.088826
v -0.573764 0.479018 -0.084897
v -0.568690 0.419355 -0.085213
v -0.509156 0.424439 -0.089125
v -0.515450 0.484096 -0.107345
v -0.510375 0.424432 -0.107653
v -0.554847 0.413343 -0.104723
v -0.584776 0.448126 -0.102770
v -0.561154 0.487483 -0.104336
v -0.502388 0.181906 -0.103140
v -0.518826 0.155835 -0.103042
v -0.518817 0.155830 -0.103042
v -0.548875 0.149017 -0.103021
v -0.548876 0.149017 -0.103021
v -0.574947 0.165454 -0.103088
v -0.574933 0.165457 -0.103088
v -0.581745 0.195516 -0.103205
v -0.581760 0.195512 -0.103205
v -0.565323 0.221583 -0.103303
v -0.565324 0.221587 -0.103303
v -0.535265 0.228400 -0.103324
v -0.535264 0.228397 -0.103324
v -0.509192 0.211960 -0.103256
v -0.509196 0.211959 -0.103256
v -0.502383 0.181900 -0.103140
v -0.532713 0.147449 -0.093733
v -0.502381 0.181937 -0.093858
v -0.519491 0.224559 -0.094019
v -0.577889 0.211323 -0.093991
v -0.574949 0.165489 -0.093806
v -0.502378 0.181865 -0.112422
v -0.532710 0.147378 -0.112290
v -0.574946 0.165418 -0.112370
v -0.577885 0.211252 -0.112548
v -0.519488 0.224488 -0.112584
v 0.516148 0.489962 -0.109594
v 0.539663 0.470149 -0.111693
v 0.539679 0.470149 -0.111694
v 0.542290 0.439456 -0.112721
v 0.542274 0.439455 -0.112720
v 0.522454 0.415862 -0.112072
v 0.522454 0.415862 -0.112072
v 0.491809 0.413189 -0.110129
v 0.491810 0.413189 -0.110129
v 0.468295 0.433002 -0.108030
v 0.468293 0.433002 -0.108029
v 0.465681 0.463694 -0.107002
v 0.465675 0.463701 -0.107002
v 0.485496 0.487295 -0.107650
v 0.485505 0.487272 -0.107651
v 0.516148 0.489944 -0.109594
v 0.540272 0.469890 -0.102434
v 0.500999 0.493482 -0.099187
v 0.466292 0.463437 -0.097744
v 0.477358 0.418905 -0.099706
v 0.536892 0.424097 -0.103483
v 0.530598 0.484243 -0.120014
v 0.535673 0.424614 -0.122000
v 0.491200 0.413447 -0.119387
v 0.461272 0.448160 -0.116452
v 0.484894 0.487546 -0.116909
v 0.543657 0.182060 -0.124330
v 0.527219 0.155996 -0.124968
v 0.527232 0.155986 -0.124969
v 0.497173 0.149176 -0.125139
v 0.497180 0.149191 -0.125139
v 0.471108 0.165623 -0.124742
v 0.471081 0.165607 -0.124743
v 0.464269 0.195657 -0.124012
v 0.464300 0.195653 -0.124012
v 0.480737 0.221717 -0.123375
v 0.480725 0.221725 -0.123375
v 0.510783 0.228536 -0.123204
v 0.510783 0.228536 -0.123204
v 0.536856 0.212103 -0.123600
v 0.536856 0.212103 -0.123600
v 0.543669 0.182053 -0.124331
v 0.527230 0.155763 -0.115689
v 0.545270 0.197987 -0.114660
v 0.510782 0.228310 -0.113924
v 0.468160 0.211206 -0.114347
v 0.481395 0.152826 -0.115766
v 0.545273 0.198439 -0.133219
v 0.513338 0.147802 -0.134460
v 0.462686 0.179728 -0.133681
v 0.494622 0.230365 -0.132447
v -0.319379 0.317689 -0.103499
v -0.347135 0.304291 -0.103401
v -0.347137 0.304319 -0.103401
v -0.376238 0.314472 -0.103380
v -0.376229 0.314463 -0.103380
v -0.389628 0.342219 -0.103448
v -0.389642 0.342213 -0.103448
v -0.379490 0.371313 -0.103564
v -0.379492 0.371319 -0.103564
v -0.351736 0.384718 -0.103662
v -0.351733 0.384713 -0.103662
v -0.322632 0.374561 -0.103683
v -0.322639 0.374557 -0.103683
v -0.309241 0.346800 -0.103616
v -0.309239 0.346805 -0.103616
v -0.319391 0.317705 -0.103499
v -0.363367 0.304562 -0.094085
v -0.319368 0.317734 -0.094217
v -0.311289 0.362947 -0.094387
v -0.351715 0.384743 -0.094380
v -0.389398 0.358486 -0.094225
v -0.309478 0.330530 -0.112836
v -0.363402 0.304499 -0.112652
v -0.389433 0.358424 -0.112783
v -0.335508 0.384455 -0.112977
v -0.142108 0.085916 -0.122685
v -0.160320 0.061101 -0.124283
v -0.160320 0.061101 -0.124283
v -0.190779 0.056413 -0.124704
v -0.190778 0.056414 -0.124704
v -0.215643 0.074599 -0.123702
v -0.215644 0.074598 -0.123703
v -0.220348 0.105002 -0.121865
v -0.220340 0.104997 -0.121865
v -0.202129 0.129810 -0.120267
v -0.202139 0.129833 -0.120266
v -0.171680 0.134521 -0.119844
v -0.171686 0.134493 -0.119846
v -0.146821 0.116308 -0.120847
v -0.146811 0.116319 -0.120846
v -0.142106 0.085916 -0.122684
v -0.174807 0.053124 -0.115540
v -0.142149 0.085349 -0.113420
v -0.156251 0.128980 -0.110811
v -0.202178 0.129250 -0.111002
v -0.223113 0.088452 -0.113583
v -0.139343 0.102464 -0.130964
v -0.174725 0.054256 -0.134062
v -0.215603 0.075165 -0.132967
v -0.215345 0.121006 -0.130164
v -0.171637 0.135070 -0.129110
v 0.296110 0.706437 -0.133856
v 0.636185 1.071394 -0.122304
v 0.021541 0.493535 -0.171228
v -0.509664 1.252976 -0.126305
v -1.213913 -1.241812 -0.231791
v -1.441293 -0.708021 -0.203139
v 0.245634 0.596882 -0.170093
v 0.349872 0.787322 -0.162945
v 0.652996 0.287812 -0.191132
v -0.357296 1.005781 -0.141228
v -0.964417 0.480989 -0.155636
v 0.886336 0.753597 -0.172604
v 1.147650 -1.290117 -0.241054
v 1.220851 -1.210044 -0.239290
v 1.219020 -1.208341 -0.239165
v 1.347638 -1.017276 -0.232459
v 1.315171 -1.074190 -0.233899
v -0.198232 -1.646977 -0.235678
v -0.469320 -1.632120 -0.231304
v 0.926565 0.519917 -0.152960
v -0.701806 1.149979 -0.096049
v -0.706668 1.148759 -0.097973
v -1.167081 0.153036 -0.136268
v -1.272879 -0.034943 -0.143865
v -0.237155 0.638168 -0.128176
v -0.271975 0.675299 -0.127183
v -0.355309 0.813039 -0.117979
v -1.114490 -1.344386 -0.205964
v -1.151721 -1.329554 -0.205863
v -0.964722 1.156976 -0.096459
v -0.703217 1.150940 -0.127404
v -0.709860 1.150757 -0.128399
v 0.413804 1.115074 -0.117938
v 0.392143 1.117650 -0.117466
v 0.373528 1.070942 -0.118680
v -0.697714 -1.571013 -0.224160
v -0.488554 1.253557 -0.096027
v -0.486747 1.259441 -0.096293
v 0.636770 1.070820 -0.123662
v 0.348441 0.841031 -0.128800
v 0.340036 0.789468 -0.131912
v -0.892175 0.779089 -0.111985
v 1.001435 -1.405064 -0.244786
v 0.267476 0.661321 -0.136666
v 0.141742 0.581053 -0.137076
v 0.821148 -1.507728 -0.246010
v -0.966403 1.154091 -0.093563
v 0.925936 0.521431 -0.184333
v -0.203001 -1.645151 -0.265618
v -0.198757 -1.645612 -0.266523
v -1.432579 -0.524403 -0.163224
v -1.435891 -0.748085 -0.172871
v 0.377623 -1.626828 -0.244074
v 0.526226 -1.607475 -0.246415
v -1.358694 -0.233420 -0.150875
v -0.967018 1.159685 -0.122746
v -0.966155 1.158860 -0.121537
v 0.886993 0.751996 -0.141644
v 0.881961 0.610192 -0.149039
v 0.947666 1.124190 -0.126283
v 0.945599 1.113375 -0.130294
v 0.510977 -1.609489 -0.275801
v 0.448522 -1.617088 -0.274940
v -1.141795 -1.315158 -0.234927
v -0.756387 -1.551860 -0.252108
v -1.023852 -1.403979 -0.241712
v -0.698169 -1.569617 -0.254487
v -1.262091 -0.009077 -0.172253
v -1.267878 -0.021028 -0.173338
v 1.225550 0.063170 -0.179532
v 1.310257 -0.087628 -0.188486
v -1.335097 -1.060609 -0.189903
v -1.360765 -0.998518 -0.187175
v -0.929832 0.541498 -0.121302
v -0.880771 0.645179 -0.118631
v 1.395470 -0.871210 -0.224966
v 0.882160 1.133302 -0.124377
v -0.289874 1.135083 -0.105886
v -0.292819 1.156878 -0.105133
v 1.421971 -0.661342 -0.217105
v 1.418733 -0.600225 -0.213307
v -1.412340 -0.858411 -0.210133
v -1.363472 -0.982822 -0.203323
v -1.289975 -1.135709 -0.224368
v 0.413128 1.116393 -0.147327
v 0.372883 1.072535 -0.149828
v 0.392870 1.117918 -0.146743
v 0.942932 1.125118 -0.155165
v 0.945344 1.114493 -0.152815
v 0.339781 0.794598 -0.161127
v 0.348181 0.842461 -0.159371
v 0.295449 0.707773 -0.165604
v -0.054370 0.555402 -0.135224
v -0.063577 0.545080 -0.136415
v 1.394638 -0.870622 -0.257020
v 1.418149 -0.598783 -0.244226
v 1.414168 -0.473099 -0.237662
v 0.518255 1.118241 -0.118738
v 0.399876 1.126217 -0.117458
v 0.872926 0.628408 -0.177204
v -0.277759 0.670099 -0.156841
v -0.237650 0.639551 -0.160043
v -0.355866 0.814723 -0.150222
v -0.283443 0.668373 -0.142017
v -0.386161 0.912548 -0.143718
v -0.882737 0.648710 -0.147990
v -0.898930 0.659426 -0.147949
v -0.306971 1.145774 -0.110909
v -0.310309 1.153193 -0.134609
v -0.342521 1.174822 -0.129512
v 0.938459 1.139290 -0.155010
v 0.881646 1.134770 -0.154670
v 1.373649 -0.323359 -0.230705
v -1.411564 -0.406851 -0.189575
v -0.297447 1.136827 -0.132772
v -0.286648 1.136757 -0.135756
v -0.356762 1.003354 -0.108861
v 0.938696 1.136019 -0.125636
v 0.272518 0.661535 -0.151445
v 0.141271 0.582537 -0.168918
v 0.261127 0.670061 -0.165578
v 0.048924 0.544699 -0.168173
v -1.145881 -1.320232 -0.205821
v 1.373972 -0.324807 -0.200246
v -0.500120 1.253031 -0.125686
v -0.383207 1.205340 -0.130975
v -0.054906 0.556928 -0.166843
v 0.399072 1.129367 -0.146396
v 0.517728 1.119501 -0.149353
v -1.139622 -1.312475 -0.234817
v 0.635548 1.072797 -0.154160
v -1.444419 -0.556771 -0.195297
v 1.228040 -1.213960 -0.268859
v 1.293039 -1.113408 -0.265967
v 0.902344 -1.464952 -0.273218
v -0.905691 0.863514 -0.138036
v -0.967063 1.155392 -0.122912
v 1.225055 0.064578 -0.210139
v 1.226012 0.062509 -0.209624
v 1.228525 -1.216318 -0.269920
v 1.134003 -1.296698 -0.272558
v -0.380964 1.206809 -0.130568
v -0.303112 1.140562 -0.129135
v -0.342746 1.174404 -0.130768
v -0.382917 0.904264 -0.114561
v 1.393875 -0.871902 -0.255815
v 0.634791 1.072419 -0.153007
v -1.452909 -0.619350 -0.168115
v 0.913125 -1.456543 -0.275706
v -0.966550 1.158277 -0.093315
v 0.942524 0.456866 -0.415974
v 0.876395 0.619962 -0.272319
v 0.086787 -1.633628 -0.849231
v -1.149293 0.121863 -0.856946
v -0.900760 0.526880 -0.862824
v 1.110439 -1.269867 -0.863957
v -1.366790 -0.235533 -0.866990
v 0.558713 -1.563563 -0.863842
v 0.885065 -1.430744 -0.863460
v -1.273025 -1.098952 -0.863906
v -1.379182 -0.852352 -0.863943
v 1.272546 -1.060384 -0.863931
v 1.349691 -0.863843 -0.863949
v -0.803139 -1.511090 -0.846557
v -1.120480 -1.344347 -0.863542
v -1.307560 -1.114747 -0.863770
v -1.416754 -0.861060 -0.863741
v -1.448380 -0.597863 -0.863557
v -0.480755 -1.625088 -0.863826
v 1.218865 0.063158 -0.864278
v 1.185280 0.044779 -0.863545
v 1.412216 -0.600918 -0.863745
v 1.367581 -0.325405 -0.863776
v 1.219944 0.061313 -0.272487
v 0.575339 -1.592800 -0.863747
v 0.920776 0.517494 -0.864130
v -1.172277 0.154772 -0.855741
v -0.968431 0.481034 -0.860025
v 1.372599 -0.599557 -0.863938
v 1.329169 -0.331567 -0.863917
v 0.845643 0.748882 -0.863771
v -0.907643 0.650832 -0.864864
v -0.907574 0.839903 -0.861738
v 0.982632 -1.416141 -0.864108
v 1.224799 -1.200804 -0.863721
v -1.032556 1.147922 -0.273827
v -0.862856 0.713493 -0.271939
v -0.879976 0.837689 -0.270029
v -0.883203 0.837550 -0.272101
v 0.558738 -1.563511 -0.271783
v 0.885068 -1.430751 -0.272239
v -1.438595 -0.526176 -0.271492
v -1.240078 -0.037370 -0.272060
v -1.393855 -0.470443 -0.271554
v 1.110458 -1.269924 -0.271836
v -0.898161 0.532180 -0.272084
v -1.079955 -1.373100 -0.271824
v -1.091269 -1.321875 -0.271466
v 1.372634 -0.599535 -0.271827
v 1.329207 -0.331543 -0.271863
v -0.803147 -1.511088 -0.289130
v -1.273009 -1.098948 -0.271753
v -1.397315 -0.793486 -0.271470
v -1.246934 -1.204597 -0.271696
v -1.364961 -1.002645 -0.271922
v -0.480768 -1.625022 -0.271946
v 0.892685 0.494511 -0.271479
v 0.845400 0.757587 -0.271755
v 1.412249 -0.600918 -0.271861
v 1.367612 -0.325394 -0.271834
v 0.509557 -1.604978 -0.271975
v 0.867715 -1.481179 -0.271779
v 0.920214 0.518509 -0.271620
v 0.879341 0.751992 -0.272307
v -1.173744 0.152851 -0.271710
v -0.970449 0.479610 -0.271680
v 1.309333 -1.074957 -0.271927
v 1.388672 -0.872748 -0.271943
v 1.218948 0.062760 -0.271756
v 1.142527 -1.290771 -0.271762
v -0.908921 0.654096 -0.270390
v 0.842025 0.746131 -0.863806
v 0.893704 0.491640 -0.863401
v 1.260139 -0.008859 -0.863118
v 1.357470 -0.976094 -0.863306
v 1.220523 -0.015204 -0.863287
v 0.867722 -1.481227 -0.863244
v 1.157008 -1.278884 -0.863290
v 1.068266 -1.310917 -0.863410
v 1.066991 -1.310286 -0.863181
v 1.367496 -0.474751 -0.272454
v 1.420305 -0.606263 -0.863250
v 0.796089 -1.475182 -0.863240
v -0.702436 -1.572852 -0.863217
v 0.372431 -1.603725 -0.863271
v 1.327807 -0.961609 -0.272456
v 1.379208 -0.606163 -0.863472
v 1.303250 -1.007794 -0.863308
v -0.688010 -1.543534 -0.272502
v -0.189142 -1.618687 -0.272495
v -0.898992 -1.451092 -0.863244
v -1.191180 -1.240879 -0.272483
v -1.180442 -1.230262 -0.863265
v 0.932967 0.426077 -0.272458
v -1.379101 -0.851912 -0.863278
v 0.453943 -1.619105 -0.863236
v -1.163843 0.169397 -0.857395
v -1.325861 -0.236407 -0.863454
v -1.409740 -0.595573 -0.863278
v 1.160766 -1.281561 -0.863233
v -1.287993 -0.128858 -0.272481
v 1.209866 -0.009156 -0.272451
v -0.937281 0.536954 -0.862294
v 1.354460 -1.013532 -0.272534
v 1.409051 -0.482558 -0.272472
v -0.860533 0.661575 -0.863308
v -0.902656 0.836146 -0.863086
v -0.869688 0.596275 -0.272636
v -0.182521 -1.649417 -0.863186
v -0.887152 0.940419 -0.863704
v -1.033257 1.148709 -0.272709
v -1.393795 -0.302857 -0.863679
v -0.926749 1.076440 -0.861563
v -0.927652 1.076395 -0.859073
v -1.028358 -1.406990 -0.863243
v -1.213284 -1.250150 -0.863318
v -0.951337 1.066514 -0.863439
v -0.955294 1.073188 -0.860284
v -0.952953 1.070221 -0.861418
v -1.418651 -0.708449 -0.272471
v -1.187967 -1.235445 -0.272442
v -1.448005 -0.755716 -0.863263
v -1.367169 -0.241043 -0.272500
v -0.468115 -1.595090 -0.863227
v 0.902502 0.921780 -0.863287
v -0.855922 0.745717 -0.863070
v 1.272555 -1.060378 -0.271765
v -1.364849 -0.234336 -0.271920
v -0.997984 1.141787 -0.271726
v -1.002297 1.140267 -0.276745
v -0.998212 1.142576 -0.272533
v 1.349695 -0.863856 -0.271749
v 1.185217 0.044664 -0.271895
v 0.880832 0.979700 -0.272231
v 0.086786 -1.633625 -0.286453
v -0.468744 -1.594927 -0.271898
v -0.924183 0.841361 -0.272562
v -0.923704 0.841011 -0.272222
v -0.958522 0.956197 -0.272084
v 0.915882 0.922958 -0.861379
v 0.893377 0.493191 -0.864199
v 0.880821 0.927596 -0.863441
v -1.409919 -0.596539 -0.864087
v -1.327099 -0.239072 -0.864058
v 1.377499 -0.927568 -0.863454
v -0.468739 -1.594999 -0.863696
v -1.091281 -1.321904 -0.864171
v -0.892025 0.941508 -0.862551
v -0.996182 1.142663 -0.276521
v -1.032403 1.148323 -0.272541
v -0.988206 1.136666 -0.358481
v 0.881349 0.980208 -0.272761
v 0.918379 0.974841 -0.272619
v 0.881273 0.929547 -0.863093
v -0.958033 0.956247 -0.272136
v -1.440916 -0.749268 -0.271992
v -0.921315 1.056171 -0.863579
v 0.879572 0.742998 -0.863420
v -0.946147 1.067236 -0.851946
v -0.952329 1.074495 -0.863671
v -1.220128 -1.254697 -0.272543
v -1.457919 -0.708952 -0.272484
v 0.307074 -1.639770 -0.272490
v -0.600517 -1.610697 -0.272476
v 0.917343 0.920869 -0.862965
v -1.223075 -1.259779 -0.272531
v -0.918370 0.587287 -0.272473
v 0.917325 0.972883 -0.272716
v 0.574781 -1.568482 -0.272481
v 1.156987 -1.278923 -0.272464
v 0.813974 -1.510064 -0.272492
v -1.221315 -1.255612 -0.863312
v 1.066477 -1.309588 -0.272457
v 1.069141 -1.311901 -0.272499
v 1.153308 -1.274821 -0.272479
v 0.880849 0.980277 -0.272751
v 0.841524 0.698901 -0.272466
v -0.988843 1.136775 -0.358507
v 0.912684 0.941564 -0.628727
v 0.876634 0.959298 -0.428873
v -0.981471 1.122015 -0.673997
v -0.972154 1.131883 -0.773124
v -0.947806 1.137879 -0.818134
v 0.892252 0.465754 -0.652493
v -1.188209 -1.235613 -0.863311
v 0.913747 0.956850 -0.407198
v -0.951561 1.122535 -0.673545
v -0.922799 1.064409 -0.866483
v 0.912235 0.949142 -0.428151
v -0.976112 1.160668 -0.799537
v 0.877804 0.950812 -0.629829
v 0.940951 0.472559 -0.668216
v 0.882570 0.963928 -0.403547
v 0.839971 0.873604 -0.500162
v -0.951635 1.121199 -0.672502
v 0.915819 0.975182 -0.274197
v 0.880866 0.928020 -0.862985
v 0.913453 0.942826 -0.630182
v -0.951623 1.157283 -0.801760
v 0.877430 0.953060 -0.631022
v 0.924397 0.421225 -0.428233
v 0.885578 0.485048 -0.509813
v 0.997502 0.404560 -0.449127
v 1.011425 0.384863 -0.547329
v -1.028139 0.320477 -0.856017
v 0.922015 0.514807 -0.863237
v 0.872647 0.842606 -0.496156
v -0.948916 1.137036 -0.817088
v -0.952984 1.155403 -0.804228
v -0.972786 1.154592 -0.796323
v -0.947420 1.156148 -0.786927
v 0.857244 0.862987 -0.507282
v 0.874692 0.887512 -0.465269
v 0.871806 0.890111 -0.465863
v 0.888675 0.935576 -0.407292
v 0.981506 0.397936 -0.453431
v 0.884672 0.851084 -0.512163
v 0.883519 0.847938 -0.500296
v -0.979699 1.164024 -0.801108
v -0.978795 1.165983 -0.790123
v -0.974371 1.145799 -0.768800
v 0.977322 0.415740 -0.636118
v 0.999887 0.375132 -0.559909
v 0.987695 0.395079 -0.451781
v 0.985618 0.414180 -0.453775
v 0.946129 0.462389 -0.444987
v 0.947755 0.456213 -0.412811
v 0.889107 0.509920 -0.666569
v 0.912050 0.446627 -0.679108
v 0.885963 0.491716 -0.644417
v 0.952977 0.380952 -0.456531
v 0.930429 0.419425 -0.421733
v 0.895645 0.474501 -0.471511
v 0.902026 0.472176 -0.472445
v 0.910912 0.504471 -0.466529
v 0.937735 0.488369 -0.663123
v 0.975399 0.403148 -0.648661
v 0.912295 0.519976 -0.634467
v 0.941518 0.488429 -0.493249
v 0.955600 0.428150 -0.450378
v 0.979190 0.417227 -0.642998
v 0.964636 0.404613 -0.626948
v 0.949509 0.400111 -0.624725
v 0.103433 0.967436 -0.896170
v -1.446796 -0.710218 -0.895867
v -1.219054 -1.244976 -0.896817
v 1.142390 -1.291524 -0.864669
v 1.143597 -1.290077 -0.865421
v 1.386392 -0.927663 -0.865650
v 1.309772 -1.075364 -0.864817
v -0.478970 -1.625357 -0.864776
v -0.406394 -1.638562 -0.865497
v 0.919929 0.520488 -0.864289
v -0.654454 1.332381 -0.864439
v -0.710802 1.331419 -0.865511
v -1.173620 0.153071 -0.865189
v -1.213873 0.085006 -0.865397
v -1.365109 -0.233662 -0.864610
v 0.081472 1.047025 -0.865253
v -0.016906 1.275304 -0.867464
v -0.023658 1.288539 -0.865439
v -1.119723 -1.345462 -0.864973
v -1.118163 -1.347159 -0.865388
v -0.812792 -1.525262 -0.864464
v -0.903749 1.287300 -0.864805
v -0.988599 1.242520 -0.865511
v -0.704643 1.333187 -0.894829
v -0.654941 1.332224 -0.895630
v 0.381656 1.225971 -0.859676
v 0.323001 1.150164 -0.865651
v -0.512462 1.291495 -0.864004
v -0.512864 1.290817 -0.865412
v 0.666702 1.392963 -0.869435
v 0.267597 1.021939 -0.863857
v 0.311567 1.063219 -0.880244
v 0.257918 1.021295 -0.865334
v -0.906236 0.781487 -0.864672
v 0.239016 1.036510 -0.870282
v 0.213561 1.041384 -0.870786
v 0.657606 -1.584181 -0.865496
v 0.816025 -1.509394 -0.864813
v -0.987913 1.234683 -0.865430
v 0.919781 0.520549 -0.895767
v -0.480608 -1.625255 -0.894838
v -0.203416 -1.648831 -0.895613
v 0.445171 -1.630436 -0.895086
v -1.448863 -0.597515 -0.864916
v -1.417530 -0.861367 -0.864113
v 0.294367 -1.641446 -0.864079
v -1.442262 -0.453101 -0.865586
v -0.993750 1.237529 -0.894893
v -0.903665 1.287267 -0.895346
v 0.880113 0.752799 -0.864528
v 0.875108 0.611251 -0.865358
v 0.937980 1.116212 -0.867802
v 0.443867 -1.620161 -0.894604
v -0.761216 -1.555303 -0.894755
v -0.925304 -1.476485 -0.896221
v -1.213531 0.084805 -0.894791
v -1.273926 -0.022498 -0.895477
v -1.199098 0.077291 -0.880110
v -1.392549 -0.300234 -0.894678
v 1.219280 0.063235 -0.864779
v 1.214102 0.071834 -0.865437
v -1.307846 -1.115159 -0.864715
v -0.934216 0.547101 -0.864435
v -0.963093 0.491621 -0.865436
v 1.389346 -0.872960 -0.864692
v 0.803365 1.258666 -0.861171
v 0.659718 1.394930 -0.865435
v -0.267716 1.308112 -0.869617
v -0.364158 1.335715 -0.864169
v -0.272321 1.313601 -0.865064
v 1.379289 -0.923707 -0.865402
v 1.412989 -0.600866 -0.864558
v -1.442500 -0.777614 -0.895257
v -1.369008 -0.984712 -0.882322
v -1.245647 -1.227156 -0.895180
v 0.550057 1.389531 -0.894878
v 0.473461 1.305004 -0.896144
v 0.367949 1.205693 -0.895363
v 0.327070 1.147382 -0.894854
v 0.939872 1.133485 -0.894777
v 0.935878 1.062874 -0.895363
v 0.258465 1.019854 -0.894890
v 0.265566 1.022813 -0.901722
v 0.133984 0.998269 -0.864052
v 0.117466 0.990527 -0.865591
v 1.373759 -0.922536 -0.894807
v 1.419930 -0.604783 -0.894740
v 1.389411 -0.872969 -0.895660
v 1.412718 -0.600876 -0.895152
v 0.535227 1.383061 -0.865416
v 0.543058 1.390666 -0.865451
v 0.880167 0.752824 -0.895795
v -0.023239 1.288809 -0.894889
v 0.080486 1.047624 -0.894037
v -0.014473 1.269848 -0.891178
v -0.906277 0.781492 -0.895624
v -0.934352 0.546970 -0.895891
v -0.951764 0.487620 -0.880122
v -0.310798 1.328788 -0.895267
v 0.911726 1.165474 -0.898963
v -0.097654 1.306441 -0.895252
v -0.096985 1.306347 -0.894573
v 1.368197 -0.325156 -0.895531
v -1.417323 -0.408944 -0.896002
v -0.268132 1.312934 -0.893421
v -0.292973 1.322832 -0.893710
v -0.268943 1.308404 -0.895240
v -0.284087 1.318220 -0.895440
v -0.277153 1.311413 -0.890977
v -0.096957 1.306469 -0.865509
v -0.097666 1.306665 -0.864933
v 0.226632 1.024556 -0.884450
v 0.239185 1.037312 -0.889954
v 0.213502 1.041503 -0.888761
v 1.368022 -0.325181 -0.865031
v 1.408363 -0.476679 -0.865427
v -0.503745 1.291188 -0.894964
v -0.407989 1.335840 -0.893477
v -0.503686 1.290517 -0.896462
v 0.134639 0.982511 -0.878118
v 0.135157 0.998960 -0.897353
v 0.534831 1.382722 -0.894642
v 0.668513 1.393503 -0.892221
v 0.658418 1.380901 -0.880086
v -0.584301 -1.599972 -0.895020
v -0.752856 -1.532952 -0.880116
v 1.390750 -0.929457 -0.895006
v 1.288201 -1.116063 -0.895445
v 0.897698 -1.467911 -0.892851
v -0.988051 1.234698 -0.894808
v -0.988652 1.242627 -0.894822
v 0.346686 1.137127 -0.880044
v 0.312022 1.064510 -0.880044
v 1.262807 -0.013703 -0.894770
v 1.219269 0.063208 -0.895412
v 1.049763 -1.374410 -0.895383
v 1.129266 -1.299574 -0.896071
v -0.900399 0.689554 -0.865378
v -0.899999 0.704452 -0.894846
v 0.875897 0.608353 -0.894873
v -0.408179 1.336779 -0.894102
v -0.310917 1.327181 -0.893891
v -0.287716 1.318083 -0.887936
v 0.938764 1.133858 -0.865481
v -0.030884 1.277240 -0.880023
v 0.663253 1.400942 -0.894919
v -1.381184 -0.987400 -0.865455
v 0.221362 1.030303 -0.876402
v -0.758729 -1.549675 -0.865393
v 0.239660 1.039358 -0.880113
v 0.242822 1.008535 -0.884653
v -0.992911 1.237028 -0.865469
v 0.118994 0.992587 -0.894011
v -0.963484 0.491850 -0.894833
v -0.286499 1.315881 -0.890303
v -0.299761 1.304628 -0.889579
v 0.816921 1.370786 -0.906169
v 0.877757 1.364485 -0.915588
v 0.897406 1.148434 -0.935115
v 0.834726 1.153467 -0.926116
v -0.845889 1.345648 -0.913647
v -0.902049 1.355608 -0.912541
v -0.867185 1.579957 -0.829732
v -0.824074 1.555745 -0.826536
v -0.822877 1.555343 -0.828207
v -0.859645 1.595170 -0.839619
v -0.818409 1.616070 -0.705582
v -0.906541 1.598304 -0.449691
v -0.872185 0.957152 -0.052371
v -0.864700 0.941125 -0.056832
v 0.164561 0.943372 -0.057615
v -0.491851 1.629618 -0.278697
v -0.681023 1.507424 -0.181703
v -0.483785 1.525807 -0.173811
v -0.707963 1.581282 -0.289272
v 0.347529 1.653671 -0.274869
v 0.121684 1.659798 -0.279811
v 0.902335 1.486334 -0.160935
v 0.642849 1.615233 -0.308032
v 0.646860 1.509353 -0.162327
v -0.135042 1.650191 -0.269564
v -0.360239 1.633016 -0.275627
v -0.134902 1.572953 -0.175200
v -0.360696 1.539721 -0.172055
v -0.982894 1.528668 -0.231896
v -0.972145 1.522974 -0.173741
v 0.469370 1.632609 -0.275024
v 0.347600 1.599472 -0.219105
v 0.469540 1.539456 -0.172272
v 0.121450 1.666162 -0.276073
v -0.134878 1.572971 -0.174464
v -0.134972 1.648805 -0.269566
v 0.347606 1.467178 -0.127095
v 0.121642 1.480486 -0.152317
v 0.502034 1.379059 -0.054216
v -0.943061 1.308131 -0.054210
v -0.094186 1.489880 -0.130067
v -0.260545 1.378945 -0.073186
v 0.652632 1.435208 -0.089834
v -0.426763 1.443195 -0.109513
v -0.665502 1.430844 -0.106125
v -0.972883 1.063549 -0.065144
v 0.167764 1.146123 -0.091301
v 0.649522 1.157905 -0.088496
v -0.434779 1.047001 -0.047662
v -0.706575 0.968409 -0.042263
v -0.946031 0.995993 -0.065630
v -0.127088 0.901906 -0.043350
v 0.809318 1.002764 0.031122
v 0.794320 0.986273 0.041328
v 0.782062 1.587579 -0.726320
v 0.820879 1.637540 -0.444538
v 0.638993 1.655797 -0.438774
v 0.626730 1.644654 -0.693415
v 0.472733 1.714845 -0.431822
v 0.347335 1.709790 -0.428159
v 0.121521 1.702515 -0.424858
v -0.188412 1.684857 -0.668276
v -0.361587 1.694593 -0.428624
v -0.653687 1.632373 -0.698759
v -0.661586 1.673805 -0.454154
v 0.784295 1.505416 -0.833833
v 0.780227 1.558676 -0.770091
v 0.622044 1.520611 -0.842894
v 0.621550 1.516305 -0.838703
v 0.346826 1.505823 -0.838840
v 0.629293 1.649033 -0.697312
v -0.134774 1.562500 -0.820277
v -0.190851 1.695214 -0.675781
v -0.486042 1.523333 -0.839528
v -0.680854 1.499647 -0.835848
v 0.784157 1.507214 -0.835872
v 0.348391 1.373617 -0.922047
v 0.347487 1.377624 -0.917639
v 0.346831 1.507740 -0.842497
v 0.064556 1.423206 -0.917302
v -0.135063 1.419743 -0.915565
v -0.134638 1.557963 -0.818217
v -0.135006 1.418208 -0.912557
v -0.359682 1.401150 -0.913860
v -0.482366 1.387895 -0.914061
v -0.485726 1.521257 -0.836886
v -0.664963 1.366277 -0.921632
v -0.679894 1.500053 -0.836117
v -0.845889 1.345648 -0.913647
v -0.663654 1.360102 -0.917559
v -0.854164 1.139431 -0.932633
v -0.482275 1.388652 -0.914515
v -0.057017 1.285799 -0.929955
v -0.405786 1.170304 -0.925289
v 0.100412 1.423078 -0.922770
v 0.196683 1.292877 -0.929293
v 0.469871 1.219683 -0.927148
v 0.468468 1.369270 -0.919632
v 0.469487 1.219641 -0.920230
v 0.638644 1.030513 -0.905481
v -0.405778 1.170373 -0.927378
v -0.055886 1.286053 -0.924393
v -0.058835 1.200296 -0.922239
v -0.410753 1.022297 -0.928928
v 0.198393 1.292588 -0.932407
v 0.297637 1.168333 -0.926689
v 0.096998 1.214387 -0.925221
v 0.834543 1.153428 -0.928355
v 0.894777 1.148466 -0.931576
v 0.893598 1.039839 -0.931078
v 0.835666 1.030061 -0.926560
v -0.854178 1.139428 -0.932523
v -0.836733 1.004457 -0.930678
v 0.121490 1.704787 -0.425262
v 0.121769 1.665401 -0.277511
v 0.467654 1.690579 -0.431682
v 0.347542 1.711368 -0.427705
v 0.347695 1.660608 -0.271585
v 0.468913 1.629906 -0.276874
v -0.909474 1.593786 -0.449351
v 0.821161 1.631567 -0.444144
v 0.639262 1.661410 -0.437403
v -0.658750 1.661583 -0.455829
v 0.121660 1.479166 -0.158554
v -0.483598 1.524163 -0.175069
v -0.665414 1.433573 -0.102481
v -0.677807 1.513275 -0.176014
v 0.900621 1.484560 -0.161420
v 0.646773 1.509675 -0.163153
v 0.347578 1.537069 -0.170466
v 0.347087 1.471558 -0.119541
v -0.360546 1.539043 -0.172942
v -0.425885 1.443909 -0.108614
v -0.964119 1.534263 -0.164957
v 0.646641 1.509897 -0.164175
v 0.395712 0.950965 -0.041753
v 0.469928 1.541659 -0.170693
v 0.646641 1.509897 -0.164175
v -0.360387 1.633520 -0.274833
v -0.490506 1.619903 -0.284213
v -0.884936 0.953444 -0.054077
v -0.677807 1.513275 -0.176014
v -0.707204 1.579069 -0.290133
v -0.904643 1.149033 -0.933332
v -0.880757 1.005200 -0.932575
v -0.836451 0.999686 -0.933203
v -0.906131 1.356718 -0.912532
v -0.681932 1.507962 -0.180297
v -0.819109 1.609226 -0.704710
v 0.864029 1.001134 0.047352
v 0.886164 1.617249 -0.390805
v 0.835676 1.030056 -0.926442
v 0.833783 1.503276 -0.836136
v 0.820813 1.371659 -0.923562
v 0.784229 1.504143 -0.833292
v 0.833864 1.499634 -0.832137
v 0.831397 1.586392 -0.723433
v 0.864008 1.001215 0.047488
v 0.839673 0.983641 0.053178
v 0.812383 1.007514 0.031581
v 0.932048 1.067708 0.018512
v 0.943515 1.307679 -0.029851
v 0.820623 1.356652 -0.883948
v 0.837123 1.151672 -0.888905
v 0.879929 1.353923 -0.888772
v 0.894739 1.146669 -0.897948
v -0.902131 1.351730 -0.876446
v -0.871469 1.553948 -0.810756
v -0.827100 1.534502 -0.804568
v -0.820813 1.548367 -0.817459
v -0.863812 1.570444 -0.823639
v -0.818687 1.574701 -0.700682
v -0.917934 1.549012 -0.453469
v -0.832457 0.959559 -0.086594
v -0.806960 0.935597 -0.077574
v -0.850227 0.929387 -0.079815
v -0.881813 0.947443 -0.086799
v 0.196562 0.933222 -0.087884
v -0.486802 1.595271 -0.300455
v -0.481288 1.501010 -0.199236
v -0.679630 1.480041 -0.203767
v -0.702505 1.547080 -0.299117
v 0.344560 1.630557 -0.291079
v 0.038320 1.644439 -0.285291
v 0.637092 1.589456 -0.331856
v 0.900179 1.455537 -0.186804
v 0.643944 1.483797 -0.187622
v -0.356659 1.607086 -0.288889
v -0.981924 1.502797 -0.180233
v -0.994510 1.504609 -0.217713
v 0.463931 1.606674 -0.294564
v 0.467406 1.516297 -0.198052
v 0.351008 1.448588 -0.163266
v -0.942534 1.301085 -0.095097
v -0.338481 1.372794 -0.100704
v -0.361176 1.430968 -0.141264
v 0.653072 1.420976 -0.103481
v -0.665373 1.413769 -0.133504
v 0.175494 1.295958 -0.141463
v -0.973380 1.068357 -0.099886
v 0.933262 1.046852 -0.008643
v 0.678528 1.142932 -0.117006
v -0.208044 1.199646 -0.117762
v -0.944663 0.994126 -0.099857
v -0.129079 0.899058 -0.074236
v -0.428948 1.036090 -0.078871
v 0.808608 0.985752 0.015510
v 0.651585 0.969092 -0.029526
v 0.788240 1.583053 -0.642998
v 0.816534 1.597004 -0.449375
v 0.632919 1.622660 -0.443947
v 0.614493 1.585009 -0.669759
v 0.460337 1.627756 -0.674124
v 0.463952 1.684726 -0.437158
v 0.343538 1.684371 -0.432994
v -0.184553 1.652003 -0.653659
v -0.358226 1.660462 -0.435235
v -0.645168 1.623052 -0.689029
v -0.657158 1.620519 -0.458971
v 0.771637 1.520515 -0.764327
v 0.619594 1.513541 -0.793459
v 0.624924 1.622697 -0.683902
v 0.345750 1.484614 -0.810289
v 0.120762 1.515012 -0.806470
v 0.121300 1.642418 -0.664844
v 0.120459 1.514013 -0.801179
v 0.121243 1.648814 -0.669851
v -0.144128 1.654454 -0.656383
v -0.478090 1.633731 -0.678352
v -0.171495 1.533969 -0.793026
v -0.484319 1.503057 -0.807329
v -0.484768 1.500050 -0.811499
v -0.477609 1.625938 -0.672214
v -0.815532 1.588285 -0.706980
v -0.681250 1.477796 -0.808156
v 0.820580 1.356608 -0.882879
v 0.800734 1.426708 -0.854173
v 0.640955 1.365453 -0.884760
v 0.348531 1.358866 -0.886184
v 0.346954 1.366003 -0.883656
v 0.345631 1.484000 -0.809486
v 0.120762 1.511404 -0.802272
v 0.120668 1.405322 -0.883613
v 0.120119 1.420489 -0.887358
v 0.120512 1.514711 -0.802004
v -0.171721 1.533505 -0.792452
v -0.484456 1.507289 -0.812642
v -0.481127 1.375946 -0.882072
v -0.484096 1.498787 -0.809807
v -0.664156 1.357435 -0.886520
v -0.679826 1.479029 -0.809392
v -0.848790 1.356228 -0.885861
v -0.488802 1.161524 -0.893912
v -0.663014 1.355580 -0.880051
v -0.480848 1.376567 -0.887776
v -0.489226 1.161506 -0.889599
v -0.410672 1.022490 -0.895013
v -0.057813 1.411031 -0.881968
v 0.116609 1.294221 -0.897375
v 0.122133 1.405576 -0.888267
v 0.286640 1.269332 -0.901221
v 0.116609 1.294220 -0.897400
v 0.540098 1.362056 -0.882718
v 0.638601 1.173368 -0.878849
v 0.640987 1.363497 -0.879928
v -0.059038 1.200139 -0.895391
v 0.096926 1.214415 -0.897298
v 0.296202 1.168998 -0.895210
v 0.290785 1.268276 -0.899271
v 0.836798 1.151656 -0.892123
v 0.836253 1.030155 -0.892828
v 0.893751 1.039788 -0.898246
v -0.853246 1.157454 -0.893372
v -0.835162 1.003179 -0.898999
v 0.639517 1.030988 -0.872270
v 0.638713 1.173471 -0.877053
v 0.341273 1.613777 -0.314135
v -0.357807 1.610600 -0.287631
v 0.459922 1.663957 -0.436361
v 0.345207 1.634691 -0.289975
v 0.343986 1.678425 -0.433202
v 0.463474 1.603771 -0.296619
v -0.916010 1.555346 -0.451940
v 0.816572 1.597261 -0.449323
v 0.632919 1.622660 -0.443947
v -0.659155 1.634091 -0.459973
v -0.481194 1.500220 -0.200498
v -0.665284 1.414683 -0.132573
v -0.676129 1.484347 -0.198339
v 0.896961 1.457248 -0.184368
v 0.643806 1.484135 -0.188633
v 0.349899 1.455457 -0.150388
v -0.975581 1.504757 -0.175639
v 0.651783 1.414445 -0.119224
v 0.467787 1.518389 -0.196635
v 0.643806 1.484135 -0.188633
v -0.359420 1.436653 -0.133834
v -0.357608 1.605149 -0.294814
v -0.486189 1.590882 -0.302858
v -0.832457 0.959559 -0.086594
v -0.676327 1.483048 -0.199784
v -0.701762 1.535238 -0.297933
v -0.905550 1.138635 -0.897546
v -0.882405 1.002903 -0.900821
v -0.836275 1.002365 -0.899078
v -0.909240 1.137142 -0.897147
v -0.848814 1.356551 -0.885582
v -0.680594 1.481321 -0.201823
v -0.649464 1.631065 -0.684131
v 0.870262 0.983301 0.019286
v 0.882968 1.593797 -0.397103
v 0.836304 1.030146 -0.892367
v 0.877083 1.353698 -0.884294
v 0.821612 1.513172 -0.781249
v 0.870296 0.983261 0.019240
v 0.846255 0.965514 0.026376
v 0.805616 0.996940 0.028938
v 0.947117 1.281943 -0.064045
v 0.874171 1.360294 -0.908830
v 0.848583 1.439263 -0.874453
v 0.827814 1.495031 -0.825557
v -0.901911 1.346601 -0.907991
v -0.906504 1.155275 -0.926778
v 0.893943 1.148046 -0.926792
v -0.860926 1.608089 -0.776052
v -0.866530 1.572265 -0.822550
v 0.823520 1.546818 -0.763659
v 0.835276 1.589843 -0.677690
v -0.907470 1.585891 -0.450930
v -0.881875 1.600025 -0.586224
v 0.853978 1.613832 -0.562806
v 0.873525 1.616946 -0.447768
v -0.881866 0.954228 -0.080539
v -0.949223 1.006860 -0.093479
v 0.133549 0.939661 -0.065588
v -0.125205 0.902469 -0.066021
v -0.131381 0.871177 -0.057709
v 0.943649 1.125037 -0.029377
v 0.924915 1.042380 0.003411
v -0.117060 0.867816 -0.076543
v -0.153788 0.909559 -0.073683
v 0.015219 0.904514 -0.099610
v 0.950179 1.208433 -0.029969
v 0.957339 1.203850 -0.036461
v 0.953946 1.179508 -0.027843
v 0.933812 1.333691 -0.048206
v -0.957306 1.457272 -0.145714
v -0.979886 1.509866 -0.177766
v -0.943158 1.263058 -0.064738
v -0.938902 1.367973 -0.092685
v 0.867907 0.990762 0.022769
v 0.845508 0.975214 0.028184
v 0.883960 1.598464 -0.364617
v 0.890350 1.546070 -0.267777
v -0.903450 1.133595 -0.905483
v -0.878238 0.993899 -0.907442
v -0.971253 1.050449 -0.074149
v -0.967322 1.064007 -0.089668
v -0.375525 1.027773 -0.056660
v -0.452633 1.045735 -0.052070
v -0.519396 1.032359 -0.051067
v 0.918282 1.053746 0.018452
v 0.890987 1.023375 0.029234
v 0.865794 0.999833 0.039517
v -0.374328 1.020585 -0.067842
v 0.239345 0.947486 -0.061630
v -0.900996 1.154630 -0.922340
v -0.876778 0.999452 -0.925524
v -0.877152 1.004047 -0.925131
v -0.832784 0.996045 -0.909124
v 0.097709 1.214970 -0.910843
v 0.302692 1.167892 -0.913753
v -0.125902 1.170360 -0.908359
v -0.018279 1.204655 -0.901548
v 0.302875 1.168573 -0.906730
v 0.552960 1.031348 -0.892950
v -0.141142 1.165051 -0.922104
v -0.032843 1.205126 -0.911894
v 0.093116 1.215070 -0.912034
v -0.411248 1.022372 -0.928201
v -0.411030 0.997233 -0.923544
v -0.883458 1.477056 -0.868305
v 0.891060 1.035404 -0.924059
v 0.891981 1.147874 -0.922847
v 0.906288 1.463889 -0.143166
v 0.917789 1.426003 -0.117794
v 0.911206 1.451065 -0.140505
v -0.973768 1.536070 -0.258757
v -0.960989 1.497038 -0.148503
v -0.979354 1.534806 -0.210282
v -0.976709 1.530521 -0.173310
v 0.386261 0.951065 -0.055555
v 0.650192 1.030730 -0.883391
v 0.835857 1.031237 -0.908256
v -0.693905 0.972917 -0.043811
v -0.809177 0.947603 -0.053859
v 0.838523 0.983431 0.045658
v 0.795286 0.986703 0.031620
v -0.956411 1.003463 -0.074924
v -0.852630 0.942021 -0.055147
v -0.884064 0.957262 -0.061782
v -0.834828 1.004768 -0.904585
v 0.613889 0.982427 -0.013636
v 0.891087 1.040307 -0.919767
v 0.633757 1.033301 -0.895099
v 0.618643 0.973293 -0.030221
v -0.830705 0.976152 -0.907639
v -0.412851 0.995505 -0.903660
v -0.846609 0.937495 -0.073920
v -0.946771 1.004653 -0.092005
v 0.799272 0.976742 0.015960
v -0.833787 1.004676 -0.927939
v -0.807484 0.942865 -0.071883
v 0.834726 1.021699 -0.904216
v 0.799300 0.978546 0.015951
v -0.986069 1.515652 -0.208407
v -0.982174 1.514386 -0.258672
v 0.890061 1.486351 -0.204118
v 0.882978 1.581417 -0.367601
v 0.871461 1.600292 -0.449994
v 0.944900 1.331132 -0.066225
v -0.873245 1.585340 -0.710032
v -0.864264 1.589393 -0.776584
v -0.867586 1.556429 -0.814274
v 0.872757 1.356442 -0.892254
v 0.848581 1.429663 -0.861263
v 0.824971 1.488446 -0.808903
v -0.410020 1.022884 -0.897192
v 0.833141 1.031323 -0.909881
v 0.890066 1.040092 -0.909871
v -0.878280 1.001373 -0.906930
v 0.920069 1.045944 0.001953
v 0.869614 0.989496 0.023965
v 0.864722 1.000897 0.038740
v -0.884641 0.956264 -0.061653
v -0.918893 0.980035 -0.070006
v -0.951920 1.005778 -0.075174
v 0.949335 1.215198 -0.058236
v -0.946640 1.254359 -0.081791
v -0.940597 1.341973 -0.101835
v 0.937695 1.317219 -0.062780
v 0.919587 1.051640 0.019550
v -0.981021 1.513373 -0.257239
v -0.913768 1.556504 -0.473545
v 0.831973 1.574088 -0.670548
v 0.851859 1.597339 -0.559691
v -0.888898 1.573224 -0.600919
v -0.874457 1.585732 -0.710054
v 0.831863 1.530900 -0.754083
v 0.890972 1.035568 -0.904690
v 0.903543 1.146609 -0.904977
v 0.890332 1.146534 -0.905977
v -0.868516 1.554487 -0.814900
v -0.883600 1.468005 -0.854731
v -0.900370 1.350466 -0.888833
v 0.885839 1.253483 -0.904376
v 0.898717 1.031491 -0.905589
v 0.901711 1.028240 -0.925275
v -0.887291 0.985848 -0.907498
v -0.862745 0.971056 -0.926527
v -0.803273 0.925277 -0.066539
v -0.830631 0.928615 -0.050766
v -0.957857 0.998662 -0.094179
v 0.847294 0.967562 0.034057
v -0.410305 0.998347 -0.904327
v 0.559401 1.021030 -0.873228
v 0.368731 0.942096 -0.075229
v 0.376430 0.942635 -0.052745
v -0.974229 1.518127 -0.181870
v -0.957298 1.442517 -0.136157
v -0.978787 1.526096 -0.155733
v -0.965955 1.530430 -0.278431
v -0.909125 1.581242 -0.481955
v -0.901446 1.586709 -0.481793
v -0.981379 1.532782 -0.255983
v 0.910931 1.435025 -0.150730
v 0.893137 1.571263 -0.342796
v 0.895185 1.587876 -0.334525
v 0.899659 1.033515 -0.905534
v 0.897724 1.033709 -0.924121
v -0.909967 1.130684 -0.905300
v -0.913998 1.308822 -0.896921
v -0.900598 1.417072 -0.893308
v -0.922348 1.224074 -0.923241
v -0.042939 1.199799 -0.916046
v 0.303645 1.144643 -0.901324
v 0.301638 1.144770 -0.920092
v -0.884800 0.990690 -0.907341
v 0.110319 0.921231 -0.079815
v -0.451750 1.038315 -0.068290
v -0.446043 1.040906 -0.047837
v -0.969736 0.995012 -0.095483
v -0.968239 0.996279 -0.076611
v -0.948975 1.278443 -0.063558
v -0.988232 1.519632 -0.172491
v 0.873642 1.602976 -0.491228
v 0.876265 1.621207 -0.490530
v 0.930210 1.040048 0.005595
v 0.832935 1.557938 -0.712588
v -0.872315 1.598154 -0.773602
v -0.868839 1.605653 -0.777221
v 0.862675 1.431896 -0.867544
v 0.830352 1.530501 -0.789210
v -0.875287 1.556761 -0.813828
v -0.875267 1.564061 -0.818122
v -0.873843 1.565529 -0.818610
v -0.875396 1.570709 -0.822320
v 0.886967 1.337537 -0.896627
v 0.891059 1.329431 -0.918791
v -0.875287 1.556761 -0.813828
v -0.906854 1.236724 -0.903428
v 0.907773 0.844593 -0.142955
v 0.903425 0.662821 -0.151318
v 0.910082 0.844355 -0.140776
v 0.906474 0.661998 -0.148430
v 0.910296 0.844415 -0.141735
v 0.911826 0.844070 -0.136775
v 0.906117 0.661581 -0.143570
v 0.911632 0.661544 -0.144047
v 0.909996 0.848172 -0.142788
v 0.915993 0.842558 -0.139651
v 0.893781 0.746414 -0.592125
v 0.909065 0.843628 -0.575276
v 0.912480 0.662351 -0.147046
v 0.891371 0.662116 -0.577222
v 0.894527 0.693838 -0.592998
v 0.734621 0.857922 -0.121940
v 0.791534 0.836071 -0.126126
v 0.732976 0.837574 -0.124223
v 0.750991 0.684650 -0.135706
v 0.908995 0.843018 -0.575272
v 0.734795 0.853319 -0.123563
v 0.791517 0.836007 -0.126129
v 0.732993 0.837565 -0.124224
v 0.750405 0.679537 -0.136017
v 0.895142 0.740076 -0.512818
v 0.893775 0.746364 -0.592126
v 0.891467 0.662646 -0.576158
v 0.894616 0.694302 -0.591891
v 0.895141 0.740063 -0.512778
v 0.734366 0.847288 -0.134392
v 0.804480 0.860061 -0.129209
v 0.750338 0.679687 -0.139779
v 0.891409 0.740567 -0.512717
v 0.859624 0.682113 -0.585949
v 0.905326 0.844068 -0.575176
v 0.890042 0.746853 -0.592025
v 0.734464 0.846984 -0.126865
v 0.750439 0.679384 -0.132254
v 0.872693 0.680688 -0.586680
v 0.898886 0.739685 -0.512911
v 0.897520 0.745974 -0.592220
v 0.912804 0.843188 -0.575371
v -1.025427 0.389000 -0.127740
v -0.936697 0.564461 -0.120722
v -1.023299 0.388571 -0.128493
v -0.934648 0.562613 -0.121671
v -1.025237 0.389142 -0.128759
v -1.030906 0.392340 -0.120708
v -0.942966 0.567268 -0.113565
v -1.028320 0.391284 -0.121549
v -0.939871 0.565085 -0.114916
v -1.029544 0.391787 -0.122958
v -1.033987 0.394235 -0.530560
v -0.694471 0.262460 -0.132719
v -0.791717 0.380263 -0.126172
v -0.940224 0.564293 -0.119932
v -0.738344 0.360136 -0.125949
v -0.659126 0.392875 -0.124172
v -1.028904 0.393962 -0.126164
v -0.986939 0.462804 -0.713695
v -0.941433 0.571436 -0.563043
v -0.751392 0.224764 -0.133359
v -0.696798 0.260545 -0.132761
v -0.972677 0.503395 -0.566147
v -0.984800 0.469099 -0.715331
v -0.941808 0.570534 -0.563043
v -0.966870 0.514882 -0.571820
v -0.751575 0.224453 -0.133364
v -0.793165 0.381023 -0.126062
v -0.737474 0.362815 -0.125799
v -0.659347 0.392518 -0.124196
v -0.764000 0.359246 -0.119993
v -0.696863 0.260638 -0.136762
v -0.751457 0.224857 -0.137360
v -0.659107 0.393138 -0.128166
v -0.963144 0.454621 -0.709977
v -0.963167 0.513362 -0.571836
v -0.938105 0.569014 -0.563059
v -1.031011 0.391465 -0.529067
v -0.751321 0.224663 -0.129359
v -0.696728 0.260443 -0.128761
v -0.763781 0.358737 -0.112014
v -0.659145 0.392611 -0.120178
v -0.945510 0.572054 -0.563028
v -0.970572 0.516402 -0.571805
v -0.969989 0.459130 -0.710760
v -1.037760 0.395770 -0.529078
v 0.484465 0.676229 -0.058915
v -0.646318 1.590480 -0.227152
v -0.644728 1.593618 -0.223520
v -0.461225 1.580707 -0.221060
v -0.660313 1.351771 -0.051198
v -0.678217 1.176731 -0.073293
v -0.490429 1.009727 -0.043364
v -0.688926 0.947091 -0.048154
v -0.646138 1.702507 -0.397450
v -0.635052 1.605495 -0.787253
v -0.636114 1.454589 -0.893606
v -0.634900 1.598519 -0.782740
v -0.460310 1.435165 -0.907667
v -0.478486 1.029826 -0.912325
v -0.652764 1.007991 -0.916169
v -0.645232 1.607475 -0.215302
v -0.645219 1.607281 -0.215502
v -0.655841 1.384128 -0.039795
v -0.474921 1.594630 -0.213868
v -0.677668 1.173868 -0.053514
v -0.690395 0.953314 -0.029442
v -0.635664 1.624510 -0.797568
v -0.645185 1.721772 -0.393588
v -0.461561 1.716779 -0.394513
v -0.635459 1.616511 -0.792559
v -0.636620 1.463972 -0.911320
v -0.481598 1.016146 -0.932533
v -0.461059 1.441441 -0.927228
v -0.635101 1.548202 -0.173414
v -0.649147 1.352714 -0.041160
v -0.462266 1.575406 -0.226597
v -0.474862 1.529644 -0.162572
v -0.474382 1.666780 -0.325058
v -0.461959 1.697028 -0.402935
v -0.459273 1.618485 -0.779225
v -0.473219 1.699826 -0.560813
v -0.472712 1.672538 -0.688938
v -0.473970 1.698621 -0.433988
v -0.622728 1.494193 -0.879100
v -0.530661 0.996242 -0.914550
v -0.656459 1.028259 -0.923929
v -0.533824 1.005707 -0.923719
v -0.615524 1.004721 -0.923338
v -0.646619 1.000593 -0.933473
v -0.632858 1.636188 -0.260628
v -0.678795 1.098105 -0.916976
v -0.664978 1.087735 -0.924863
v -0.459222 1.608249 -0.773015
v -0.471958 1.496343 -0.880042
v -0.500207 1.021836 -0.922880
v -0.472065 1.182027 -0.057141
v -0.492914 0.994886 -0.021043
v -0.472018 1.194544 -0.079170
v -0.485286 1.164628 -0.066269
v -0.502010 1.017067 -0.035404
v -0.666389 0.506391 0.019689
v -0.653966 0.444891 0.082057
v -0.479536 1.361963 -0.052250
v -0.668114 1.140112 -0.065654
v -0.465720 1.540377 -0.165853
v -0.474921 1.594348 -0.214142
v -0.466259 1.360415 -0.041500
v -0.466525 1.366583 -0.063882
v -0.459669 1.636280 -0.788513
v -0.635773 1.360601 -0.927225
v -0.464146 1.542831 -0.162986
v -0.626032 1.662543 -0.703141
v -0.630116 1.696015 -0.581303
v -0.632767 1.705253 -0.453665
v -0.474767 1.376070 -0.925815
v -0.633059 1.688329 -0.356426
v -0.678486 0.942208 -0.037198
v -0.649623 1.021195 -0.924204
v -0.679112 1.093146 -0.942387
v -0.622696 1.608433 -0.787155
v -0.467141 0.445483 0.095177
v -0.472060 1.617087 -0.777641
v -0.459793 1.626457 -0.782538
v -0.485065 1.078566 -0.923222
v -0.463770 0.564427 0.025384
v -0.456523 0.434303 0.094539
v -0.493439 1.028716 -0.923259
v -0.632443 0.423357 0.094976
v -0.643306 0.417983 0.097417
v -0.637474 0.432275 0.070082
v -0.654088 0.445342 0.082474
v -0.628150 0.421747 0.109259
v -0.637132 0.425891 0.095121
v -0.619783 0.414444 0.107291
v -0.506977 0.453825 0.088348
v -0.505423 0.450118 0.075598
v -0.506538 0.428966 0.095666
v -0.477030 0.438032 0.104772
v -0.652819 0.468070 0.041784
v -0.652125 0.461008 0.041410
v -0.652593 0.470069 0.050333
v -0.467597 0.632235 0.026057
v -0.456361 0.474687 0.089339
v -0.555784 0.460797 0.099192
v -0.482046 0.435763 0.113866
v -0.482765 0.430606 0.111002
v -0.554611 0.454288 0.100611
v -0.465937 0.447425 0.101324
v -0.620397 0.412896 0.109809
v -0.477400 0.620508 0.017194
v -0.685581 0.728670 -0.040728
v -0.673212 0.739968 -0.062098
v -0.496675 0.788146 -0.013287
v -0.683545 0.722735 -0.066439
v -0.486370 0.775868 0.008678
v -0.575578 0.884833 -0.027524
v -0.606366 0.866386 -0.040255
v -0.599717 0.858410 -0.037709
v -0.571641 0.866912 -0.031313
v -0.591191 0.870022 -0.054516
v -0.584958 0.898656 -0.021390
v -0.484000 0.771784 -0.009027
v -0.672022 0.697236 -0.036530
v -0.494171 0.747279 0.011334
v -0.653797 0.564343 -0.018104
v -0.666079 0.584880 -0.036323
v -0.567029 0.676676 -0.024576
v -0.560527 0.653834 -0.023108
v -0.582030 0.648749 0.010543
v 0.632543 1.650450 -0.330008
v 0.633710 1.536406 -0.173549
v 0.651990 1.331279 -0.049178
v 0.662989 1.130093 -0.073073
v 0.606761 0.968777 0.004774
v 0.629120 1.659855 -0.579140
v 0.615918 1.516189 -0.853606
v 0.608434 1.562588 -0.778402
v 0.608432 1.562316 -0.778223
v 0.633169 1.539257 -0.170310
v 0.465170 1.029920 -0.920909
v 0.639499 1.007995 -0.924398
v 0.632576 1.559338 -0.155405
v 0.540861 1.548869 -0.161490
v 0.642782 1.393624 -0.034961
v 0.666468 1.138248 -0.053676
v 0.623839 1.610563 -0.745551
v 0.631933 1.694431 -0.440265
v 0.491028 1.544029 -0.846112
v 0.491478 1.609190 -0.782449
v 0.621066 1.518988 -0.849471
v 0.447724 1.423387 -0.935899
v 0.616807 1.529201 -0.861825
v 0.490940 1.543494 -0.845601
v 0.540861 1.548869 -0.161490
v 0.542612 1.504112 -0.116646
v 0.633318 1.551231 -0.162507
v 0.468371 1.016077 -0.941038
v 0.628623 1.446221 -0.080233
v 0.462977 1.528054 -0.175079
v 0.447199 1.702658 -0.395572
v 0.460392 1.702946 -0.434074
v 0.459153 1.665620 -0.684687
v 0.445720 1.609854 -0.775215
v 0.616649 1.508591 -0.840925
v 0.612104 1.455896 -0.889217
v 0.608802 1.555366 -0.805470
v 0.517378 0.996242 -0.922818
v 0.643177 1.028259 -0.932197
v 0.521632 1.005162 -0.932138
v 0.603295 1.005253 -0.931758
v 0.633327 1.000592 -0.941722
v 0.665566 1.099746 -0.925619
v 0.636335 1.021197 -0.932493
v 0.651693 1.087884 -0.933022
v 0.458654 1.607717 -0.774734
v 0.445710 1.599763 -0.769388
v 0.447031 1.437952 -0.907649
v 0.486922 1.021835 -0.931168
v 0.466723 1.168936 -0.062940
v 0.457635 1.184591 -0.058123
v 0.458396 1.194684 -0.079008
v 0.666306 0.624117 -0.013859
v 0.673074 0.460761 0.075345
v 0.674615 0.576345 0.002416
v 0.661629 0.462789 0.063374
v 0.658312 0.644465 -0.038675
v 0.466419 1.370590 -0.051243
v 0.637419 1.339042 -0.040444
v 0.652660 1.128309 -0.064893
v 0.460227 1.666750 -0.318435
v 0.463703 1.476761 -0.106375
v 0.449006 1.503779 -0.118438
v 0.452445 1.387886 -0.063845
v 0.617286 1.660373 -0.577784
v 0.620079 1.677860 -0.454007
v 0.451871 1.390479 -0.041994
v 0.459604 1.699204 -0.558271
v 0.448622 1.720401 -0.383337
v 0.446301 1.629456 -0.785971
v 0.457191 1.490639 -0.130958
v 0.457294 1.491001 -0.131073
v 0.622368 1.357559 -0.928963
v 0.613005 1.622460 -0.697858
v 0.461603 1.374472 -0.927776
v 0.620313 1.669034 -0.359934
v 0.617474 1.617067 -0.250975
v 0.609479 1.016542 -0.002964
v 0.665724 1.094224 -0.948615
v 0.485517 0.524425 0.055248
v 0.506900 0.435265 0.137275
v 0.491779 0.461085 0.120668
v 0.446573 1.617610 -0.778850
v 0.458710 1.489312 -0.881021
v 0.471793 1.078554 -0.931496
v 0.449416 1.503319 -0.118850
v 0.484521 0.471775 0.074056
v 0.500264 0.447882 0.110324
v 0.507357 0.422046 0.147722
v 0.480157 1.028716 -0.931528
v 0.646991 0.445312 0.088712
v 0.671868 0.465385 0.049787
v 0.669676 0.460566 0.077447
v 0.655260 0.448949 0.095172
v 0.676300 0.550148 -0.006572
v 0.671916 0.465883 0.050434
v 0.484611 0.475460 0.073903
v 0.500109 0.447137 0.109535
v 0.489312 0.457439 0.115453
v 0.586248 0.470694 0.108235
v 0.658090 0.427236 0.091502
v 0.495861 0.421676 0.146640
v 0.653108 0.441233 0.086942
v 0.525683 0.440618 0.146137
v 0.501651 0.442110 0.142848
v 0.586645 0.474055 0.110715
v 0.486144 0.462340 0.124741
v 0.488593 0.464358 0.124207
v 0.514966 0.437505 0.142210
v 0.569461 0.624390 -0.000204
v 0.544633 0.626666 0.003831
v 0.538387 0.620104 0.007662
v 0.545436 0.591055 0.013663
v 0.559742 0.625878 0.001512
v 0.553285 0.620558 0.018522
v 0.575265 0.613193 0.018528
v 0.600194 0.952028 0.025835
v 0.614358 0.769436 -0.018272
v 0.601871 0.909123 0.011638
v 0.623041 0.696101 -0.036501
v 0.401681 0.978374 -0.010721
v 0.420369 0.774566 0.012330
v 0.402121 0.977021 -0.008615
v 0.406769 0.793162 0.002499
v 0.606680 0.788635 -0.028623
v 0.598445 0.965083 0.007416
v 0.607443 0.787713 -0.028320
v 0.400374 0.977652 0.012237
v 0.411616 0.771413 0.018293
v 0.515892 0.777379 -0.001118
v 0.500283 0.758115 -0.014873
v 0.449726 0.648276 0.009102
v 0.523770 0.757695 0.005608
v 0.454565 0.685245 0.012388
v 0.656855 0.646262 -0.035627
v 0.443254 0.684762 0.019284
v 0.530265 0.739955 -0.006313
v 0.531830 0.751091 -0.012963
v 0.526822 0.776115 -0.010013
v 0.523359 0.753539 -0.025461
v 0.637005 0.150446 -0.152191
v 0.622186 0.117555 -0.149724
v 0.619531 0.126700 -0.144215
v 0.579033 0.103620 -0.143604
v 0.635676 0.119368 -0.141972
v 0.576506 0.089676 -0.136415
v 0.585373 0.098782 -0.149084
v 0.484567 0.084283 -0.149695
v 0.452000 0.095921 -0.137724
v 0.476181 0.097513 -0.142364
v 0.441149 0.095856 -0.137513
v 0.452739 0.108230 -0.142968
v 0.447273 0.098842 -0.150482
v 0.428711 0.145438 -0.151552
v 0.424219 0.175657 -0.138462
v 0.632256 0.113920 -0.146676
v 0.631174 0.627047 -0.117122
v 0.437199 0.537809 -0.124791
v 0.431188 0.093727 -0.150803
v 0.434233 0.540222 -0.129456
v 0.439128 0.647454 -0.095637
v 0.635201 0.582599 -0.131625
v 0.637787 0.626893 -0.116577
v 0.633408 0.554376 -0.136692
v 0.448595 0.635288 -0.091808
v 0.435751 0.540486 -0.130752
v 0.439410 0.673771 -0.077798
v 0.632805 0.662533 -0.115940
v 0.641853 0.656538 -0.098849
v 0.637825 0.654277 -0.095841
v 0.608124 0.671316 -0.104240
v 0.607841 0.661973 -0.095910
v 0.638837 0.660308 -0.097450
v 0.644320 0.673523 -0.106172
v 0.442129 0.671050 -0.064505
v 0.437350 0.638883 -0.076934
v 0.440390 0.671465 -0.046200
v 0.642105 0.664224 -0.100432
v 0.646433 0.686943 -0.090673
v 0.431637 0.660743 -0.051039
v 0.430644 0.674860 -0.062979
v 0.642903 0.675051 -0.077730
v 0.661521 0.673705 -0.077441
v 0.446864 0.672290 -0.043280
v 0.479014 0.693176 -0.054021
v 0.655202 0.676453 -0.080168
v 0.659735 0.673098 -0.071841
v 0.438339 0.683735 -0.045717
v 0.450828 0.691753 -0.045597
v 0.479529 0.696873 -0.050179
v 0.453318 0.685294 -0.032460
v 0.446767 0.682439 -0.044343
v 0.651689 0.691435 -0.087746
v 0.608518 0.689044 -0.075962
v 0.657956 0.687490 -0.084291
v 0.480134 0.688658 -0.047103
v 0.490312 0.680642 -0.037542
v 0.434026 0.673869 -0.051123
v 0.653037 0.687090 -0.093150
v 0.656187 0.681990 -0.085992
v 0.640713 0.680422 -0.085264
v 0.433295 0.673931 -0.039016
v 0.439699 0.666503 -0.033522
v 0.445268 0.680153 -0.034788
v 0.664994 0.672235 -0.085977
v 0.661605 0.673309 -0.085480
v 0.440634 0.675362 -0.034232
v 0.438455 0.685058 -0.043283
v 0.659526 0.659285 -0.087463
v 0.661349 0.657309 -0.083697
v 0.433409 0.659100 -0.048432
v 0.438325 0.657951 -0.043633
v 0.654512 0.681358 -0.101079
v 0.429907 0.682128 -0.063733
v 0.440583 0.663339 -0.027520
v 0.437886 0.657185 -0.031234
v 0.656713 0.678522 -0.081645
v 0.655153 0.689344 -0.090705
v 0.662446 0.675462 -0.073147
v 0.430723 0.688038 -0.062636
v 0.441555 0.686022 -0.050594
v 0.654309 0.689223 -0.097102
v 0.661170 0.668962 -0.071246
v 0.664561 0.672562 -0.071651
v 0.438719 0.688386 -0.045669
v 0.438305 0.677683 -0.033769
v 0.439232 0.668131 -0.028722
v 0.439181 0.665757 -0.028666
v 0.441247 0.689778 -0.053091
v 0.437725 0.684683 -0.043271
v 0.630950 0.677835 -0.089350
v 0.631792 0.677587 -0.083551
v 0.617585 0.674040 -0.076490
v 0.450090 0.679224 -0.040568
v 0.485294 0.675371 -0.056278
v 0.618489 0.677682 -0.079282
v 0.485637 0.678283 -0.056290
v 0.637817 0.676322 -0.079179
v 0.621940 0.681781 -0.071439
v 0.438408 0.684972 -0.043353
v 0.438690 0.688993 -0.047724
v 0.432765 0.679058 -0.052458
v 0.655295 0.680703 -0.097270
v 0.433015 0.662239 -0.047916
v 0.452019 0.678038 -0.050486
v 0.654864 0.680661 -0.088840
v 0.665986 0.673604 -0.071983
v 0.431435 0.685334 -0.057769
v 0.650942 0.692571 -0.098032
v 0.451594 0.670446 -0.058309
v 0.484949 0.675616 -0.058367
v 0.618727 0.679357 -0.078442
v -0.645452 0.141038 -0.132254
v -0.630650 0.107952 -0.129718
v -0.630528 0.107412 -0.133431
v -0.583167 0.078962 -0.135563
v -0.628041 0.117097 -0.124182
v -0.587567 0.094025 -0.123210
v -0.648304 0.131055 -0.122763
v -0.643513 0.133917 -0.119783
v -0.585087 0.080076 -0.116005
v -0.460251 0.089021 -0.122604
v -0.484703 0.087912 -0.121057
v -0.460558 0.086315 -0.116164
v -0.430594 0.174705 -0.127645
v -0.443443 0.084016 -0.118367
v -0.461265 0.098627 -0.121455
v -0.453168 0.088979 -0.129264
v -0.437443 0.130467 -0.129390
v -0.433228 0.161531 -0.116127
v -0.629550 0.110007 -0.129336
v -0.442357 0.600393 -0.105764
v -0.640972 0.554096 -0.120690
v -0.441714 0.614519 -0.094461
v -0.443505 0.600915 -0.108583
v -0.641323 0.604025 -0.099896
v -0.441139 0.604636 -0.093374
v -0.638739 0.659227 -0.071648
v -0.443865 0.550527 -0.116221
v -0.642466 0.555850 -0.115937
v -0.634856 0.604418 -0.097878
v -0.631490 0.645379 -0.094767
v -0.635694 0.645888 -0.099130
v -0.649642 0.663537 -0.075788
v -0.637825 0.669156 -0.072215
v -0.470196 0.734833 -0.047195
v -0.470466 0.703111 -0.043565
v -0.553452 0.660950 -0.038790
v -0.467559 0.709455 -0.044799
v -0.495576 0.697984 -0.039834
v -0.551916 0.654979 -0.042999
v -0.664348 0.689167 -0.068761
v -0.656668 0.686069 -0.069430
v -0.462863 0.716888 -0.027782
v -0.658269 0.673561 -0.057855
v -0.652000 0.670186 -0.067122
v -0.667166 0.671666 -0.056178
v -0.490565 0.729393 -0.017613
v -0.571639 0.709224 -0.051032
v -0.494714 0.693265 -0.038040
v -0.663173 0.678089 -0.046184
v -0.668845 0.674308 -0.052261
v -0.482011 0.726459 -0.022452
v -0.520436 0.722654 -0.023233
v -0.625127 0.699009 -0.057278
v -0.486161 0.732783 -0.019999
v -0.666159 0.674834 -0.050013
v -0.661366 0.684991 -0.064406
v -0.571039 0.704039 -0.052493
v -0.469627 0.735440 -0.043593
v -0.571087 0.712345 -0.050469
v -0.477967 0.741273 -0.040239
v -0.657062 0.667186 -0.073209
v -0.471785 0.720858 -0.024106
v -0.474033 0.725272 -0.016111
v -0.472043 0.728108 -0.022875
v -0.474774 0.730272 -0.013533
v -0.477356 0.728882 -0.017497
v -0.669815 0.666450 -0.065151
v -0.481245 0.748147 -0.036123
v -0.476488 0.732405 -0.020316
v -0.657751 0.657689 -0.059689
v -0.661862 0.675726 -0.065992
v -0.474710 0.736029 -0.035752
v -0.658393 0.682967 -0.068299
v -0.461144 0.719339 -0.031981
v -0.462811 0.733183 -0.047321
v -0.468585 0.716068 -0.025155
v -0.465085 0.717299 -0.028913
v -0.465270 0.715730 -0.030044
v -0.464528 0.718876 -0.034190
v -0.660288 0.678924 -0.077862
v -0.467859 0.740727 -0.049815
v -0.478170 0.726660 -0.016708
v -0.659945 0.680385 -0.063758
v -0.661161 0.686240 -0.070886
v -0.666918 0.667960 -0.047495
v -0.670937 0.670445 -0.048574
v -0.475297 0.736649 -0.013199
v -0.472485 0.725697 -0.011918
v -0.642303 0.677315 -0.064602
v -0.477605 0.742963 -0.040149
v -0.644015 0.673279 -0.062775
v -0.514956 0.717687 -0.041333
v -0.649243 0.678717 -0.060297
v -0.660787 0.677909 -0.070802
v -0.663071 0.677006 -0.072810
v -0.655280 0.676712 -0.071776
v -0.513034 0.716519 -0.044280
v -0.673632 0.672400 -0.047576
v -0.466167 0.737706 -0.029815
v -0.662467 0.678692 -0.065813
v -0.512104 0.713834 -0.039232
v -0.642915 0.679639 -0.065196
v -0.658542 0.668017 -0.061369
v -0.653199 0.671656 -0.061050
v -0.514930 0.718122 -0.041150
v -0.580857 0.650216 -0.025187
v -0.566443 0.671486 -0.016640
v -0.571584 0.663813 0.007473
v -0.541839 0.686897 -0.003982
v -0.567099 0.680050 0.009147
v -0.555548 0.656481 0.004407
v -0.592715 0.895343 -0.044607
v -0.576376 0.891983 -0.045429
v -0.600688 0.877014 -0.021322
v -0.479286 0.442348 0.110225
v -0.477295 0.423468 0.117069
v -0.637405 0.431826 0.069647
v -0.599545 0.636037 -0.010224
v -0.603985 0.676610 -0.013964
v -0.579277 0.655981 0.006759
v -0.540416 0.646623 -0.001710
v -0.568510 0.652767 -0.018741
v -0.606030 0.901279 -0.041689
v -0.609950 0.895694 -0.036960
v -0.569122 0.872973 -0.035805
v -0.570721 0.901883 -0.033099
v -0.577609 0.910634 -0.035361
v 0.556254 0.595229 -0.014842
v 0.563746 0.599779 0.025974
v 0.504092 0.771145 -0.015612
v 0.577108 0.619671 -0.003431
v 0.542612 1.504112 -0.116646
v 0.491446 1.608960 -0.782314
v 0.462986 1.528089 -0.175060
v 0.579872 0.625077 -0.000453
v 0.586545 0.596423 0.005564
v 0.570930 0.615793 -0.003560
v 0.501034 0.749371 -0.007148
v 0.503131 0.744432 -0.001408
v 0.498132 0.783815 -0.010300
v 0.495734 0.775581 -0.004342
v 0.525038 0.782674 -0.015573
v 0.552128 0.590702 0.014244
v 0.581363 0.589247 0.007869
v 0.502437 0.771471 0.004446
v -1.433652 -0.826910 -0.174143
v -1.444515 -0.631150 -0.166989
v -1.431896 -0.826285 -0.174506
v -1.441257 -0.631537 -0.168694
v -1.455161 -0.632519 -0.157232
v -1.437335 -0.826445 -0.168030
v -1.446835 -0.632352 -0.162153
v -1.438097 -0.826885 -0.168458
v -1.438911 -0.826741 -0.692590
v -1.442324 -0.826285 -0.315738
v -0.984829 -0.751986 -0.178539
v -1.054528 -0.731361 -0.175424
v -1.443657 -0.633784 -0.169872
v -1.450436 -0.636236 -0.164043
v -1.433002 -0.824297 -0.172113
v -0.948230 -0.692627 -0.171669
v -1.101687 -0.625768 -0.168223
v -1.447460 -0.699405 -0.752843
v -1.443163 -0.772088 -0.662795
v -1.452238 -0.628170 -0.685365
v -1.010533 -0.813578 -0.179148
v -0.985256 -0.753397 -0.178550
v -1.448489 -0.679195 -0.688708
v -1.447202 -0.709485 -0.748209
v -1.443174 -0.771137 -0.665692
v -1.438889 -0.826100 -0.695162
v -1.451959 -0.629699 -0.682163
v -1.448635 -0.670126 -0.690367
v -1.010505 -0.814277 -0.179158
v -1.056460 -0.728625 -0.175220
v -0.950373 -0.689883 -0.171527
v -1.055063 -0.732684 -0.179435
v -0.985358 -0.753358 -0.182551
v -1.010635 -0.813539 -0.183149
v -1.105040 -0.625642 -0.172190
v -0.948974 -0.693798 -0.175732
v -1.443489 -0.699935 -0.753188
v -1.482781 -0.644970 -0.684242
v -1.434889 -0.827383 -0.692585
v -1.439184 -0.772605 -0.663132
v -1.010414 -0.813625 -0.175148
v -0.985136 -0.753443 -0.174550
v -1.054832 -0.732865 -0.171435
v -0.948711 -0.694257 -0.167744
v -1.105004 -0.626103 -0.164208
v -1.490119 -0.646329 -0.684408
v -1.451454 -0.699713 -0.753173
v -1.447164 -0.772411 -0.663134
v -1.442892 -0.827584 -0.692595
v -0.589340 0.849227 -1.036775
v -0.527856 0.897297 -1.021547
v -0.537709 0.833723 -1.016876
v -0.576260 0.840788 -1.013886
v -0.572312 0.829181 -1.011583
v -0.577383 0.837968 -1.020159
v -0.586328 0.849347 -1.027638
v -0.587368 0.893849 -1.038392
v -0.613367 0.888379 -1.020590
v -0.577960 0.891005 -1.014351
v -0.579017 0.904856 -1.019414
v -0.544338 -1.008457 -1.008114
v -0.506113 -0.946754 -0.999938
v -0.483941 -1.007407 -0.998005
v -0.536671 -1.017676 -0.994672
v -0.535061 -1.009194 -0.990770
v -0.562601 -1.015103 -0.994231
v -0.549405 -1.004400 -1.008128
v -0.568282 -0.959116 -0.997999
v -0.541214 -0.962726 -0.993801
v -0.554137 -0.968046 -1.012213
v -0.542256 -0.954690 -0.992900
v -0.494250 -1.064790 -1.000696
v -0.491481 -1.125785 -0.993078
v -0.536009 -1.138131 -0.988598
v -0.545058 -1.128663 -1.005466
v -0.534004 -1.126017 -0.983371
v -0.561735 -1.138094 -0.993538
v -0.549397 -1.124472 -1.005167
v -0.571477 -1.087063 -0.992098
v -0.553199 -1.088685 -1.008119
v -0.549908 -1.084946 -1.004458
v -0.548511 -1.087499 -1.007672
v -0.539198 -1.080889 -0.988648
v -0.542654 -1.077958 -0.988535
v -0.422258 0.899626 -1.025168
v -0.436738 0.833722 -1.016876
v -0.488343 0.849674 -1.035841
v -0.475289 0.840788 -1.013886
v -0.471348 0.851671 -1.006697
v -0.504579 0.839606 -1.017746
v -0.491245 0.879628 -1.028702
v -0.487457 0.888551 -1.036233
v -0.506313 0.896015 -1.021547
v -0.474827 0.893097 -1.013551
v -0.479311 0.898356 -1.014726
v 0.583547 0.840064 -1.034787
v 0.589636 0.887499 -1.035352
v 0.526843 0.899179 -1.022879
v 0.581115 0.901732 -1.019895
v 0.537684 0.833722 -1.016876
v 0.572250 0.833750 -1.015290
v 0.572285 0.829183 -1.011582
v 0.578785 0.842357 -1.020569
v 0.593834 0.863994 -1.030368
v 0.616306 0.880063 -1.021498
v 0.575899 0.889451 -1.009234
v 0.556938 -0.964629 -1.015510
v 0.543781 -0.942025 -0.993972
v 0.496777 -1.002447 -0.988778
v 0.545613 -1.014660 -0.986665
v 0.553799 -1.009712 -1.002670
v 0.544146 -1.001618 -0.980462
v 0.578626 -1.009654 -0.991859
v 0.564568 -0.989914 -1.004605
v 0.565109 -0.990147 -1.005831
v 0.577607 -0.959119 -0.996804
v 0.547458 -0.965418 -0.983993
v 0.555966 -0.953296 -1.003142
v 0.553092 -1.129922 -1.005257
v 0.557430 -1.084410 -1.009179
v 0.506670 -1.064741 -1.001916
v 0.496614 -1.123169 -0.988900
v 0.545631 -1.133867 -0.985433
v 0.545112 -1.123717 -0.982277
v 0.579139 -1.130034 -0.992128
v 0.564812 -1.107929 -1.005322
v 0.558403 -1.090803 -0.998526
v 0.577608 -1.079537 -0.996803
v 0.548011 -1.080703 -0.987619
v 0.551147 -1.075107 -0.989908
v 0.485332 0.892751 -1.033653
v 0.477395 0.907356 -1.019139
v 0.424473 0.899238 -1.026598
v 0.423851 0.834598 -1.021418
v 0.471279 0.833750 -1.015290
v 0.480577 0.842249 -1.028530
v 0.472307 0.850464 -1.007661
v 0.504554 0.839605 -1.017746
v 0.493141 0.863676 -1.033272
v 0.487414 0.884622 -1.027064
v 0.508262 0.896558 -1.022853
v 0.474803 0.893097 -1.013551
v 1.204377 -0.680222 -0.932315
v 1.138977 -0.669062 -0.920370
v 1.148209 -0.723794 -0.913353
v 1.186838 -0.734582 -0.916376
v 1.195383 -0.723759 -0.924226
v 1.186528 -0.723969 -0.909473
v 1.223119 -0.721472 -0.917205
v 1.197456 -0.720906 -0.928840
v 1.202002 -0.685103 -0.921994
v 1.217158 -0.668176 -0.917732
v 1.190227 -0.678647 -0.908043
v 1.194148 -0.671047 -0.909851
v 1.336177 -0.729601 -0.930401
v 1.337295 -0.686381 -0.929438
v 1.326094 -0.667089 -0.913682
v 1.336287 -0.668635 -0.932519
v 1.275780 -0.694348 -0.914692
v 1.291615 -0.746457 -0.919428
v 1.324883 -0.737865 -0.912435
v 1.321661 -0.739430 -0.915524
v 1.355140 -0.731751 -0.915061
v 1.331756 -0.732020 -0.926973
v 1.338253 -0.693050 -0.921992
v 1.355453 -0.679758 -0.917819
v 1.327925 -0.683456 -0.909521
v 1.130655 -0.657403 -0.186585
v 1.154202 -0.707409 -0.196156
v 1.195977 -0.648651 -0.179403
v 1.187668 -0.640303 -0.199516
v 1.186572 -0.638866 -0.197561
v 1.194724 -0.648504 -0.185409
v 1.205008 -0.688053 -0.184212
v 1.228550 -0.666811 -0.192014
v 1.203592 -0.687771 -0.184603
v 1.193418 -0.697179 -0.202806
v 1.194148 -0.699872 -0.201749
v 1.339529 -0.689788 -0.178766
v 1.290472 -0.741651 -0.197251
v 1.265848 -0.698326 -0.187331
v 1.324305 -0.672905 -0.195545
v 1.324063 -0.685712 -0.199520
v 1.348539 -0.671457 -0.189980
v 1.338352 -0.718010 -0.192084
v 1.362114 -0.723882 -0.193602
v 1.335967 -0.729564 -0.184924
v 1.327923 -0.730330 -0.201547
v 1.329520 -0.738788 -0.197813
v 1.592222 -0.599074 -0.449068
v 1.572197 -0.672578 -0.441444
v 1.572665 -0.641527 -0.392072
v 1.572929 -0.593035 -0.407719
v 1.573303 -0.592238 -0.439674
v 1.571597 -0.596022 -0.438255
v 1.571211 -0.603714 -0.471736
v 1.583121 -0.603318 -0.448349
v 1.578558 -0.642339 -0.454846
v 1.585912 -0.623021 -0.460867
v 1.574525 -0.655676 -0.472044
v 1.574509 -0.651252 -0.450528
v 1.566186 -0.652068 -0.444515
vn 0.9622 -0.0141 0.2720
vn 0.9055 0.1706 0.3884
vn 0.9609 -0.2760 -0.0215
vn 0.7218 0.6383 0.2675
vn 0.8188 0.2976 0.4908
vn 0.8120 -0.5077 -0.2880
vn 0.9548 0.2543 0.1538
vn 0.8047 -0.3307 -0.4931
vn 0.7223 -0.4320 0.5401
vn 0.8279 -0.5024 -0.2492
vn 0.2465 -0.9538 -0.1717
vn 0.6614 0.0183 0.7498
vn 0.6500 -0.0295 0.7594
vn 0.7021 -0.1010 0.7049
vn -0.5404 -0.3491 0.7656
vn -0.3397 -0.0364 0.9398
vn -0.5805 0.0041 0.8142
vn 0.5542 -0.1855 -0.8114
vn 0.5586 -0.0247 -0.8291
vn 0.6489 -0.1145 -0.7523
vn -0.5730 0.0644 -0.8170
vn -0.9788 0.1446 0.1448
vn -0.2939 -0.1784 -0.9390
vn 0.3970 -0.0611 0.9158
vn 0.9255 -0.3677 0.0909
vn -0.8904 0.1330 -0.4353
vn -0.8871 0.2461 -0.3906
vn -0.1471 -0.0620 0.9872
vn -0.1860 -0.0328 0.9820
vn 0.7239 -0.1427 0.6750
vn 0.9316 -0.1420 -0.3347
vn -0.7411 0.1899 0.6440
vn 0.0782 0.0395 -0.9962
vn 0.6720 -0.1198 -0.7308
vn -0.7189 0.2138 -0.6614
vn -0.3405 -0.0141 -0.9402
vn -0.8821 0.2074 0.4230
vn -0.8667 0.2018 0.4562
vn 0.7422 -0.1081 0.6614
vn 0.7364 -0.2732 -0.6189
vn -0.6679 0.1872 0.7203
vn 0.7618 -0.1195 -0.6367
vn -0.0754 0.0013 -0.9972
vn -0.7076 0.0501 0.7049
vn -0.3292 -0.1310 0.9351
vn 0.9681 -0.2148 -0.1294
vn 0.0252 0.0804 -0.9964
vn -0.1686 0.3255 -0.9304
vn -0.9462 -0.0269 0.3225
vn 0.0905 -0.2027 0.9751
vn 0.9921 -0.1251 0.0027
vn -0.3558 0.2376 -0.9039
vn -0.5632 0.3261 -0.7592
vn -0.9164 0.2099 0.3409
vn 0.0907 -0.2777 0.9564
vn 0.8474 0.3135 -0.4285
vn -0.5649 0.3870 -0.7287
vn 0.9763 -0.2134 -0.0354
vn 0.9719 -0.2182 0.0889
vn 0.7967 -0.4824 0.3642
vn 0.8531 0.3000 -0.4269
vn -0.8717 -0.3811 0.3081
vn -0.9085 0.4100 0.0807
vn -0.9552 -0.0369 0.2938
vn -0.2695 0.7114 -0.6491
vn 0.2461 0.9504 0.1904
vn 0.0285 0.9351 -0.3533
vn -0.9587 0.2719 0.0839
vn -0.1948 -0.9418 -0.2742
vn -0.3008 -0.7558 -0.5816
vn -0.9836 -0.1197 -0.1347
vn 0.0976 -0.9043 -0.4155
vn 0.7440 -0.5654 -0.3561
vn 0.5104 0.7270 0.4594
vn -0.8945 0.2528 0.3688
vn -0.3108 -0.7074 -0.6349
vn 0.6781 -0.4726 -0.5628
vn -0.0875 -0.1883 -0.9782
vn -0.9535 0.0558 0.2961
vn 0.1445 0.3549 0.9237
vn -0.2727 0.6683 0.6921
vn 0.1295 0.0828 0.9881
vn -0.0736 0.3982 0.9143
vn -0.2089 0.1613 -0.9645
vn 0.0678 -0.1518 -0.9861
vn -0.5519 0.2135 -0.8061
vn -0.4741 0.0345 -0.8798
vn 0.5998 -0.2242 -0.7681
vn 0.9909 -0.1279 -0.0418
vn 0.6056 -0.2969 -0.7383
vn -0.6102 0.2706 0.7446
vn -0.5789 0.1267 -0.8055
vn 0.4954 -0.2035 0.8445
vn 0.4538 -0.0959 0.8859
vn 0.7243 -0.2233 0.6523
vn -0.9019 0.4176 0.1103
vn -0.8262 0.3868 0.4097
vn 0.3851 -0.0902 0.9184
vn -0.8514 0.5030 -0.1485
vn 0.7398 -0.2559 -0.6223
vn 0.7637 -0.3360 -0.5513
vn 0.3503 -0.4179 0.8383
vn -0.8726 0.4299 0.2318
vn -0.5650 0.4054 -0.7186
vn -0.5571 -0.0071 -0.8304
vn 0.8935 -0.3557 -0.2740
vn -0.8711 0.4229 -0.2497
vn -0.1739 -0.3541 0.9189
vn -0.5790 -0.4630 0.6711
vn -0.8702 0.2628 0.4166
vn 0.8214 -0.5531 0.1392
vn -0.8984 0.3571 0.2557
vn 0.8217 -0.3281 -0.4660
vn -0.0292 -0.5331 0.8456
vn -0.1330 -0.9779 -0.1616
vn 0.0817 -0.9606 0.2656
vn -0.9731 0.1053 0.2047
vn -0.8630 0.4649 0.1975
vn 0.2148 0.9217 0.3230
vn 0.2196 0.8069 0.5484
vn 0.1216 0.9906 0.0619
vn -0.8571 0.3409 0.3863
vn -0.7961 -0.5242 -0.3024
vn 0.3488 0.8489 0.3970
vn 0.3774 0.6645 0.6450
vn 0.3974 0.8310 0.3893
vn 0.8261 -0.4920 -0.2746
vn 0.6044 -0.7416 -0.2910
vn -0.2673 -0.7842 -0.5599
vn -0.5832 -0.6269 -0.5167
vn -0.7717 -0.3958 -0.4978
vn -0.3598 -0.6875 -0.6308
vn -0.1458 -0.4368 -0.8877
vn 0.0243 -0.5660 -0.8240
vn -0.7359 0.3771 0.5624
vn -0.0374 0.3806 0.9240
vn 0.4175 0.3923 0.8197
vn 0.5157 -0.0676 0.8541
vn 0.4680 0.3102 0.8275
vn 0.8967 -0.4410 0.0388
vn -0.1444 -0.2353 -0.9611
vn 0.3812 -0.2101 0.9003
vn -0.2353 0.0269 -0.9715
vn -0.8223 0.5477 0.1541
vn 0.8762 -0.3801 -0.2964
vn -0.8737 0.4507 -0.1832
vn 0.7325 -0.3826 -0.5631
vn -0.0908 0.1682 -0.9816
vn -0.7786 0.6102 0.1466
vn 0.4904 -0.4253 0.7607
vn -0.1190 -0.0424 0.9920
vn 0.5497 -0.4988 0.6701
vn 0.7504 -0.6528 0.1034
vn -0.4111 0.2922 -0.8635
vn -0.7426 0.6072 -0.2825
vn -0.8071 0.2983 0.5095
vn 0.7080 -0.5149 -0.4834
vn -0.1512 0.0760 0.9856
vn 0.5969 -0.3645 0.7147
vn 0.4958 -0.3444 -0.7972
vn -0.2879 0.0761 -0.9546
vn -0.8510 0.4700 0.2342
vn 0.3866 -0.2349 0.8918
vn 0.6305 -0.4707 0.6171
vn 0.9542 -0.2240 -0.1981
vn 0.2863 0.1812 -0.9409
vn -0.9459 0.0327 0.3227
vn 0.5404 0.1927 -0.8190
vn -0.8972 -0.0250 0.4410
vn -0.0018 -0.5155 0.8569
vn -0.4851 0.4457 -0.7523
vn -0.7953 -0.1806 0.5787
vn 0.9652 0.1471 -0.2162
vn 0.9786 -0.0639 -0.1957
vn 0.0521 -0.3754 0.9254
vn 0.8959 0.0872 -0.4356
vn -0.1869 0.6580 -0.7295
vn 0.3676 0.3507 -0.8614
vn -0.8209 -0.3186 0.4740
vn -0.3360 -0.3200 0.8858
vn 0.1639 -0.9450 0.2832
vn -0.2843 -0.6677 0.6880
vn -0.0626 -0.3263 0.9432
vn 0.9857 -0.0092 -0.1683
vn -0.0951 0.9060 -0.4124
vn -0.9973 0.0040 -0.0737
vn -0.9837 -0.1755 0.0396
vn 0.1313 -0.9634 -0.2336
vn 0.9903 -0.1384 -0.0146
vn 0.5892 0.7750 -0.2283
vn 0.6729 0.7188 0.1748
vn 0.6640 0.4042 -0.6290
vn 0.6210 0.5363 0.5717
vn -0.7663 0.6023 0.2236
vn -0.9854 -0.1508 0.0793
vn 0.0279 -0.9740 -0.2247
vn -0.7209 0.5785 0.3816
vn -0.8586 -0.4191 -0.2952
vn 0.9617 -0.2585 -0.0914
vn 0.6942 -0.2337 -0.6808
vn -0.9323 -0.2849 -0.2227
vn 0.6635 0.2154 0.7165
vn 0.1833 -0.8454 -0.5018
vn 0.0704 0.8106 0.5814
vn 0.1277 0.6100 0.7820
vn 0.5713 0.4909 0.6578
vn -0.9615 0.1636 0.2209
vn -0.8397 0.2920 0.4578
vn -0.1649 -0.5932 -0.7880
vn -0.5607 0.0386 -0.8271
vn 0.0085 -0.4116 -0.9113
vn -0.6010 0.4508 -0.6600
vn 0.5422 -0.0515 0.8387
vn -0.5700 0.2933 -0.7675
vn 0.7488 -0.1949 -0.6335
vn 0.4933 -0.2622 0.8294
vn -0.8602 -0.0001 0.5099
vn 0.6091 0.1307 -0.7823
vn -0.8212 0.0294 0.5699
vn 0.7824 -0.0089 -0.6227
vn 0.2413 -0.5564 0.7951
vn -0.8101 0.1180 0.5744
vn -0.3177 -0.0314 0.9477
vn -0.3492 0.4605 -0.8161
vn 0.8305 -0.1864 -0.5248
vn 0.4883 -0.3916 0.7799
vn 0.8081 -0.5402 0.2348
vn 0.8606 -0.3950 -0.3213
vn 0.0767 -0.5302 0.8444
vn -0.3470 0.4404 -0.8280
vn 0.5867 -0.3665 -0.7222
vn -0.0605 0.0663 0.9960
vn -0.2921 0.1776 -0.9398
vn 0.3170 -0.1738 -0.9324
vn 0.6529 -0.4287 -0.6244
vn -0.6260 0.2629 0.7342
vn -0.8478 0.5303 -0.0057
vn -0.6304 0.2030 -0.7492
vn -0.9337 0.3574 0.0227
vn 0.5988 -0.0765 0.7972
vn 0.7423 -0.3409 0.5768
vn 0.9104 -0.1662 -0.3790
vn 0.0016 -0.1746 0.9846
vn 0.5666 -0.1393 0.8121
vn -0.3604 0.2375 0.9020
vn 0.4260 -0.1115 -0.8978
vn 0.5511 -0.2781 -0.7868
vn -0.3571 0.2894 0.8881
vn -0.2326 0.2128 -0.9490
vn 0.3146 -0.0236 0.9489
vn -0.7471 0.2153 0.6289
vn -0.9134 0.3743 -0.1603
vn -0.8463 0.1103 -0.5212
vn 0.0699 -0.3572 0.9314
vn -0.9043 0.0790 -0.4196
vn -0.1802 -0.2555 0.9499
vn -0.8285 -0.0242 0.5595
vn -0.2137 0.0690 -0.9745
vn 0.8178 -0.1117 -0.5646
vn 0.9296 -0.1007 -0.3547
vn 0.8211 -0.1039 0.5612
vn -0.8820 -0.1856 0.4332
vn 0.0751 0.5157 -0.8535
vn 0.8612 -0.1312 -0.4910
vn -0.1667 -0.7511 0.6388
vn 0.8730 -0.1818 0.4527
vn -0.9584 0.0848 0.2724
vn 0.1157 0.7817 -0.6128
vn -0.5939 -0.6047 0.5307
vn -0.6857 -0.6879 0.2382
vn -0.5156 -0.7997 0.3076
vn 0.2813 0.8558 -0.4342
vn 0.2762 0.3493 -0.8954
vn 0.1693 0.9033 -0.3941
vn 0.1643 0.9642 -0.2082
vn 0.7988 0.5222 -0.2987
vn 0.7918 0.3328 -0.5121
vn -0.7656 0.6098 -0.2050
vn -0.8862 0.4561 0.0811
vn 0.1320 0.9385 -0.3189
vn 0.9802 -0.1873 -0.0646
vn 0.6247 -0.4182 0.6594
vn 0.8108 -0.4606 0.3611
vn 0.6785 -0.2228 0.7000
vn -0.7616 -0.6369 -0.1196
vn -0.5249 -0.8384 -0.1467
vn 0.7632 0.6461 0.0078
vn 0.3350 0.6462 0.6857
vn 0.0530 0.9104 0.4104
vn 0.2147 -0.9713 0.1025
vn 0.7751 -0.5562 -0.2998
vn 0.6460 -0.6233 -0.4406
vn 0.7247 -0.4889 -0.4857
vn -0.1892 -0.7217 -0.6658
vn -0.0270 -0.6810 -0.7318
vn -0.4899 0.6916 0.5308
vn 0.8252 0.5279 0.2007
vn -0.3715 -0.6708 -0.6419
vn -0.5913 -0.3368 -0.7328
vn -0.0898 -0.5663 -0.8193
vn -0.6758 0.3899 0.6256
vn -0.9614 -0.2417 -0.1317
vn -0.1547 0.2719 0.9498
vn 0.0487 0.6973 0.7151
vn 0.1760 0.3069 0.9353
vn 0.0363 0.6030 0.7969
vn -0.6598 -0.0214 -0.7512
vn 0.0767 -0.1250 0.9892
vn 0.0339 -0.0198 0.9992
vn 0.7824 -0.2719 -0.5603
vn 0.9031 -0.2593 -0.3424
vn -0.9576 0.2878 0.0120
vn -0.9720 0.1922 -0.1350
vn 0.8950 -0.4194 -0.1520
vn 0.7706 -0.1783 -0.6119
vn -0.2193 0.3382 -0.9152
vn -0.8542 0.3020 0.4232
vn 0.1638 -0.1679 0.9721
vn 0.8737 -0.4478 0.1902
vn 0.8086 -0.3142 -0.4975
vn 0.0573 0.1458 -0.9877
vn -0.6605 0.2799 0.6967
vn 0.3178 -0.2956 0.9009
vn -0.4361 0.0841 0.8960
vn -0.2902 0.2884 -0.9125
vn -0.8856 0.2946 0.3591
vn 0.7674 -0.4525 -0.4543
vn -0.2379 0.0096 0.9712
vn 0.5384 -0.3873 0.7484
vn 0.6617 -0.2730 -0.6983
vn -0.9784 0.2064 -0.0070
vn -0.6884 0.2022 -0.6966
vn 0.8387 -0.1865 -0.5116
vn -0.3953 -0.1079 -0.9122
vn 0.2578 0.0210 0.9660
vn -0.0489 0.0670 0.9966
vn 0.6793 -0.1297 -0.7223
vn -0.6082 0.3492 -0.7128
vn -0.4995 0.1146 -0.8587
vn -0.9602 -0.0458 0.2756
vn -0.9625 0.0502 0.2667
vn -0.2669 0.1165 0.9567
vn 0.1715 -0.1820 0.9682
vn -0.6117 0.1157 0.7826
vn 0.9156 0.0021 0.4021
vn 0.9985 -0.0260 -0.0487
vn 0.9982 0.0512 0.0302
vn 0.7933 0.0022 -0.6089
vn -0.6303 0.5113 -0.5842
vn -0.9266 0.1815 -0.3292
vn -0.9935 -0.0495 0.1024
vn 0.6688 -0.2274 0.7078
vn 0.9635 -0.2653 -0.0365
vn 0.9179 -0.3968 0.0004
vn 0.6268 -0.1845 -0.7570
vn 0.5456 0.6288 -0.5540
vn -0.0620 0.9959 0.0658
vn -0.9410 -0.1806 -0.2863
vn 0.8599 -0.4195 0.2908
vn -0.0164 -0.9956 -0.0923
vn 0.3317 -0.8992 0.2853
vn -0.2034 -0.9786 0.0316
vn 0.8948 -0.4136 -0.1681
vn -0.9943 0.0825 0.0671
vn -0.6530 -0.5626 -0.5070
vn 0.0912 0.8898 0.4471
vn -0.8702 0.2694 0.4125
vn 0.3661 0.7983 0.4782
vn -0.9895 0.1240 0.0741
vn 0.2394 -0.6420 -0.7284
vn 0.0508 -0.8258 -0.5616
vn -0.3162 -0.2462 -0.9162
vn -0.7656 -0.4841 -0.4237
vn 0.9472 -0.2377 -0.2152
vn 0.9862 0.1078 0.1257
vn 0.4487 0.6875 0.5710
vn 0.4799 0.8074 0.3434
vn -0.2973 -0.4881 -0.8206
vn 0.6740 0.7386 0.0156
vn 0.6196 0.5575 0.5525
vn 0.7562 0.3643 0.5435
vn -0.9209 0.0016 0.3897
vn 0.2476 -0.1467 -0.9577
vn -0.7169 0.1903 -0.6707
vn -0.0235 0.1300 0.9912
vn -0.8518 0.0195 0.5235
vn 0.7823 -0.0872 -0.6167
vn 0.9958 0.0656 0.0642
vn 0.3763 -0.2604 0.8891
vn -0.5502 0.1962 0.8117
vn -0.8053 0.0495 0.5908
vn -0.4742 0.3192 -0.8205
vn 0.8752 -0.2306 -0.4253
vn 0.4158 -0.4616 0.7836
vn -0.5800 0.2927 0.7602
vn -0.5004 0.6851 -0.5293
vn 0.5850 -0.4755 -0.6570
vn -0.4588 0.1340 0.8784
vn 0.4379 -0.1782 -0.8812
vn 0.2007 -0.4080 0.8907
vn -0.5313 0.5981 -0.6000
vn 0.3769 -0.4450 0.8124
vn 0.5854 -0.5198 -0.6222
vn 0.7172 -0.6185 -0.3211
vn 0.2358 -0.3119 0.9204
vn 0.4430 -0.3043 0.8433
vn -0.2842 0.4015 -0.8706
vn -0.3402 0.2516 -0.9061
vn -0.7115 0.5057 0.4878
vn -0.6919 0.4524 0.5627
vn -0.3853 0.1421 -0.9118
vn -0.4245 0.4295 -0.7971
vn 0.5950 -0.4170 -0.6871
vn 0.9742 -0.2044 -0.0959
vn 0.3128 -0.2742 0.9094
vn -0.8690 0.4936 -0.0346
vn -0.9023 0.3896 -0.1847
vn -0.2272 -0.0416 -0.9730
vn 0.8303 -0.5448 0.1170
vn 0.9458 -0.2626 -0.1913
vn -0.9509 0.0853 0.2976
vn 0.4900 0.0995 0.8660
vn -0.4635 0.2777 0.8415
vn 0.3156 0.0776 0.9457
vn -0.9151 0.1294 0.3818
vn -0.0048 -0.1427 -0.9897
vn -0.2640 -0.1546 -0.9521
vn 0.9083 -0.0870 -0.4091
vn 0.9921 0.0952 0.0822
vn 0.2271 0.1932 0.9545
vn 0.0527 -0.0006 0.9986
vn -0.0374 -0.3630 -0.9310
vn -0.2401 -0.1976 -0.9504
vn -0.9570 -0.2613 0.1258
vn -0.9590 -0.0497 0.2789
vn 0.8979 0.0069 -0.4401
vn 0.7929 -0.2101 -0.5720
vn -1.0000 -0.0001 0.0094
vn -0.9982 0.0025 0.0596
vn -1.0000 -0.0002 0.0070
vn -0.0004 0.9688 0.2478
vn -0.0856 0.9704 0.2260
vn 0.0157 0.9495 -0.3135
vn -0.0253 0.9991 0.0347
vn 0.1822 0.9106 0.3710
vn -0.1053 -0.6313 0.7683
vn 0.1371 -0.6213 0.7715
vn 0.0211 -0.4550 0.8902
vn 0.0895 -0.1187 0.9889
vn -0.0056 -0.7318 0.6815
vn -0.0998 -0.3486 0.9319
vn -0.0010 0.9978 0.0658
vn 0.0037 0.9949 0.1008
vn -0.0381 0.9944 0.0983
vn -0.0428 0.9966 0.0702
vn -0.1096 -0.2210 0.9691
vn 0.0258 -0.0719 0.9971
vn 0.1535 -0.0665 0.9859
vn -0.0154 -0.0951 0.9953
vn -0.1268 0.0155 0.9918
vn -0.0519 -0.0197 0.9985
vn 0.1508 -0.0686 0.9862
vn -0.1523 -0.0366 0.9877
vn 0.9995 -0.0002 0.0308
vn 0.9979 -0.0049 0.0644
vn 0.9980 -0.0046 0.0623
vn 0.9996 0.0004 0.0267
vn -0.9980 0.0027 0.0632
vn -0.0547 0.9974 0.0464
vn -0.0547 0.9974 0.0463
vn -0.0547 0.9974 0.0462
vn 0.0549 -0.9974 -0.0472
vn -1.0000 -0.0000 -0.0000
vn 0.9943 -0.1068 0.0073
vn -0.0000 -0.9977 0.0685
vn 0.8075 -0.5885 0.0404
vn 0.8890 0.4569 -0.0314
vn -0.0000 0.0685 0.9977
vn -0.0000 -0.0685 -0.9977
vn -0.0034 0.9830 -0.1835
vn -0.0034 0.9830 -0.1834
vn 0.0517 -0.0740 -0.9959
vn 0.0516 -0.0740 -0.9959
vn 0.0517 -0.0739 -0.9959
vn -0.0010 0.1094 0.9940
vn -0.0014 0.1095 0.9940
vn 0.0788 -0.4051 0.9109
vn -0.3745 -0.6709 0.6400
vn -0.0013 -0.2677 0.9635
vn -0.5480 -0.1846 -0.8158
vn -0.0275 0.3533 -0.9351
vn -0.0665 0.1960 -0.9784
vn 0.4050 -0.6717 0.6204
vn -0.1582 -0.3027 0.9399
vn -0.1643 -0.3917 0.9053
vn 0.1266 0.2466 -0.9608
vn 0.5061 -0.1855 -0.8423
vn 0.1933 0.3363 -0.9217
vn 0.6612 -0.6728 0.3320
vn -0.5240 -0.7248 0.4473
vn -0.6664 -0.3290 -0.6691
vn 0.5186 -0.3120 -0.7960
vn -0.6665 -0.3290 -0.6690
vn -0.5241 -0.7248 0.4472
vn 0.6970 0.3628 0.6185
vn 0.7029 -0.6623 0.2594
vn 0.5690 -0.3172 -0.7587
vn 0.5871 0.7011 -0.4047
vn -0.5241 0.2885 0.8013
vn 0.6585 0.3522 0.6651
vn 0.5293 0.7092 -0.4657
vn -0.6530 0.6888 -0.3149
vn -0.6923 0.6686 -0.2715
vn -0.7076 -0.3650 -0.6051
vn -0.5737 -0.7066 0.4141
vn -0.5824 0.3187 0.7478
vn 0.5690 -0.3171 -0.7588
vn -0.5737 -0.7065 0.4143
vn -0.5823 0.3186 0.7479
vn -0.6922 0.6687 -0.2713
vn -0.7076 -0.3651 -0.6050
vn 0.5294 0.7091 -0.4657
vn -0.3800 0.2770 -0.8825
vn -0.2264 0.3914 -0.8919
vn 0.1838 -0.4119 0.8925
vn 0.1337 -0.0806 0.9877
vn 0.3796 -0.3172 0.8691
vn 0.1849 -0.2416 0.9526
vn -0.1834 0.5148 -0.8374
vn -0.1750 0.2497 -0.9524
vn -0.6449 -0.6716 0.3647
vn -0.5584 -0.3111 -0.7690
vn 0.6313 -0.3302 -0.7017
vn 0.5447 -0.7258 0.4202
vn 0.6314 -0.3302 -0.7016
vn 0.5447 -0.7257 0.4203
vn -0.6448 -0.6717 0.3648
vn -0.5586 -0.3112 -0.7689
vn -0.6645 0.3640 0.6527
vn -0.6054 0.7022 -0.3748
vn -0.6069 -0.3161 -0.7292
vn -0.6901 -0.6612 0.2942
vn 0.5642 0.2875 0.7740
vn 0.6377 0.6876 -0.3473
vn -0.5507 0.7101 -0.4386
vn -0.6237 0.3534 0.6972
vn 0.6790 0.6674 -0.3057
vn 0.6197 0.3175 0.7177
vn 0.5925 -0.7077 0.3850
vn 0.6758 -0.3662 -0.6397
vn -0.6902 -0.6611 0.2943
vn -0.6054 0.7021 -0.3749
vn 0.6757 -0.3661 -0.6398
vn 0.6790 0.6673 -0.3060
vn 0.6197 0.3176 0.7177
vn -0.5508 0.7101 -0.4386
vn -0.6237 0.3533 0.6972
vn 0.5642 0.2876 0.7740
vn 0.6376 0.6876 -0.3473
vn 0.0403 0.5334 -0.8449
vn -0.0323 0.2111 -0.9769
vn 0.2167 -0.3345 0.9171
vn 0.0415 -0.2465 0.9683
vn -0.0294 -0.0854 0.9959
vn 0.0156 -0.3853 0.9227
vn 0.1285 0.0936 -0.9873
vn -0.0025 0.3797 -0.9251
vn 0.5485 -0.6482 0.5282
vn 0.3763 -0.1571 -0.9131
vn -0.5478 0.6465 -0.5310
vn 0.3756 0.6715 -0.6387
vn -0.3768 0.1588 0.9126
vn 0.5468 0.1823 0.8172
vn -0.5225 -0.6471 0.5552
vn -0.4218 -0.1563 -0.8931
vn 0.5216 0.6455 -0.5579
vn -0.4060 0.6723 -0.6190
vn 0.4224 0.1581 0.8925
vn -0.5048 0.1832 0.8436
vn 0.9965 0.0840 -0.0008
vn -0.9995 0.0321 -0.0005
vn -0.9995 0.0321 -0.0006
vn -0.0003 -0.0165 -0.9999
vn -0.0003 -0.0167 -0.9999
vn -0.0003 -0.0164 -0.9999
vn 0.0003 0.0165 0.9999
vn 0.0003 0.0164 0.9999
vn 0.0002 0.0163 0.9999
vn 0.0002 0.0162 0.9999
vn -0.0015 -0.9996 -0.0289
vn 0.0292 0.9979 -0.0572
vn 0.6945 -0.5009 0.5165
vn -0.4433 -0.8622 0.2450
vn -0.3278 -0.4037 -0.8541
vn 0.7819 -0.0896 -0.6170
vn -0.3336 -0.3875 -0.8594
vn 0.7833 -0.1066 -0.6124
vn 0.6823 -0.5194 0.5145
vn -0.4627 -0.8531 0.2410
vn 0.4388 0.3876 0.8107
vn 0.7129 -0.5692 0.4096
vn 0.7853 -0.1502 -0.6006
vn 0.5665 0.8097 -0.1529
vn -0.7845 0.0818 0.6148
vn 0.3210 0.4096 0.8539
vn 0.4782 0.8397 -0.2573
vn -0.6826 0.5366 -0.4960
vn -0.6794 0.5913 -0.4346
vn -0.4660 -0.4041 -0.7871
vn -0.5642 -0.8045 0.1854
vn -0.7988 0.1727 0.5763
vn 0.8709 -0.1337 -0.4729
vn 0.5041 0.8348 -0.2216
vn 0.3771 0.4811 0.7914
vn 0.7173 -0.4830 0.5022
vn -0.5854 -0.7896 0.1840
vn -0.7864 0.1897 0.5878
vn -0.6631 0.6123 -0.4306
vn -0.4859 -0.3931 -0.7806
vn 0.4780 0.8279 -0.2933
vn -0.7006 0.5481 -0.4569
vn -0.7552 0.0989 0.6480
vn 0.3614 0.4135 0.8357
vn -0.3970 -0.7894 0.4682
vn 0.0028 -0.4125 0.9110
vn 0.5879 -0.6057 0.5362
vn -0.1103 -0.3713 0.9220
vn 0.1737 0.2425 -0.9545
vn -0.0036 0.4198 -0.9076
vn 0.4465 0.6873 -0.5730
vn 0.5562 0.0771 -0.8275
vn -0.6479 0.0032 0.7617
vn -0.0749 -0.3398 0.9375
vn 0.0907 0.3457 -0.9340
vn -0.5099 0.6468 -0.5671
vn 0.0230 0.3501 -0.9364
vn -0.0962 0.7235 -0.6836
vn -0.2451 -0.2419 -0.9388
vn 0.2565 0.5217 -0.8137
vn 0.3826 0.8249 -0.4162
vn 0.7184 -0.2578 -0.6461
vn -0.4505 -0.3553 0.8190
vn -0.0131 -0.3593 0.9331
vn -0.3839 -0.7776 0.4979
vn -0.1709 -0.2327 0.9574
vn 0.2120 0.3264 0.9211
vn 0.1215 0.3966 -0.9099
vn -0.2069 -0.1918 -0.9594
vn -0.1890 -0.4788 0.8573
vn 0.2009 0.2248 0.9535
vn 0.3542 -0.3307 0.8747
vn -0.0409 0.0105 -0.9991
vn -0.0399 0.0113 -0.9991
vn -0.0408 0.0108 -0.9991
vn 0.0527 -0.0341 0.9980
vn 0.0593 -0.0443 0.9973
vn 0.0648 -0.0460 0.9968
vn -0.0301 0.0012 -0.9995
vn -0.0320 0.0026 -0.9995
vn -0.0395 0.0108 -0.9992
vn 0.0457 -0.0433 0.9980
vn -0.0392 0.0134 -0.9991
vn -0.0380 0.0121 -0.9992
vn -0.0378 0.0127 -0.9992
vn -0.8004 0.5199 -0.2985
vn -0.2690 0.9461 0.1804
vn -0.7344 0.6767 0.0519
vn 0.0395 0.0183 0.9991
vn -0.1082 0.2116 0.9713
vn 0.0209 -0.0201 0.9996
vn -0.0567 0.0360 -0.9977
vn -0.1135 0.3449 -0.9318
vn -0.0295 0.0142 -0.9995
vn 0.3937 0.0644 -0.9170
vn 0.2907 -0.4382 -0.8506
vn -0.0126 -0.0240 -0.9996
vn -0.6167 -0.7868 0.0239
vn -0.6024 -0.7980 0.0175
vn -0.5040 -0.8637 0.0067
vn -0.5069 -0.8620 0.0069
vn 0.1040 0.9945 0.0132
vn 0.2187 0.9758 0.0078
vn 0.0756 -0.0622 0.9952
vn 0.0687 -0.0576 0.9960
vn 0.0614 -0.0509 0.9968
vn -0.0316 0.0205 -0.9993
vn 0.0811 -0.0544 0.9952
vn -0.0113 -0.0237 -0.9997
vn 0.3941 -0.5365 0.7463
vn 0.5077 0.0675 0.8589
vn 0.0710 -0.0585 0.9958
vn 0.0610 -0.0406 0.9973
vn -0.1825 0.7809 0.5974
vn -0.3259 0.0088 0.9454
vn -0.0785 0.1243 0.9891
vn 0.6709 -0.3178 0.6700
vn 0.1140 -0.6802 0.7241
vn 0.6294 -0.4361 0.6432
vn 0.2588 -0.7270 0.6360
vn -0.5532 0.7419 -0.3789
vn -0.5578 0.7451 -0.3656
vn -0.2780 0.7696 -0.5749
vn -0.6720 0.4697 -0.5726
vn 0.2966 -0.4309 -0.8523
vn 0.5078 -0.2370 -0.8282
vn 0.5011 -0.3523 -0.7905
vn 0.1499 -0.6002 -0.7857
vn -0.4012 0.0930 -0.9113
vn -0.7057 -0.0696 -0.7051
vn 0.1212 -0.0404 0.9918
vn 0.0797 -0.0552 0.9953
vn 0.5533 0.7955 0.2472
vn 0.5458 0.8005 0.2476
vn 0.5385 0.8064 0.2444
vn 0.8396 0.3365 0.4263
vn 0.8617 -0.4672 -0.1979
vn 0.8581 -0.4640 -0.2199
vn 0.7514 0.3991 0.5254
vn -0.8931 -0.4281 0.1383
vn -0.7162 -0.1578 0.6798
vn -0.7030 -0.0952 0.7048
vn -0.7179 -0.6902 0.0906
vn -0.8304 -0.5568 -0.0216
vn -0.9479 -0.3161 0.0396
vn -0.8004 -0.5923 0.0918
vn -0.8846 -0.4646 0.0393
vn 0.8259 -0.4757 0.3026
vn 0.8349 -0.5256 0.1635
vn 0.6022 0.5352 0.5923
vn 0.4334 0.7448 0.5074
vn 0.6028 0.5546 0.5737
vn -0.8797 -0.1650 0.4459
vn -0.7002 -0.4548 0.5504
vn -0.7414 -0.4048 0.5352
vn -0.4494 -0.6649 0.5966
vn 0.2083 0.0177 -0.9779
vn 0.0999 0.3565 -0.9289
vn 0.0376 -0.2356 -0.9711
vn 0.1739 -0.5844 -0.7926
vn 0.6289 -0.7324 0.2609
vn 0.6726 -0.7265 -0.1407
vn 0.5437 -0.7839 0.2999
vn 0.0565 -0.2680 -0.9617
vn 0.3561 -0.5210 -0.7757
vn 0.3260 -0.5117 -0.7950
vn 0.0358 -0.2747 -0.9609
vn -0.0299 0.8941 0.4468
vn 0.0813 0.0230 0.9964
vn 0.2330 -0.3033 0.9240
vn 0.2535 -0.2959 0.9210
vn 0.0932 0.0475 0.9945
vn -0.0778 0.8798 0.4689
vn -0.7071 0.7025 0.0805
vn -0.3343 0.9231 0.1901
vn 0.4792 -0.8216 0.3088
vn 0.3474 -0.7075 0.6154
vn 0.6281 -0.7301 0.2692
vn 0.4308 -0.6497 0.6263
vn 0.6944 -0.6941 -0.1898
vn -0.7973 0.4992 -0.3392
vn 0.7590 0.3687 0.5366
vn 0.1671 -0.3019 0.9386
vn 0.7389 0.2659 0.6191
vn 0.3580 -0.4670 0.8085
vn -0.1278 -0.3488 0.9284
vn -0.0396 0.0121 -0.9991
vn 0.0913 -0.0619 0.9939
vn -0.0648 -0.1102 0.9918
vn -0.0644 -0.1096 0.9919
vn -0.0648 -0.1101 0.9918
vn -0.0652 -0.1107 0.9917
vn 0.9666 0.2397 0.0911
vn 0.9666 0.2408 0.0880
vn 0.9666 0.2406 0.0885
vn 0.9665 0.2396 0.0917
vn -0.2479 0.9644 0.0922
vn -0.2485 0.9646 0.0889
vn -0.2483 0.9645 0.0896
vn -0.2478 0.9644 0.0928
vn -0.9664 -0.2403 -0.0912
vn -0.9668 -0.2400 -0.0879
vn -0.9667 -0.2400 -0.0884
vn -0.9663 -0.2404 -0.0918
vn 0.0648 0.1101 -0.9918
vn 0.0642 0.1104 -0.9918
vn 0.0648 0.1102 -0.9918
vn 0.0654 0.1098 -0.9918
vn 0.2477 -0.9647 -0.0896
vn 0.2487 -0.9641 -0.0927
vn 0.2485 -0.9642 -0.0921
vn 0.2475 -0.9648 -0.0890
vn 0.0720 -0.7390 0.6699
vn -0.5461 -0.8055 -0.2300
vn 0.2621 -0.9581 0.1152
vn -0.5328 0.7864 -0.3124
vn 0.0716 0.7431 0.6654
vn 0.2165 0.8914 -0.3982
vn -0.5778 -0.7287 0.3676
vn 0.6491 -0.6898 -0.3206
vn 0.6451 -0.6888 0.3309
vn -0.5758 -0.7330 -0.3623
vn 0.6441 0.6956 -0.3182
vn -0.5729 0.7342 0.3645
vn -0.5840 0.7190 -0.3768
vn 0.6483 0.6876 0.3270
vn 0.7155 -0.4956 -0.4924
vn 0.7094 0.5068 -0.4898
vn 0.7281 0.4623 0.5062
vn 0.6967 -0.5178 0.4965
vn -0.7060 0.5002 -0.5014
vn -0.7066 -0.4994 -0.5013
vn -0.7367 -0.4800 0.4764
vn -0.7381 0.4770 0.4772
vn 0.4078 0.9130 -0.0117
vn 0.1198 -0.9698 0.2123
vn 0.0737 -0.7471 -0.6606
vn 0.4957 0.5719 -0.6536
vn 0.4700 -0.5350 -0.7020
vn -0.6103 -0.5579 -0.5624
vn -0.5866 0.5069 -0.6316
vn 0.0731 0.7314 -0.6780
vn 0.1179 0.9912 0.0609
vn 0.0107 -0.4225 -0.9063
vn -0.4665 0.8281 -0.3107
vn 0.6119 -0.7300 0.3044
vn 0.6109 -0.7331 -0.2989
vn -0.6443 -0.6902 0.3293
vn -0.6491 -0.6898 -0.3206
vn -0.6491 0.6898 -0.3206
vn -0.6508 0.6841 0.3294
vn 0.6292 0.7129 -0.3096
vn 0.6119 0.7300 0.3044
vn -0.7155 -0.4955 -0.4925
vn -0.6967 -0.5178 0.4965
vn -0.7281 0.4623 0.5062
vn -0.7094 0.5069 -0.4897
vn 0.7060 0.5002 -0.5015
vn 0.7381 0.4768 0.4774
vn 0.7367 -0.4802 0.4762
vn 0.7066 -0.4995 -0.5012
vn -0.6041 0.7303 0.3190
vn -0.5965 -0.7524 0.2794
vn -0.4580 -0.7328 -0.5033
vn -0.1482 -0.9518 0.2684
vn -0.7294 -0.6827 -0.0437
vn 0.2615 0.9625 -0.0727
vn -0.4664 0.7963 -0.3852
vn -0.5597 0.7888 -0.2541
vn -0.4992 0.4719 0.7267
vn 0.5277 -0.5641 0.6351
vn 0.4406 0.3299 0.8349
vn 0.0649 0.8522 0.5191
vn 0.0489 -0.5924 0.8042
vn -0.5930 -0.2233 -0.7736
vn -0.5030 0.6865 0.5252
vn -0.5562 -0.3645 0.7468
vn -0.7119 -0.4685 -0.5232
vn -0.7302 -0.5432 0.4143
vn -0.6972 0.4438 0.5629
vn -0.6940 0.5295 -0.4879
vn 0.7388 -0.4562 -0.4960
vn 0.7110 0.5313 -0.4605
vn 0.5316 0.6317 0.5642
vn 0.8214 -0.3109 0.4782
vn 0.4957 0.5720 0.6536
vn -0.5864 0.5072 0.6316
vn -0.6102 -0.5579 0.5624
vn 0.4700 -0.5350 0.7020
vn 0.4368 -0.8785 0.1934
vn 0.7112 -0.6819 0.1709
vn 0.7298 0.6651 -0.1583
vn -0.4588 -0.7011 0.5459
vn 0.3277 -0.9428 -0.0612
vn 0.3929 -0.7919 0.4674
vn 0.6797 -0.5850 -0.4424
vn 0.0005 0.9901 0.1405
vn -0.4557 0.7575 0.4674
vn 0.0615 -0.5665 0.8218
vn 0.7318 0.2629 -0.6287
vn -0.0267 0.8545 -0.5187
vn -0.2339 0.4532 -0.8602
vn -0.2384 0.9698 -0.0518
vn -0.4939 -0.8515 0.1761
vn -0.6052 0.7776 -0.1705
vn -0.7906 -0.5464 0.2763
vn -0.8284 -0.3006 -0.4727
vn -0.7219 -0.5706 0.3915
vn -0.4953 0.6100 -0.6185
vn -0.5102 0.8015 0.3119
vn 0.4979 -0.4428 -0.7457
vn 0.0113 -0.4504 -0.8927
vn 0.0312 0.9273 -0.3731
vn 0.3939 0.4704 -0.7896
vn -0.5496 -0.3577 0.7550
vn -0.5916 -0.2449 -0.7682
vn -0.5349 0.7557 -0.3780
vn -0.9315 0.0903 0.3524
vn -0.9870 -0.1599 0.0170
vn -0.8007 -0.1075 -0.5894
vn -0.7693 -0.4888 -0.4114
vn -0.2810 -0.8927 -0.3523
vn -0.5329 -0.8460 -0.0170
vn -0.7977 -0.4023 0.4492
vn -0.7584 -0.3609 0.5427
vn -0.9527 -0.1160 0.2808
vn 0.8919 0.4485 0.0585
vn 0.8308 0.5503 -0.0826
vn 0.8657 0.4876 -0.1128
vn 0.7641 0.6411 -0.0713
vn 0.7922 0.6102 0.0113
vn 0.8416 0.5399 0.0143
vn 0.8258 0.5637 0.0143
vn 0.8491 0.5011 0.1669
vn 0.8937 0.3912 0.2198
vn 0.8898 0.4536 -0.0507
vn -0.1404 0.1859 0.9725
vn 0.2725 0.1245 0.9541
vn 0.2260 0.2686 0.9364
vn -0.2616 0.3600 0.8955
vn 0.8898 0.4420 0.1138
vn 0.7784 0.6028 0.1752
vn 0.1253 -0.0758 -0.9892
vn -0.1022 0.0539 -0.9933
vn 0.1622 0.2403 -0.9571
vn 0.1759 0.3642 -0.9146
vn 0.9996 -0.0039 -0.0286
vn 0.9064 0.2424 -0.3461
vn 0.9995 -0.0103 -0.0302
vn 0.0025 -0.9998 0.0210
vn -0.4652 -0.8852 -0.0052
vn -0.6460 -0.6879 -0.3310
vn -0.4841 0.8724 -0.0674
vn -0.5644 0.8254 -0.0121
vn -0.6305 0.7724 -0.0759
vn -0.5377 0.8356 -0.1129
vn 0.2477 0.6352 0.7316
vn 0.7621 0.6294 0.1515
vn 0.0818 0.8679 0.4900
vn 0.8150 -0.4457 -0.3703
vn 0.4272 -0.6479 -0.6306
vn 0.8682 -0.3505 -0.3512
vn -0.4700 0.2215 0.8544
vn 0.1030 0.9872 -0.1220
vn -0.5865 0.8096 0.0227
vn -0.7604 0.5563 0.3352
vn -0.4535 0.8716 -0.1862
vn 0.1034 -0.0704 -0.9921
vn 0.0261 -0.4327 -0.9012
vn -0.7230 0.4141 0.5530
vn 0.0287 0.0554 0.9981
vn 0.3401 -0.8156 0.4681
vn -0.2586 0.9130 -0.3156
vn 0.3744 -0.5946 0.7115
vn 0.6773 -0.6034 0.4208
vn 0.6766 -0.6044 0.4206
vn 0.1380 0.3566 -0.9240
vn 0.5072 -0.0245 -0.8615
vn 0.4870 -0.0103 -0.8733
vn 0.5370 -0.0459 -0.8423
vn 0.5865 0.1337 -0.7988
vn -0.0300 -0.1679 -0.9854
vn -0.3060 0.1889 -0.9331
vn -0.0968 0.0076 0.9953
vn 0.1094 0.0136 0.9939
vn -0.0138 0.0854 0.9962
vn 0.1295 -0.1309 0.9829
vn 0.3436 -0.0672 0.9367
vn 0.5712 -0.0079 0.8208
vn -0.0733 -0.1696 0.9828
vn -0.1499 -0.1114 0.9824
vn -0.0438 0.0725 0.9964
vn 0.0840 0.0118 0.9964
vn 0.1028 -0.1259 0.9867
vn -0.1756 -0.1372 0.9749
vn 0.0821 -0.0610 0.9948
vn -0.1456 -0.1495 0.9780
vn 0.2125 -0.0078 0.9771
vn -0.2777 -0.1982 0.9400
vn 0.1978 0.0148 -0.9801
vn 0.0539 0.0905 -0.9944
vn 0.2138 -0.0126 -0.9768
vn -0.3479 -0.9261 -0.1460
vn -0.0531 -0.9983 -0.0241
vn -0.1738 -0.9817 -0.0777
vn -0.5846 -0.7129 -0.3874
vn -0.0178 0.9909 -0.1335
vn -0.1287 0.9617 -0.2422
vn 0.1023 0.9889 0.1081
vn 0.0900 0.9063 0.4129
vn 0.4687 0.8743 0.1261
vn 0.2705 0.9274 0.2584
vn 0.3374 0.9162 0.2161
vn 0.5567 0.2779 0.7828
vn 0.9083 -0.4016 0.1172
vn 0.8664 -0.3299 0.3748
vn 0.8700 -0.4175 0.2622
vn 0.8381 -0.2713 0.4732
vn -0.9660 0.2559 0.0369
vn -0.9836 0.1693 -0.0626
vn -0.9845 0.1705 0.0402
vn -0.9482 0.2821 0.1463
vn -0.9708 0.1916 0.1442
vn -0.9816 0.1902 -0.0137
vn 0.5502 0.8326 0.0636
vn 0.7158 -0.3780 -0.5872
vn 0.9868 -0.1483 0.0649
vn 0.9443 -0.3291 0.0024
vn 0.9803 -0.1571 0.1199
vn 0.9456 -0.3085 0.1038
vn 0.9292 -0.0510 0.3660
vn -0.9689 0.1571 -0.1913
vn -0.9091 0.1022 -0.4039
vn -0.9855 0.1632 -0.0471
vn 0.4421 -0.1788 -0.8789
vn -0.1697 -0.9478 0.2701
vn -0.2348 -0.9465 0.2213
vn -0.1935 -0.9479 0.2530
vn -0.1126 -0.9433 0.3123
vn -0.4962 0.8588 0.1270
vn -0.5169 0.5434 0.6614
vn 0.0251 0.6313 -0.7751
vn 0.0780 0.5392 -0.8385
vn 0.3377 0.0527 -0.9398
vn 0.0323 -0.2874 -0.9573
vn -0.8752 -0.3013 0.3785
vn -0.7041 -0.3661 0.6084
vn -0.4564 0.0661 -0.8873
vn -0.3985 0.0818 -0.9135
vn 0.0726 0.0458 0.9963
vn 0.1088 -0.1321 0.9853
vn 0.1684 -0.0075 0.9857
vn -0.0857 -0.1624 0.9830
vn 0.0349 -0.2747 0.9609
vn -0.1070 0.0199 0.9941
vn -0.1685 -0.0625 0.9837
vn -0.0775 -0.1665 0.9830
vn 0.1506 -0.0440 0.9876
vn 0.1136 -0.1362 0.9841
vn -0.0196 0.1418 -0.9897
vn 0.3042 -0.5728 -0.7611
vn -0.6575 0.5872 0.4721
vn 0.1658 -0.0960 0.9815
vn -0.2277 0.1830 0.9564
vn 0.1096 -0.1502 0.9826
vn 0.0239 -0.1152 0.9931
vn 0.0880 0.0417 -0.9952
vn 0.1508 -0.0098 -0.9885
vn 0.0994 0.0314 -0.9945
vn -0.0096 0.1351 -0.9908
vn 0.0756 -0.9808 -0.1797
vn 0.0828 -0.9822 -0.1686
vn 0.1129 -0.9756 -0.1881
vn 0.1010 -0.9753 -0.1966
vn 0.3351 0.8940 0.2974
vn -0.1403 0.9808 -0.1354
vn -0.0966 0.9773 0.1886
vn -0.0953 0.9302 0.3545
vn -0.7883 -0.6020 0.1275
vn 0.3344 0.8819 -0.3324
vn -0.0988 0.9620 0.2545
vn -0.0721 0.9582 0.2769
vn -0.0785 0.9589 0.2726
vn -0.0509 0.9537 0.2964
vn -0.4318 0.1036 0.8960
vn 0.9962 0.0772 0.0410
vn 0.9813 0.0300 0.1902
vn 0.9692 0.1438 0.1998
vn 0.9694 0.2227 0.1035
vn 0.9933 -0.0101 0.1154
vn -0.8652 -0.4907 -0.1034
vn -0.8576 -0.5024 0.1099
vn -0.8057 -0.5334 -0.2575
vn -0.8087 -0.3549 0.4691
vn -0.8525 0.0055 0.5227
vn 0.9999 -0.0158 -0.0016
vn 0.9921 -0.1236 0.0233
vn 0.8462 0.4888 0.2121
vn 0.5325 0.6672 0.5208
vn 0.9898 0.0580 0.1302
vn -0.7318 -0.6445 -0.2213
vn 0.9524 0.1265 0.2774
vn 0.1645 -0.9785 0.1248
vn 0.2034 -0.9750 0.0890
vn 0.3180 -0.9478 -0.0242
vn 0.0492 -0.9720 0.2297
vn -0.1655 -0.2171 0.9620
vn -0.0996 0.1318 0.9863
vn 0.0855 -0.2349 0.9683
vn -0.2716 -0.8951 -0.3537
vn -0.0484 -0.9461 -0.3204
vn 0.0121 -0.9904 -0.1378
vn 0.1995 -0.9777 -0.0654
vn -0.1427 0.0537 -0.9883
vn -0.1178 0.4607 -0.8797
vn 0.0622 0.1456 -0.9874
vn 0.1492 -0.0570 -0.9872
vn -0.1616 -0.2283 -0.9601
vn 0.1555 0.7850 0.5996
vn -0.1052 0.9342 0.3408
vn -0.1515 0.9480 0.2797
vn -0.4457 0.8087 0.3838
vn 0.9762 -0.1789 -0.1226
vn 0.9716 0.1197 0.2039
vn 0.8841 -0.4660 -0.0355
vn 0.9056 -0.1928 -0.3778
vn -0.2262 -0.4365 -0.8708
vn -0.5700 -0.0159 0.8215
vn -0.4510 0.0582 0.8906
vn -0.3057 -0.0348 0.9515
vn -0.8279 0.3719 0.4198
vn -0.9856 0.1217 0.1171
vn -0.9893 0.1094 -0.0966
vn -0.9317 -0.2608 -0.2530
vn -0.1429 0.3887 -0.9102
vn -0.3063 0.6120 -0.7291
vn -0.3321 -0.9336 -0.1348
vn 0.0292 0.9991 -0.0309
vn -0.2712 0.9368 0.2211
vn -0.0157 0.9410 -0.3379
vn -0.2350 0.9620 0.1393
vn -0.3038 -0.1323 -0.9435
vn -0.1851 -0.0328 -0.9822
vn -0.3136 -0.3691 -0.8749
vn -0.0262 0.2425 0.9698
vn -0.5271 0.0173 0.8496
vn -0.1824 0.1134 0.9767
vn 0.0754 0.1561 0.9849
vn 0.1343 0.0192 -0.9908
vn 0.0958 0.0114 0.9953
vn 0.9250 0.2408 -0.2941
vn 0.7510 -0.0618 0.6574
vn 0.6305 0.4531 -0.6302
vn -0.9820 0.1562 0.1063
vn -0.8989 -0.4317 0.0749
vn -0.9046 -0.1552 0.3969
vn -0.9081 -0.1571 0.3882
vn 0.2597 0.0153 -0.9656
vn -0.1205 -0.1992 -0.9725
vn -0.1712 -0.2041 0.9639
vn 0.2083 0.0081 0.9780
vn 0.3807 -0.0104 0.9247
vn 0.4127 -0.1922 0.8904
vn 0.0960 -0.6978 -0.7098
vn 0.0746 -0.5100 0.8569
vn -0.6481 -0.5180 -0.5582
vn -0.3810 -0.0705 0.9219
vn -0.3811 -0.7163 -0.5845
vn 0.1132 -0.3317 0.9366
vn -0.4601 0.8071 0.3701
vn -0.3722 -0.1063 -0.9220
vn -0.9955 -0.0951 -0.0003
vn 0.0801 0.7963 0.5995
vn -0.1936 0.9200 0.3408
vn -0.2409 0.9295 0.2794
vn -0.5206 0.7628 0.3836
vn 0.9888 -0.0853 -0.1226
vn 0.9559 0.2115 0.2039
vn 0.9244 -0.3798 -0.0357
vn 0.9198 -0.1058 -0.3780
vn -0.0784 0.1546 -0.9849
vn 0.1280 -0.2115 -0.9690
vn -0.1686 0.0659 -0.9835
vn -0.3464 -0.0525 -0.9366
vn 0.1606 -0.2035 0.9658
vn -0.1090 0.1246 0.9862
vn -0.8151 -0.3589 0.4548
vn -0.0190 -0.0853 0.9962
vn -0.4305 0.0560 0.9008
vn -0.4759 -0.1652 0.8638
vn -0.8595 0.2916 0.4197
vn -0.9927 0.0272 0.1172
vn -0.9952 0.0148 -0.0968
vn -0.9026 -0.3482 -0.2531
vn -0.1783 0.4352 -0.8825
vn -0.2866 0.5469 -0.7866
vn -0.0158 0.0339 -0.9993
vn 0.0086 -0.8182 -0.5748
vn -0.5350 -0.6435 -0.5475
vn -0.1116 -0.4436 -0.8893
vn -0.0629 0.9978 -0.0204
vn -0.3555 0.9062 0.2292
vn -0.1045 0.9337 -0.3424
vn -0.3256 0.9361 0.1330
vn 0.1894 -0.3204 -0.9282
vn -0.0954 -0.2720 -0.9576
vn -0.2772 -0.4071 -0.8703
vn -0.1672 0.0923 0.9816
vn -0.1426 -0.2258 0.9637
vn 0.0589 0.1616 0.9851
vn -0.0283 -0.9898 -0.1398
vn 0.2817 -0.9560 -0.0822
vn -0.0748 -0.9656 -0.2491
vn -0.1872 -0.9189 -0.3471
vn 0.3109 -0.0682 -0.9480
vn 0.0485 0.2727 -0.9609
vn 0.0982 0.0214 0.9949
vn 0.8979 0.3277 -0.2940
vn 0.7534 0.0099 0.6574
vn 0.5846 0.5109 -0.6303
vn -0.9924 0.0621 0.1062
vn -0.8538 -0.5152 0.0748
vn -0.8858 -0.2405 0.3968
vn -0.8890 -0.2427 0.3883
vn 0.2696 0.1400 -0.9528
vn 0.2286 0.0884 -0.9695
vn -0.0616 -0.0091 -0.9981
vn -0.0578 -0.1309 -0.9897
vn -0.1425 -0.2176 0.9656
vn 0.2161 0.0291 0.9759
vn 0.3799 0.0258 0.9247
vn 0.3833 -0.1324 -0.9141
vn -0.2619 -0.4158 0.8709
vn 0.5163 -0.2622 -0.8153
vn 0.6235 -0.2489 -0.7411
vn 0.4916 -0.3552 -0.7950
vn -0.0695 -0.2020 -0.9769
vn 0.0686 -0.1932 -0.9788
vn -0.0282 -0.2701 -0.9624
vn 0.3650 -0.1651 -0.9162
vn 0.2512 -0.0049 0.9679
vn -0.0039 0.1092 0.9940
vn -0.0186 0.0315 0.9993
vn 0.4837 0.1201 0.8670
vn -0.3607 0.3030 0.8821
vn 0.3001 -0.1780 -0.9372
vn 0.3012 -0.3580 -0.8838
vn 0.3569 -0.2687 -0.8947
vn 0.4473 -0.3640 -0.8170
vn 0.3216 -0.0235 -0.9466
vn 0.0948 0.0302 -0.9950
vn 0.3191 -0.0324 -0.9472
vn -0.1723 0.2410 0.9551
vn 0.0944 -0.0394 0.9948
vn -0.2389 0.3387 0.9101
vn -0.3029 0.6619 0.6857
vn -0.0789 0.7441 0.6634
vn -0.1471 0.6387 0.7553
vn 0.0421 0.7957 0.6042
vn -0.3370 0.6900 0.6405
vn -0.0716 0.5518 0.8309
vn -0.0597 0.8756 0.4794
vn -0.1693 0.9545 0.2456
vn 0.0878 0.7443 0.6620
vn 0.1538 -0.8185 -0.5536
vn 0.1621 -0.7899 -0.5915
vn 0.1468 -0.8067 -0.5725
vn 0.1112 -0.8587 -0.5003
vn 0.0615 -0.9876 -0.1442
vn 0.0064 -0.7960 -0.6053
vn -0.0134 -0.8206 -0.5714
vn 0.0008 -0.7157 -0.6984
vn -0.0333 -0.7844 -0.6194
vn -0.2212 -0.9747 0.0331
vn -0.2357 -0.9716 0.0196
vn -0.2188 -0.9757 -0.0133
vn 0.2198 -0.8554 -0.4689
vn 0.1461 -0.7905 -0.5948
vn 0.1426 -0.8180 -0.5572
vn 0.0912 0.7047 0.7036
vn 0.0418 0.7500 0.6601
vn 0.0628 -0.8159 -0.5748
vn 0.0591 -0.8354 -0.5464
vn -0.0419 -0.7046 -0.7084
vn -0.0335 -0.6492 -0.7599
vn 0.2596 0.7207 0.6428
vn 0.1021 0.2787 0.9549
vn -0.0259 0.3141 0.9490
vn 0.6373 0.6231 -0.4534
vn 0.7267 0.6101 -0.3156
vn 0.7951 0.0819 -0.6010
vn -0.1097 0.7471 0.6556
vn 0.0211 0.7611 0.6483
vn -0.0509 -0.4824 -0.8745
vn 0.0187 -0.3231 -0.9462
vn -0.9417 -0.0430 -0.3336
vn -0.8421 0.0849 -0.5326
vn -0.8966 -0.1591 -0.4133
vn -0.2070 -0.0694 0.9759
vn -0.2937 -0.0902 0.9516
vn -0.3499 -0.1223 0.9288
vn -0.3836 -0.4335 -0.8154
vn -0.3503 -0.6349 -0.6886
vn -0.1832 -0.3345 -0.9244
vn -0.3002 -0.0648 0.9517
vn 0.6142 0.2512 0.7481
vn 0.5563 0.1404 0.8191
vn 0.6178 0.2367 0.7498
vn 0.7230 0.1266 -0.6792
vn -0.2132 0.1354 0.9676
vn -0.0262 0.1331 0.9908
vn 0.0841 -0.2657 -0.9604
vn -0.0613 -0.2570 -0.9645
vn 0.2788 -0.3969 -0.8745
vn 0.3897 -0.3725 -0.8422
vn 0.4241 -0.3945 -0.8152
vn 0.2483 -0.3571 -0.9004
vn 0.0276 -0.6142 -0.7886
vn 0.2184 -0.5673 -0.7940
vn 0.1951 -0.6954 -0.6917
vn 0.0431 -0.8166 -0.5755
vn 0.0244 -0.7444 -0.6673
vn -0.0170 -0.8346 -0.5506
vn -0.0000 0.0619 -0.9981
vn -0.0000 -0.0619 0.9981
vn 0.0001 -0.0619 0.9981
vn -0.0000 0.0618 -0.9981
vn -0.0001 -0.0619 0.9981
vn -0.0002 -0.0618 0.9981
vn 0.0001 0.0619 -0.9981
vn 0.0001 0.0620 -0.9981
vn -0.8316 -0.5542 -0.0344
vn -0.8317 -0.5542 -0.0343
vn -0.8317 -0.5542 -0.0344
vn 0.8317 0.5541 0.0343
vn 0.8316 0.5542 0.0344
vn 0.8317 0.5542 0.0344
vn 0.8316 0.5543 0.0344
vn -0.8316 -0.5543 -0.0344
vn -0.8316 -0.5543 -0.0343
vn 0.8317 0.5542 0.0345
vn 0.8316 0.5542 0.0345
vn 0.8317 0.5542 0.0343
vn 0.6729 0.7397 0.0006
vn 0.5154 0.8127 0.2719
vn -0.9399 -0.3405 0.0242
vn -0.9623 -0.1446 -0.2304
vn 0.9399 0.3350 0.0661
vn 0.9623 0.1720 -0.2108
vn -0.6728 -0.7342 -0.0909
vn -0.5152 -0.8402 0.1694
vn 0.5430 -0.8398 0.0001
vn 0.5710 -0.8107 -0.1296
vn 0.5660 -0.8179 -0.1029
vn 0.5359 -0.8439 0.0270
vn -0.5430 0.8333 0.1039
vn -0.5710 0.8205 -0.0284
vn -0.5660 0.8244 -0.0011
vn -0.5359 0.8341 0.1310
vn 0.5825 -0.8123 -0.0309
vn 0.4576 -0.8810 -0.1202
vn 0.5273 -0.8466 -0.0719
vn -0.0133 0.1065 -0.9942
vn -0.0544 0.1045 -0.9930
vn -0.0324 0.1056 -0.9939
vn 0.0090 0.1075 -0.9942
vn -0.6000 0.7998 0.0165
vn -0.5416 0.8384 0.0618
vn -0.5688 0.8214 0.0411
vn -0.5083 0.8568 0.0862
vn 0.0362 -0.0912 0.9952
vn 0.0187 -0.1283 0.9916
vn 0.0281 -0.1084 0.9937
vn 0.0457 -0.0711 0.9964
vn 0.6436 -0.7651 0.0181
vn 0.0186 -0.1200 0.9926
vn 0.0657 -0.0576 0.9962
vn 0.0526 -0.0750 0.9958
vn 0.0055 -0.1370 0.9906
vn 0.5242 -0.8515 -0.0125
vn 0.5847 -0.8111 0.0156
vn 0.5683 -0.8228 0.0079
vn 0.5067 -0.8619 -0.0203
vn -0.0343 0.0168 -0.9993
vn -0.0610 -0.0186 -0.9980
vn 0.0342 0.1068 -0.9937
vn 0.0610 0.1418 -0.9880
vn -0.5848 0.8111 0.0100
vn -0.5227 0.8524 -0.0131
vn -0.5402 0.8415 -0.0067
vn -0.6015 0.7987 0.0164
vn 0.0866 0.1212 -0.9888
vn -0.1954 -0.2294 -0.9535
vn 0.2190 0.1717 -0.9605
vn -0.2464 -0.2988 0.9220
vn -0.1031 -0.1240 0.9869
vn -0.0389 -0.0989 0.9943
vn 0.0398 0.0343 0.9986
vn 0.2508 0.0111 -0.9680
vn 0.0446 -0.0145 0.9989
vn 0.1102 0.0610 0.9920
vn 0.2190 0.2555 0.9417
vn 0.4373 0.4190 0.7958
vn 0.5097 0.4795 0.7144
vn 0.7261 -0.1304 0.6751
vn 0.9710 0.0770 0.2263
vn 0.5731 0.5143 0.6380
vn 0.7659 -0.6215 0.1646
vn -0.9679 0.2326 -0.0950
vn -0.9278 0.3615 -0.0919
vn -0.9783 0.1761 0.1094
vn -0.9458 0.3246 -0.0070
vn -0.9918 0.0647 0.1102
vn 0.6874 0.7001 0.1933
vn -0.5951 -0.7383 -0.3175
vn -0.4005 -0.7449 -0.5335
vn -0.5931 -0.8034 -0.0530
vn 0.7009 0.7127 -0.0265
vn -0.7589 -0.5516 0.3462
vn -0.5803 -0.6984 0.4188
vn -0.5714 -0.4262 0.7014
vn -0.9545 0.2980 0.0113
vn -0.9605 -0.0376 0.2758
vn 0.9693 -0.1738 -0.1739
vn -0.1114 -0.0817 -0.9904
vn 0.4132 0.3685 -0.8328
vn 0.4506 0.3995 -0.7984
vn 0.5261 0.5377 -0.6588
vn 0.1687 0.1118 -0.9793
vn 0.6852 0.6704 -0.2847
vn -0.9481 0.3049 0.0900
vn -0.8381 0.2531 0.4833
vn -0.5394 -0.7804 0.3164
vn -0.5674 -0.7285 0.3839
vn -0.3721 -0.4475 0.8132
vn -0.9167 0.3852 0.1058
vn 0.2125 0.2634 -0.9410
vn -0.1617 -0.0915 -0.9826
vn -0.8979 0.4311 0.0893
vn -0.7138 0.5824 0.3890
vn 0.0947 -0.7958 -0.5981
vn 0.7653 -0.4203 -0.4875
vn -0.6187 -0.6748 -0.4024
vn -0.6089 -0.5654 -0.5563
vn -0.6086 -0.6488 -0.4569
vn -0.1003 0.0294 -0.9945
vn -0.9094 0.4160 -0.0017
vn -0.6609 0.7325 0.1634
vn 0.0193 -0.1657 -0.9860
vn -0.5143 -0.5807 -0.6312
vn -0.5719 -0.7824 -0.2466
vn -0.8712 0.4910 -0.0026
vn -0.8544 0.4929 -0.1646
vn -0.6841 -0.7044 -0.1891
vn -0.3271 -0.4270 0.8430
vn -0.4598 -0.6578 0.5965
vn -0.3088 -0.3409 0.8879
vn -0.1406 -0.2315 0.9626
vn -0.8855 0.4452 -0.1330
vn -0.9415 0.3370 0.0072
vn 0.0106 -0.0413 0.9991
vn 0.1686 0.1315 0.9769
vn 0.1290 0.0784 0.9885
vn 0.6345 0.5025 0.5873
vn 0.9681 -0.1689 0.1851
vn 0.7126 0.6997 0.0521
vn 0.3442 0.4817 0.8059
vn 0.5448 0.4763 0.6902
vn 0.8785 -0.0313 0.4768
vn 0.7945 -0.5967 0.1130
vn -0.5905 -0.7004 -0.4010
vn -0.4485 -0.7988 -0.4008
vn -0.4628 -0.8259 -0.3221
vn -0.5884 -0.8069 0.0521
vn 0.0604 0.0866 0.9944
vn 0.1545 0.2375 0.9590
vn 0.1509 0.2305 0.9613
vn 0.6077 0.7854 -0.1174
vn 0.3303 0.2713 -0.9041
vn 0.6329 0.4187 -0.6513
vn 0.3410 0.3050 -0.8892
vn 0.1621 0.1960 -0.9671
vn 0.0752 0.0511 -0.9959
vn -0.6747 -0.7326 0.0900
vn -0.0476 -0.2639 -0.9634
vn -0.4235 -0.5469 -0.7222
vn -0.6778 -0.7334 -0.0519
vn -0.5987 -0.7676 -0.2288
vn 0.4905 0.7015 0.5170
vn 0.4889 0.7800 0.3906
vn 0.5884 0.7413 0.3229
vn -0.6777 -0.7354 -0.0024
vn -0.6592 -0.7234 0.2055
vn -0.6027 -0.7407 -0.2967
vn -0.5356 -0.7922 -0.2926
vn -0.5345 -0.7924 -0.2938
vn -0.5789 -0.7549 -0.3082
vn -0.5189 -0.6025 0.6064
vn 0.8714 0.3348 0.3585
vn -0.2023 -0.1591 0.9663
vn -0.3859 -0.5251 0.7585
vn 0.9238 0.2548 -0.2858
vn 0.6911 0.6736 -0.2620
vn 0.8029 -0.0135 0.5959
vn 0.2075 0.7422 -0.6373
vn 0.7492 -0.6392 0.1735
vn -0.0533 0.9593 0.2774
vn -0.6779 -0.7066 -0.2031
vn -0.5166 -0.4533 -0.7264
vn -0.7098 -0.6731 -0.2074
vn 0.9181 -0.2840 0.2764
vn 0.6485 0.5231 0.5530
vn 0.9819 -0.1165 0.1491
vn -0.7357 -0.6725 0.0802
vn -0.7198 -0.6293 0.2931
vn -0.6446 -0.7363 -0.2058
vn -0.6626 -0.7412 0.1078
vn 0.3905 -0.8831 0.2602
vn 0.2342 -0.7071 -0.6672
vn -0.4398 -0.5931 -0.6744
vn 0.6621 0.3805 0.6456
vn 0.2977 -0.8726 0.3873
vn -0.9310 0.3642 -0.0260
vn -0.9300 0.3653 -0.0406
vn -0.9101 0.4132 -0.0305
vn -0.8891 0.4525 0.0686
vn -0.8903 0.4507 0.0654
vn -0.9437 0.2975 0.1445
vn 0.9083 -0.2452 0.3389
vn 0.6924 -0.7211 0.0263
vn -0.9646 0.2618 0.0324
vn -0.9604 0.2774 -0.0248
vn -0.9560 0.2912 -0.0369
vn 0.4600 -0.8846 0.0775
vn -0.9432 0.3159 -0.1027
vn -0.9484 0.3037 -0.0913
vn 0.8767 -0.4796 -0.0364
vn -0.9142 0.3866 -0.1218
vn 0.8339 -0.5498 -0.0493
vn 0.6158 -0.7219 -0.3159
vn 0.8213 -0.4409 -0.3620
vn 0.9406 -0.3077 -0.1434
vn 0.9192 -0.3927 0.0284
vn 0.7355 -0.6653 -0.1281
vn 0.6082 -0.6695 0.4264
vn 0.8137 -0.5387 0.2181
vn 0.6375 -0.7298 -0.2469
vn 0.9351 -0.2879 -0.2068
vn 0.4173 -0.9086 -0.0180
vn 0.8103 -0.5860 -0.0070
vn -0.9436 0.3278 -0.0465
vn 0.8925 -0.4500 -0.0304
vn -0.9026 0.4288 -0.0372
vn 0.7478 -0.6576 -0.0913
vn 0.3352 -0.7497 -0.5706
vn -0.9025 0.4305 -0.0086
vn 0.5133 0.5720 0.6398
vn 0.4233 0.6293 0.6518
vn 0.4286 0.6428 0.6349
vn 0.4831 0.7173 0.5021
vn -0.4721 -0.8435 -0.2560
vn -0.6356 -0.7409 -0.2167
vn 0.6669 0.7449 -0.0206
vn 0.6320 0.7309 -0.2577
vn 0.4756 0.6934 -0.5413
vn 0.5408 0.6479 -0.5364
vn 0.1566 0.1903 0.9692
vn 0.5410 0.8341 0.1079
vn 0.3866 0.4431 0.8088
vn 0.6486 0.7596 -0.0483
vn 0.4723 0.7514 0.4608
vn -0.4023 -0.4640 -0.7892
vn 0.1545 0.1673 -0.9737
vn 0.1081 0.1734 -0.9789
vn 0.1064 0.1720 -0.9793
vn 0.0766 0.0814 -0.9937
vn -0.4436 -0.7118 -0.5446
vn -0.5207 -0.8274 -0.2105
vn 0.5700 0.7270 0.3829
vn 0.4996 0.8080 0.3122
vn 0.6319 0.7198 0.2875
vn 0.0289 -0.0938 0.9952
vn 0.3386 0.7072 0.6207
vn 0.2530 0.2790 0.9264
vn 0.1070 0.1960 0.9747
vn 0.4896 0.6291 -0.6037
vn 0.1977 0.5648 0.8012
vn -0.4212 -0.4740 0.7732
vn -0.4781 -0.4796 -0.7358
vn 0.0648 0.1509 -0.9864
vn 0.0660 0.0617 -0.9959
vn -0.7124 -0.5748 -0.4025
vn -0.7557 -0.6549 -0.0015
vn -0.5752 -0.5706 0.5862
vn -0.2497 -0.2981 0.9213
vn 0.0841 0.0311 0.9960
vn 0.3590 0.4701 0.8063
vn 0.4052 0.5473 0.7323
vn 0.6404 0.6567 0.3983
vn 0.5440 0.5765 0.6097
vn 0.6447 0.7485 -0.1552
vn 0.7180 0.6754 -0.1683
vn 0.6690 0.6879 0.2815
vn 0.7485 0.5883 0.3061
vn 0.2965 0.2538 -0.9207
vn 0.2159 0.1265 -0.9682
vn 0.8681 0.4291 0.2497
vn -0.1754 -0.3087 -0.9348
vn -0.6919 -0.5763 -0.4349
vn -0.6863 -0.6018 -0.4086
vn 0.1014 0.0258 -0.9945
vn -0.1007 -0.0527 0.9935
vn -0.0956 -0.0504 0.9941
vn -0.7614 -0.4991 0.4136
vn 0.5475 0.7443 -0.3825
vn 0.6675 0.6102 -0.4268
vn 0.3593 0.3906 0.8475
vn 0.3973 0.7751 -0.4913
vn 0.2717 0.3233 0.9065
vn 0.5326 0.1292 0.8364
vn 0.5790 0.5266 0.6225
vn 0.5452 0.5538 0.6294
vn 0.5415 0.5543 0.6321
vn -0.4962 -0.5077 0.7044
vn -0.3424 -0.5227 0.7807
vn -0.6310 -0.6906 -0.3534
vn -0.6307 -0.6903 -0.3546
vn -0.3417 -0.3094 -0.8874
vn 0.4039 0.5764 -0.7104
vn 0.3574 0.7490 -0.5579
vn 0.1657 0.4916 0.8549
vn 0.3299 0.3097 0.8918
vn 0.3731 0.4770 0.7958
vn 0.4652 0.4704 0.7499
vn 0.5643 0.5520 0.6139
vn -0.1292 -0.2518 0.9591
vn -0.2252 -0.3612 -0.9049
vn -0.0014 -0.1078 -0.9942
vn 0.3822 0.1403 -0.9134
vn -0.3470 -0.4566 -0.8192
vn -0.2144 -0.2731 -0.9378
vn 0.5911 0.7990 -0.1102
vn 0.4325 0.5355 -0.7254
vn 0.4781 0.8530 -0.2095
vn 0.3447 0.6739 -0.6535
vn 0.3677 0.5915 -0.7176
vn 0.6706 0.7418 0.0050
vn 0.6670 0.6865 -0.2897
vn 0.5788 0.8104 0.0902
vn 0.5016 0.7005 0.5076
vn 0.5190 0.5469 0.6569
vn 0.6615 0.7400 0.1212
vn 0.4051 0.5539 0.7274
vn 0.5328 0.5296 0.6600
vn 0.5546 0.5357 0.6368
vn 0.2498 0.5155 0.8197
vn 0.3258 0.3372 0.8833
vn 0.4754 0.5594 0.6790
vn 0.1284 0.3396 0.9318
vn -0.1138 -0.2194 0.9690
vn 0.0765 0.1578 -0.9845
vn 0.1608 -0.1614 0.9737
vn -0.0885 -0.0183 0.9959
vn -0.0851 -0.0154 0.9963
vn -0.1952 -0.2981 0.9344
vn 0.9559 0.2824 0.0808
vn 0.9404 0.1854 0.2852
vn 0.9575 0.1725 0.2310
vn 0.9542 0.2991 0.0012
vn 0.1484 0.8331 0.5328
vn -0.5332 0.7089 0.4617
vn -0.0142 0.7023 0.7117
vn -0.4097 0.6489 0.6412
vn -0.9893 -0.1317 -0.0624
vn -0.8790 -0.2342 -0.4153
vn -0.9414 -0.1897 -0.2789
vn -0.9921 -0.1258 0.0020
vn 0.0706 0.0402 -0.9967
vn -0.0561 0.0698 -0.9960
vn 0.1900 0.1347 -0.9725
vn 0.0657 0.0410 -0.9970
vn 0.3081 -0.9428 0.1270
vn 0.3095 -0.9441 0.1135
vn 0.3075 -0.9445 0.1154
vn 0.3061 -0.9432 0.1292
vn -0.2652 0.9611 0.0777
vn -0.1805 0.9836 0.0050
vn -0.2845 0.9540 0.0945
vn 0.8661 0.4804 0.1380
vn 0.9053 0.0079 0.4248
vn 0.9192 0.0103 0.3937
vn 0.9232 0.0111 0.3841
vn 0.8902 0.0054 0.4556
vn 0.9831 -0.1202 -0.1380
vn 0.8982 0.3156 -0.3060
vn -0.9929 -0.1038 -0.0587
vn -0.9886 -0.1212 0.0898
vn -0.9980 -0.0621 0.0091
vn -0.9896 -0.1055 -0.0974
vn -0.9518 -0.2955 0.0822
vn -0.9402 -0.2114 0.2672
vn -0.9575 -0.2749 -0.0871
vn -0.9106 -0.4133 -0.0039
vn -0.9758 -0.1687 -0.1392
vn -0.9995 0.0289 0.0081
vn -0.9552 -0.2892 0.0632
vn -0.9625 -0.2376 -0.1307
vn 0.2477 0.1851 -0.9510
vn 0.0354 0.0189 -0.9992
vn 0.1834 0.0068 -0.9830
vn 0.2043 0.2463 -0.9474
vn -0.0338 -0.2310 0.9724
vn -0.0736 -0.0581 0.9956
vn -0.1259 -0.2400 0.9626
vn -0.0589 0.0068 0.9982
vn -0.6246 -0.3009 -0.7206
vn -0.9491 -0.2864 -0.1313
vn -0.8893 -0.3326 -0.3139
vn -0.4082 -0.4334 -0.8035
vn 0.9375 0.3047 0.1681
vn 0.8957 0.1448 -0.4204
vn 0.9399 0.2903 0.1796
vn 0.9703 0.2133 0.1137
vn 0.6075 0.2189 0.7635
vn -0.1498 -0.8051 0.5739
vn 0.9612 0.2712 0.0505
vn 0.9740 0.0550 -0.2197
vn 0.8101 -0.0883 -0.5797
vn 0.3012 -0.2078 -0.9306
vn -0.7511 -0.5649 -0.3416
vn -0.9520 -0.3061 0.0076
vn -0.4341 -0.5639 -0.7026
vn -0.9388 -0.2146 0.2696
vn -0.8521 -0.3754 0.3647
vn -0.9031 -0.2912 0.3156
vn -0.9597 -0.1561 0.2335
vn 0.7915 0.6101 0.0364
vn 0.9311 -0.0119 -0.3647
vn 0.9327 0.3091 -0.1860
vn 0.5899 0.7800 0.2088
vn 0.1195 0.1884 -0.9748
vn 0.0239 -0.0068 -0.9997
vn 0.0831 -0.3606 0.9290
vn 0.0906 0.0932 0.9915
vn 0.1706 -0.0894 0.9813
vn 0.2282 -0.0087 -0.9736
vn 0.4027 0.1395 0.9046
vn -0.3683 0.9142 0.1690
vn -0.2006 0.9334 0.2976
vn -0.1784 0.9093 0.3760
vn -0.2033 0.9360 0.2872
vn -0.1749 0.9053 0.3872
vn 0.1166 -0.9199 -0.3744
vn -0.3369 -0.9191 -0.2041
vn -0.0139 -0.9694 -0.2451
vn 0.1785 -0.4930 0.8515
vn 0.0258 -0.3851 0.9225
vn 0.1230 -0.9043 -0.4088
vn -0.0133 -0.0752 0.9971
vn -0.0705 0.2930 -0.9535
vn -0.0698 0.2989 -0.9517
vn -0.4434 -0.6077 -0.6589
vn 0.0025 0.3699 -0.9291
vn -0.0148 -0.0692 -0.9975
vn -0.0146 -0.0695 -0.9975
vn -0.0145 -0.0698 -0.9975
vn -0.0039 0.2817 0.9595
vn -0.1802 0.4574 0.8708
vn -0.2104 0.4231 0.8813
vn -0.0149 -0.0689 -0.9975
vn 0.4035 0.4422 -0.8010
vn 0.3000 0.7161 -0.6302
vn 0.3433 0.3010 -0.8897
vn 0.2894 0.7337 -0.6147
vn 0.0128 0.1510 0.9884
vn 0.0362 0.2771 0.9602
vn 0.0182 0.1446 0.9893
vn 0.0381 0.4173 0.9080
vn 0.2570 0.5343 0.8053
vn -0.0262 -0.4736 -0.8803
vn -0.0243 -0.2278 -0.9734
vn 0.0219 -0.6170 -0.7866
vn 0.0205 -0.5778 -0.8159
vn 0.0061 -0.8299 -0.5579
vn 0.0005 -0.7888 -0.6146
vn 0.4010 -0.5417 -0.7388
vn 0.2144 -0.8036 -0.5553
vn 0.3178 -0.2632 -0.9109
vn 0.0057 -0.9636 -0.2671
vn -0.0150 -0.9641 -0.2652
vn -0.4372 0.6334 0.6384
vn -0.4350 0.8623 0.2591
vn 0.1207 0.9683 0.2189
vn -0.5468 0.8259 0.1378
vn 0.0528 -0.9973 -0.0506
vn -0.0657 -0.9976 0.0206
vn -0.0305 -0.3899 0.9204
vn -0.0263 -0.5950 0.8033
vn 0.0097 -0.2765 0.9610
vn -0.0870 -0.9910 0.1014
vn 0.0295 -0.9870 0.1577
vn -0.0061 -0.9393 0.3431
vn 0.0085 -0.9598 0.2806
vn -0.0170 -0.7989 0.6013
vn -0.0387 -0.7906 0.6111
vn 0.4350 0.8795 -0.1929
vn 0.5759 0.7856 -0.2265
vn 0.3739 0.9258 0.0558
vn 0.2074 0.9748 -0.0818
vn 0.4189 0.8859 0.1993
vn -0.3119 -0.3208 -0.8943
vn -0.2171 -0.4979 -0.8396
vn -0.1057 -0.4360 -0.8937
vn -0.0075 -0.1773 -0.9841
vn 0.0813 -0.5341 -0.8415
vn 0.9761 0.0465 0.2125
vn 0.8137 0.4470 0.3715
vn 0.8442 -0.3564 0.4003
vn 0.4181 0.8575 0.2999
vn 0.0149 0.6744 0.7382
vn 0.0452 -0.5507 -0.8335
vn -0.0568 -0.6852 -0.7262
vn -0.0576 0.3050 0.9506
vn 0.0059 0.2871 0.9579
vn -0.0617 0.5751 0.8157
vn -0.0607 0.5838 0.8096
vn -0.2930 -0.8951 -0.3360
vn -0.0794 -0.8688 -0.4887
vn -0.0893 -0.8772 -0.4718
vn 0.0108 -0.9280 -0.3724
vn -0.8253 -0.4753 0.3049
vn -0.9724 -0.0168 0.2329
vn -0.7653 -0.6409 -0.0600
vn -0.0066 0.8271 0.5620
vn 0.0657 0.8811 0.4684
vn 0.1350 0.8948 0.4255
vn -0.0153 0.8278 0.5609
vn -0.5765 -0.6910 0.4360
vn -0.0079 -0.9693 -0.2459
vn -0.1799 -0.9836 0.0158
vn 0.1691 0.9799 0.1057
vn 0.2608 0.9529 0.1548
vn -0.0046 0.9330 -0.3598
vn 0.0346 -0.9085 0.4164
vn 0.0340 -0.9087 0.4161
vn 0.1150 -0.5204 0.8461
vn 0.0270 -0.5930 0.8048
vn -0.0172 0.9263 -0.3765
vn -0.0152 0.9268 -0.3753
vn -0.0543 0.5879 -0.8071
vn -0.0519 0.5550 -0.8302
vn 0.8647 -0.4744 -0.1649
vn 0.8714 0.0674 -0.4859
vn 0.9960 -0.0758 -0.0476
vn 0.8246 0.5647 0.0343
vn 0.6346 -0.0990 0.7665
vn 0.2805 -0.0347 0.9592
vn -0.0646 -0.0159 0.9978
vn 0.0212 0.0370 -0.9991
vn 0.0069 0.0682 -0.9977
vn -0.9905 -0.0952 0.0995
vn -0.9988 -0.0472 0.0119
vn -0.9740 -0.1946 0.1161
vn 0.8045 -0.0492 -0.5919
vn 0.9892 0.0836 -0.1203
vn 0.6872 -0.0454 -0.7250
vn 0.8964 -0.0046 -0.4431
vn 0.6446 -0.1744 -0.7444
vn -0.9496 -0.3009 0.0881
vn -0.8391 0.0411 0.5424
vn -0.8047 -0.5689 0.1696
vn 0.5764 -0.0325 -0.8165
vn 0.4415 0.0214 -0.8970
vn 0.9451 0.2958 -0.1389
vn 0.2769 0.9608 -0.0108
vn 0.8400 0.4624 -0.2838
vn -0.8833 -0.4687 0.0008
vn 0.9997 0.0154 -0.0185
vn 0.9889 0.0610 -0.1354
vn 0.9855 0.0044 0.1694
vn -0.9598 0.2428 0.1409
vn -0.8466 0.5306 0.0412
vn -0.7597 0.5549 -0.3390
vn 0.9987 -0.0508 0.0047
vn 0.9030 -0.2568 0.3444
vn 0.9094 0.0115 -0.4158
vn 0.7666 0.1619 -0.6214
vn -0.9978 -0.0654 -0.0077
vn -0.9146 -0.0425 -0.4020
vn -0.9863 0.0090 -0.1646
vn 0.1978 -0.0935 -0.9758
vn 0.2136 -0.0168 -0.9768
vn 0.0627 0.1157 -0.9913
vn 0.2361 -0.0829 -0.9682
vn 0.5584 0.8033 0.2072
vn -0.0790 0.6674 0.7405
vn 0.2479 0.8987 -0.3617
vn 0.2479 0.9085 -0.3363
vn 0.1721 0.9697 -0.1735
vn 0.2386 0.9619 -0.1336
vn -0.1046 0.9942 0.0241
vn -0.6139 0.7796 -0.1237
vn -0.0150 0.9891 -0.1463
vn -0.4155 0.6757 -0.6090
vn -0.3648 0.7890 -0.4943
vn -0.5174 0.0588 -0.8537
vn -0.2232 -0.2542 -0.9411
vn -0.5182 0.1837 -0.8353
vn 0.9466 -0.0523 -0.3182
vn -0.0909 -0.3636 -0.9271
vn 0.0173 0.2477 -0.9687
vn 0.0466 0.1395 0.9891
vn -0.0379 -0.5150 0.8564
vn -0.0054 -0.6030 0.7977
vn 0.0945 0.0321 0.9950
vn 0.1369 0.1518 0.9789
vn -0.0428 -0.6335 -0.7726
vn 0.0281 -0.6373 -0.7701
vn -0.0073 -0.6633 -0.7483
vn -0.0067 -0.6595 -0.7516
vn -0.1679 0.1991 0.9655
vn 0.0144 0.0365 0.9992
vn 0.0181 0.6935 0.7202
vn -0.1729 0.5008 0.8481
vn 0.5624 -0.0340 0.8261
vn 0.0719 0.1089 0.9914
vn 0.0809 0.9505 0.2999
vn 0.6220 -0.4150 0.6639
vn 0.4378 -0.5742 0.6919
vn 0.6262 -0.4355 0.6467
vn 0.8110 -0.0695 -0.5809
vn 0.1059 -0.0644 0.9923
vn -0.1948 0.0932 0.9764
vn 0.1220 0.2829 0.9514
vn -0.1801 -0.0294 0.9832
vn 0.2199 0.5691 0.7923
vn -0.0486 -0.2371 -0.9703
vn -0.0486 -0.2228 -0.9736
vn -0.0487 -0.2245 -0.9733
vn -0.0549 -0.2414 -0.9689
vn -0.6781 0.7343 -0.0315
vn -0.0201 0.0277 -0.9994
vn -0.0174 0.2250 -0.9742
vn -0.0114 0.2492 -0.9684
vn -0.0754 0.0034 -0.9972
vn 0.5003 0.7704 0.3951
vn 0.3397 -0.1526 0.9281
vn -0.0211 -0.2322 0.9724
vn -0.0791 -0.1965 0.9773
vn -0.0909 -0.2524 0.9633
vn -0.0119 0.5114 -0.8593
vn -0.0001 0.4818 -0.8763
vn 0.0306 -0.6859 -0.7270
vn 0.0479 -0.6908 -0.7214
vn -0.0370 0.6684 0.7429
vn -0.0310 0.6666 0.7448
vn -0.4587 0.8077 -0.3704
vn -0.2797 0.6628 -0.6946
vn 0.0072 0.8631 -0.5051
vn -0.0296 0.8540 -0.5195
vn -0.0365 0.5142 -0.8569
vn 0.4448 0.4443 -0.7776
vn -0.1709 0.0922 -0.9810
vn 0.2116 -0.7076 0.6741
vn 0.1441 -0.5758 0.8048
vn 0.1036 -0.7989 0.5925
vn 0.0220 0.7563 0.6538
vn 0.0039 0.7369 0.6760
vn 0.0241 0.7660 0.6424
vn 0.0435 0.7830 0.6205
vn -0.0024 -0.7570 -0.6534
vn -0.0045 -0.7572 -0.6532
vn -0.0028 -0.7556 -0.6550
vn -0.0023 -0.7562 -0.6543
vn -0.9760 -0.1680 0.1383
vn -0.9178 -0.2387 0.3173
vn -0.8359 -0.5296 0.1444
vn 0.9665 0.0408 -0.2535
vn 0.9774 0.0903 0.1911
vn 0.9171 0.1972 -0.3466
vn -0.5875 0.7807 0.2128
vn -0.6347 0.5920 0.4966
vn 0.1878 -0.7408 0.6449
vn -0.5256 -0.8470 -0.0804
vn -0.7120 -0.6914 -0.1221
vn -0.8725 -0.4518 -0.1860
vn 0.0328 -0.9970 -0.0702
vn -0.4534 -0.8887 -0.0673
vn -0.1952 -0.8893 -0.4135
vn -0.0770 -0.0333 0.9965
vn 0.0279 0.1131 0.9932
vn 0.0068 0.1186 0.9929
vn 0.9032 0.0658 0.4243
vn 0.7319 -0.1469 0.6654
vn 0.9636 -0.0896 0.2520
vn 0.2353 -0.2079 -0.9494
vn 0.1352 0.1675 0.9766
vn 0.4782 -0.3690 -0.7970
vn 0.1681 -0.2069 -0.9638
vn 0.3373 -0.0048 -0.9414
vn -0.2606 0.3405 -0.9034
vn -0.2576 0.4258 -0.8674
vn -0.9989 0.0448 0.0124
vn 0.0121 -0.1295 0.9915
vn -0.0006 -0.1370 0.9906
vn 0.8257 -0.3589 -0.4352
vn 0.1851 -0.5167 -0.8359
vn -0.7970 -0.4261 0.4280
vn 0.9178 -0.2689 -0.2920
vn 0.6290 -0.1531 -0.7622
vn 0.9292 0.0984 -0.3563
vn -0.0394 0.8308 0.5551
vn 0.0059 0.8058 0.5922
vn -0.2108 0.9143 0.3459
vn -0.0158 0.9823 0.1864
vn 0.0737 0.6557 0.7514
vn 0.0664 0.6262 0.7768
vn 0.0140 0.9313 -0.3639
vn 0.0421 0.8213 -0.5689
vn 0.0349 0.7908 -0.6110
vn 0.0110 0.9319 -0.3626
vn 0.2366 0.9674 -0.0899
vn -0.0812 0.0851 -0.9931
vn 0.1768 -0.1030 -0.9788
vn 0.0386 0.0130 -0.9992
vn 0.0122 0.3779 -0.9258
vn 0.0326 0.4328 -0.9009
vn 0.0915 0.0583 0.9941
vn -0.0132 -0.2149 -0.9765
vn -0.0979 -0.3348 -0.9372
vn 0.9112 -0.0702 -0.4059
vn 0.9056 -0.0720 -0.4180
vn 0.9726 -0.0337 -0.2301
vn -0.9949 -0.0871 0.0515
vn -0.3482 -0.0136 -0.9373
vn -0.0430 0.2019 0.9785
vn -0.9947 -0.0605 -0.0832
vn 0.9975 -0.0056 -0.0709
vn -0.6724 -0.5804 0.4593
vn -0.8919 0.4520 -0.0154
vn 0.8089 -0.0059 -0.5879
vn -0.9652 0.2399 0.1044
vn -0.8719 0.3749 -0.3151
vn -0.9945 0.1037 -0.0115
vn -0.8952 0.0988 0.4346
vn -0.8494 -0.3128 0.4251
vn -0.9066 -0.4162 0.0693
vn -0.8761 -0.4630 0.1343
vn 0.9915 0.0589 0.1157
vn 0.9096 0.2130 -0.3568
vn -0.9739 0.1716 -0.1486
vn -0.9474 -0.0549 0.3153
vn -0.9111 0.1313 0.3907
vn -0.3324 0.1841 -0.9250
vn -0.8546 -0.4578 -0.2453
vn 0.8243 0.3871 -0.4131
vn 0.8722 0.4892 -0.0090
vn 0.8641 0.5032 -0.0105
vn 0.7689 0.1521 -0.6210
vn 0.3339 -0.8417 0.4243
vn 0.2933 -0.6601 0.6915
vn 0.1657 -0.8500 0.5000
vn -0.0053 0.2949 0.9555
vn 0.3826 0.3968 0.8343
vn 0.2619 0.4292 0.8644
vn 0.1064 0.0924 -0.9900
vn 0.0145 -0.0746 -0.9971
vn 0.0523 -0.0851 -0.9950
vn -0.4378 0.3944 -0.8079
vn -0.3530 0.5765 -0.7369
vn -0.3120 0.7282 -0.6102
vn -0.1415 0.6248 -0.7678
vn -0.1998 0.8815 -0.4278
vn -0.0127 0.0838 0.9964
vn -0.0201 0.0945 0.9953
vn -0.0603 0.2467 0.9672
vn 0.0783 -0.5657 -0.8209
vn 0.1021 -0.1352 -0.9855
vn 0.1676 -0.2376 -0.9568
vn 0.5584 -0.5689 -0.6038
vn 0.3367 -0.0878 -0.9375
vn -0.0623 0.4365 0.8975
vn -0.2333 0.5277 0.8168
vn -0.3907 -0.2855 -0.8751
vn -0.8631 -0.0452 -0.5030
vn -0.4250 0.1376 -0.8947
vn 0.1495 -0.5726 -0.8061
vn -0.3384 -0.2622 -0.9037
vn -0.1220 -0.4621 -0.8784
vn 0.1221 0.8804 0.4583
vn 0.4138 0.8591 0.3012
vn 0.4843 0.7964 0.3623
vn 0.5226 0.8475 0.0926
vn 0.1721 0.9842 0.0415
vn -0.0141 -0.9546 -0.2975
vn 0.0327 -0.9500 -0.3105
vn -0.0256 -0.9997 0.0057
vn 0.0433 -0.9945 0.0956
vn -0.0089 -0.9646 0.2637
vn -0.0910 -0.9959 -0.0006
vn 0.0081 -0.9850 0.1723
vn -0.1360 -0.9644 0.2269
vn 0.4212 -0.4949 0.7601
vn 0.2697 -0.7578 0.5941
vn 0.4916 -0.7379 0.4624
vn -0.4350 0.8795 -0.1929
vn -0.2074 0.9748 -0.0817
vn -0.4210 0.8940 0.1535
vn -0.5786 0.7815 -0.2334
vn -0.5124 0.8391 0.1828
vn 0.0253 -0.5575 -0.8298
vn 0.0246 -0.8218 -0.5692
vn -0.0300 -0.7391 -0.6729
vn 0.1442 -0.2939 -0.9449
vn -0.0062 -0.3902 -0.9207
vn 0.0998 -0.3656 -0.9254
vn 0.0627 -0.9661 0.2503
vn 0.0329 -0.8531 0.5206
vn 0.0011 -0.9749 0.2226
vn -0.0088 -0.9962 0.0867
vn -0.9760 0.0472 0.2127
vn -0.8442 -0.3565 0.4002
vn -0.8137 0.4471 0.3716
vn 0.0050 -0.9998 0.0217
vn 0.0833 0.6641 0.7430
vn -0.0587 -0.5500 -0.8331
vn 0.0010 -0.5255 -0.8508
vn 0.0604 0.1968 0.9786
vn 0.0606 0.5855 0.8084
vn 0.0624 0.5775 0.8140
vn -0.0002 0.1259 0.9920
vn 0.2953 -0.8953 -0.3336
vn -0.0124 -0.9295 -0.3686
vn 0.0889 -0.8840 -0.4590
vn 0.0856 -0.8730 -0.4801
vn 0.8309 -0.4744 0.2909
vn 0.7653 -0.6410 -0.0596
vn 0.9580 -0.0080 0.2867
vn 0.0532 -0.0810 -0.9953
vn 0.0476 -0.6215 -0.7820
vn 0.0585 -0.6152 -0.7862
vn 0.0572 -0.3420 -0.9379
vn 0.0146 0.8265 0.5627
vn -0.0781 0.9497 0.3033
vn -0.0501 0.8626 0.5035
vn 0.0153 0.8278 0.5609
vn 0.5764 -0.6914 0.4356
vn 0.0068 -0.9697 -0.2441
vn 0.1814 -0.9833 0.0146
vn -0.0451 0.9776 0.2055
vn 0.2211 0.9733 0.0610
vn -0.0427 -0.9249 0.3779
vn -0.0076 -0.5873 0.8093
vn -0.0195 -0.5436 0.8391
vn -0.1742 -0.9607 0.2159
vn 0.0175 0.9622 -0.2717
vn 0.0102 0.7372 -0.6756
vn -0.1294 0.9607 -0.2455
vn 0.1023 0.5724 -0.8136
vn -0.8212 -0.5627 -0.0947
vn -0.9934 -0.1080 0.0380
vn -0.9046 0.0113 -0.4262
vn -0.8196 0.5645 0.0981
vn 0.0790 0.1177 -0.9899
vn 0.0153 0.4665 -0.8844
vn 0.2515 -0.0491 -0.9666
vn 0.0180 0.1495 0.9886
vn -0.0097 0.1713 0.9852
vn -0.0270 0.1523 0.9880
vn -0.0179 0.1787 0.9837
vn -0.0118 -0.0635 0.9979
vn -0.0322 -0.0461 0.9984
vn 0.5047 -0.1673 -0.8469
vn 0.2216 0.0038 -0.9751
vn 0.9789 -0.1258 -0.1611
vn 0.9585 -0.0418 -0.2819
vn 0.9663 -0.2025 -0.1589
vn -0.9794 -0.0241 0.2006
vn -0.9491 -0.0412 0.3121
vn -0.9887 0.0612 -0.1371
vn -0.7118 -0.1256 -0.6911
vn -0.9914 0.0549 -0.1191
vn -0.6783 -0.2608 -0.6869
vn 0.8326 -0.0445 0.5521
vn 0.8226 0.0873 0.5619
vn 0.8046 0.0580 0.5909
vn 0.9215 -0.2764 0.2729
vn -0.5261 0.1538 -0.8364
vn -0.9238 0.3133 -0.2202
vn -0.9670 0.2030 -0.1542
vn -0.3950 0.8782 0.2698
vn 0.8028 -0.5908 0.0806
vn -0.9997 0.0156 -0.0185
vn -0.9720 -0.1399 -0.1890
vn -0.9947 0.0973 0.0340
vn -0.9861 0.0034 -0.1661
vn -0.9869 0.0056 0.1611
vn -0.9825 -0.0160 0.1854
vn -0.9423 0.1529 -0.2980
vn -0.9904 0.0390 -0.1330
vn -0.9832 -0.0391 0.1780
vn -0.9996 0.0086 -0.0286
vn 0.9868 -0.0114 0.1613
vn 0.0233 -0.0073 -0.9997
vn 0.9228 0.0705 -0.3789
vn 0.0046 -0.2854 -0.9584
vn 0.0153 -0.1854 -0.9825
vn -0.7520 0.0877 -0.6533
vn -0.6680 0.7311 0.1390
vn 0.3457 0.6497 0.6770
vn 0.1441 0.6294 0.7636
vn -0.0493 0.1895 0.9807
vn -0.0641 0.0524 0.9966
vn -0.0591 0.0287 0.9978
vn -0.3058 0.9018 -0.3053
vn -0.2397 0.9561 -0.1687
vn -0.1931 0.9591 -0.2070
vn 0.0571 0.9352 -0.3494
vn 0.0507 0.9348 -0.3514
vn 0.2242 0.8649 -0.4490
vn 0.3900 0.7133 -0.5823
vn 0.1680 -0.9175 0.3604
vn 0.2274 -0.9318 0.2830
vn -0.0986 -0.9907 0.0941
vn 0.0871 -0.9944 -0.0595
vn -0.0618 -0.0914 0.9939
vn -0.0049 -0.3177 0.9482
vn -0.0381 -0.0538 0.9978
vn -0.1599 0.1264 0.9790
vn 0.1508 -0.9850 0.0838
vn 0.0689 -0.8064 0.5874
vn 0.2251 0.4243 -0.8771
vn 0.2225 0.3412 -0.9133
vn 0.3017 0.1425 -0.9427
vn 0.4291 0.1785 -0.8855
vn 0.5310 0.0795 -0.8436
vn -0.0891 -0.3060 0.9479
vn -0.0383 -0.3583 0.9328
vn 0.0434 -0.5465 0.8363
vn 0.0057 -0.6032 0.7976
vn 0.0428 -0.6335 -0.7726
vn 0.0067 -0.6596 -0.7516
vn 0.0073 -0.6633 -0.7483
vn -0.0281 -0.6373 -0.7701
vn -0.6216 -0.4188 0.6620
vn -0.6276 -0.5885 0.5097
vn -0.4362 -0.5833 0.6852
vn 0.4433 -0.7288 -0.5219
vn 0.0917 0.5146 0.8525
vn 0.0615 0.7297 0.6810
vn 0.1419 0.8754 0.4621
vn 0.6644 0.7400 -0.1048
vn 0.1949 -0.8165 -0.5435
vn 0.2648 -0.6579 -0.7050
vn -0.9130 0.0850 0.3990
vn -0.1624 0.2335 0.9587
vn -0.1812 0.6266 0.7580
vn -0.3314 0.6618 0.6725
vn -0.2746 0.6514 0.7072
vn 0.1798 -0.1932 0.9646
vn -0.8166 0.2137 0.5362
vn -0.5542 -0.7182 0.4208
vn 0.3307 -0.4250 -0.8427
vn 0.0695 -0.9795 -0.1890
vn 0.5709 -0.2616 -0.7782
vn -0.2903 0.4754 0.8305
vn -0.2320 0.4317 0.8717
vn 0.2740 -0.6567 -0.7027
vn 0.9968 0.0318 -0.0732
vn 0.9963 0.0291 -0.0803
vn 0.8952 -0.4453 -0.0145
vn -0.0306 -0.6859 -0.7270
vn -0.0484 -0.6910 -0.7213
vn 0.0310 0.6666 0.7448
vn 0.0373 0.6687 0.7426
vn 0.4594 0.8073 -0.3703
vn -0.0071 0.8630 -0.5052
vn 0.2642 0.6422 -0.7195
vn 0.0296 0.8539 -0.5196
vn 0.2661 0.7625 -0.5898
vn 0.4591 0.3497 -0.8167
vn -0.3819 0.6077 -0.6964
vn -0.2119 -0.7072 0.6745
vn -0.1014 -0.8009 0.5902
vn -0.1343 -0.5738 0.8079
vn -0.0478 0.7807 0.6231
vn -0.0235 0.7650 0.6436
vn -0.0220 0.7563 0.6538
vn -0.0045 0.7368 0.6761
vn 0.0017 -0.7567 -0.6538
vn 0.0029 -0.7559 -0.6546
vn 0.0049 -0.7568 -0.6536
vn 0.0020 -0.7565 -0.6540
vn 0.9760 -0.1680 0.1383
vn 0.8359 -0.5296 0.1443
vn 0.9572 0.0020 0.2893
vn -0.9665 0.0408 -0.2535
vn -0.9677 0.2268 -0.1103
vn -0.9774 0.0903 0.1911
vn 0.4453 0.8606 -0.2470
vn -0.1877 -0.7408 0.6450
vn 0.7120 -0.6915 -0.1220
vn -0.1834 -0.9754 -0.1225
vn 0.2490 -0.3087 0.9180
vn -0.0346 0.1010 0.9943
vn -0.1610 -0.4515 0.8776
vn 0.0831 0.0906 0.9924
vn 0.7575 -0.3291 -0.5638
vn 0.2064 -0.6867 0.6970
vn -0.0295 -0.6521 0.7576
vn -0.2504 -0.6295 0.7355
vn -0.0328 -0.9970 -0.0702
vn 0.1889 -0.8901 -0.4149
vn 0.4534 -0.8887 -0.0674
vn 0.0570 0.0026 0.9984
vn -0.0201 0.1542 0.9878
vn -0.0392 0.0333 0.9987
vn -0.0302 0.1706 0.9849
vn 0.3300 -0.1812 -0.9264
vn 0.4899 0.0076 -0.8718
vn 0.5472 -0.1662 -0.8203
vn -0.0368 0.0579 0.9976
vn 0.0024 0.0268 0.9996
vn -0.3373 -0.0049 -0.9414
vn -0.1681 -0.2069 -0.9638
vn -0.5323 -0.1783 -0.8276
vn -0.2990 0.1431 -0.9435
vn 0.9595 -0.0539 0.2764
vn 0.0336 -0.1210 0.9921
vn 0.0039 -0.3663 0.9305
vn 0.0192 -0.0736 0.9971
vn 0.0293 -0.6581 0.7524
vn -0.0050 -0.5381 0.8429
vn 0.0396 0.8309 0.5550
vn -0.0570 0.9874 0.1474
vn 0.2107 0.9142 0.3463
vn -0.0059 0.8057 0.5923
vn -0.0739 0.6556 0.7515
vn -0.0644 0.6189 0.7828
vn -0.0110 0.9319 -0.3626
vn -0.0348 0.7907 -0.6112
vn -0.0139 0.9313 -0.3639
vn -0.0423 0.8216 -0.5685
vn -0.2366 0.9674 -0.0899
vn -0.0521 -0.1552 -0.9865
vn 0.0101 -0.2029 -0.9791
vn 0.0777 -0.0920 -0.9927
vn -0.0719 -0.1077 -0.9916
vn -0.0261 0.3741 -0.9270
vn 0.0236 0.1439 -0.9893
vn 0.0106 0.1465 -0.9891
vn -0.0337 0.4288 -0.9028
vn -0.0915 0.0583 0.9941
vn 0.9370 0.3430 -0.0663
vn 0.9130 -0.1846 0.3638
vn 0.5149 -0.6998 -0.4952
vn 0.8370 -0.1795 0.5170
vn 0.8258 -0.1453 0.5450
vn 0.8704 -0.0282 0.4915
vn -0.8090 -0.0059 -0.5878
vn 0.9651 0.2400 0.1046
vn 0.9509 -0.1958 0.2396
vn 0.9932 0.1162 0.0080
vn 0.9735 0.1389 0.1816
vn 0.9448 0.2239 0.2394
vn 0.8122 -0.5822 0.0363
vn 0.7598 -0.6431 0.0952
vn -0.9916 0.0588 0.1156
vn -0.9096 0.2129 -0.3568
vn 0.9754 0.1634 -0.1481
vn 0.9087 0.1408 0.3929
vn 0.9470 -0.0566 0.3161
vn 0.8509 -0.4664 -0.2418
vn -0.8243 0.3872 -0.4131
vn -0.8642 0.5031 -0.0105
vn -0.8723 0.4889 -0.0044
vn -0.7686 0.1534 -0.6211
vn -0.3338 -0.8413 0.4253
vn -0.1657 -0.8495 0.5009
vn -0.2932 -0.6593 0.6924
vn 0.9389 0.0321 0.3428
vn -0.9975 -0.0035 -0.0708
vn -0.9770 0.1597 -0.1411
vn -0.6118 -0.3344 -0.7169
vn -0.9104 -0.0510 -0.4105
vn -0.9110 -0.0508 -0.4092
vn 0.9370 -0.2969 0.1840
vn -0.7312 -0.1009 -0.6746
vn -0.0398 -0.1939 0.9802
vn 0.0155 -0.4689 -0.8831
vn -0.0742 -0.0983 0.9924
vn 0.0763 -0.1380 0.9875
vn 0.0398 0.0449 0.9982
vn 0.5284 -0.7924 -0.3048
vn 0.1395 0.0350 0.9896
vn -0.8643 0.3971 0.3086
vn -0.4572 0.7870 0.4144
vn -0.7768 0.6148 -0.1365
vn -0.4787 0.7819 0.3994
vn -0.9492 0.0250 -0.3136
vn -0.9434 0.1794 -0.2789
vn -0.8385 0.4116 -0.3569
vn -0.9601 0.2132 0.1809
vn -0.5485 0.7478 0.3740
vn -0.5603 0.7575 0.3350
vn -0.8426 0.4466 -0.3009
vn -0.9539 0.0177 -0.2996
vn -0.9890 0.1098 0.0989
vn -0.9362 0.1690 -0.3082
vn 0.6620 0.6720 0.3318
vn 0.1179 0.8181 0.5629
vn 0.1353 0.7932 0.5937
vn 0.5694 0.3180 0.7581
vn 0.9489 -0.0256 0.3144
vn 0.7314 0.0829 0.6769
vn 0.9751 -0.1173 0.1881
vn -0.2532 -0.7485 -0.6129
vn -0.2233 -0.7568 -0.6144
vn 0.5545 -0.7688 -0.3185
vn 0.5245 -0.7948 -0.3052
vn 0.4645 -0.8097 -0.3586
vn 0.4412 -0.8183 -0.3685
vn -0.1374 -0.7972 -0.5879
vn -0.1016 -0.7862 -0.6096
vn 0.2590 0.7599 0.5962
vn 0.2319 0.7735 0.5898
vn 0.7973 -0.5318 0.2855
vn 0.9797 -0.1784 -0.0917
vn 0.9445 -0.0360 0.3265
vn 0.8268 -0.4273 0.3659
vn 0.9788 -0.0857 0.1863
vn 0.9022 -0.3694 -0.2227
vn 0.9903 -0.1147 -0.0780
vn 0.7152 -0.6888 0.1183
vn -0.8502 -0.4404 -0.2884
vn -0.7232 -0.1082 -0.6821
vn -0.6457 -0.2584 -0.7185
vn 0.7143 0.1745 0.6777
vn 0.8796 0.4141 0.2342
vn 0.7849 0.5307 0.3199
vn -0.7197 -0.6122 -0.3274
vn -0.5045 -0.3639 -0.7830
vn -0.8918 -0.3968 -0.2174
vn -0.9699 0.2435 -0.0000
vn -0.9904 0.1373 0.0135
vn -0.9706 0.2409 -0.0007
vn 0.2033 -0.0758 0.9762
vn 0.9662 -0.2028 0.1592
vn 0.3512 0.3257 0.8778
vn 0.9000 -0.2771 0.3364
vn 0.6598 -0.1596 0.7343
vn 0.8838 -0.4308 0.1826
vn -0.9901 0.1385 -0.0216
vn -0.9992 0.0376 -0.0159
vn -0.9992 0.0383 0.0122
vn 0.9900 -0.1361 -0.0372
vn 0.9980 0.0417 -0.0472
vn 0.9851 -0.1713 -0.0151
vn 0.9999 0.0135 0.0071
vn 0.9744 0.1422 -0.1741
vn 0.9997 0.0141 0.0185
vn 0.9731 -0.2299 -0.0140
vn 0.9700 -0.2414 -0.0290
vn -0.9974 -0.0715 0.0055
vn -0.9849 -0.1713 0.0235
vn -0.9986 -0.0511 -0.0123
vn -0.0140 0.0160 0.9998
vn 0.0564 -0.0069 0.9984
vn 0.1016 -0.0265 0.9945
vn 0.0796 -0.0074 0.9968
vn 0.0293 -0.0265 0.9992
vn 0.2295 -0.0021 -0.9733
vn 0.2297 -0.0041 -0.9732
vn 0.2222 -0.0031 -0.9750
vn -0.4164 -0.9092 -0.0004
vn -0.4000 -0.9165 0.0082
vn -0.4238 -0.9058 -0.0008
vn 0.1120 -0.0810 -0.9904
vn -0.0062 0.0022 -1.0000
vn -0.0555 -0.0037 -0.9985
vn -0.0013 -0.0024 -1.0000
vn 0.8668 -0.1517 0.4750
vn 0.8075 -0.3829 0.4487
vn 0.9260 -0.3569 -0.1230
vn 0.9227 -0.3734 -0.0957
vn 0.9213 -0.1275 0.3674
vn 0.9587 -0.0782 -0.2735
vn 0.9830 -0.1827 -0.0158
vn 0.9210 -0.1257 0.3687
vn -0.3934 -0.9193 0.0097
vn -0.2387 0.0407 0.9702
vn 0.4695 -0.0833 -0.8790
vn -0.0120 0.0047 0.9999
vn -0.0121 0.0249 0.9996
vn -0.0138 0.0011 0.9999
vn 0.9876 -0.1202 0.1011
vn 0.9919 -0.1039 0.0730
vn 0.9900 -0.1115 0.0860
vn 0.9848 -0.1290 0.1164
vn 0.0200 -0.0775 0.9968
vn 0.0605 -0.0347 0.9976
vn -0.1136 -0.0933 0.9891
vn 0.0032 0.0893 -0.9960
vn 0.0075 0.0841 -0.9964
vn 0.0094 0.0983 -0.9951
vn -0.0042 0.1093 -0.9940
vn 0.0247 0.0004 -0.9997
vn 0.0248 -0.0010 -0.9997
vn 0.0250 0.0014 -0.9997
vn -0.0130 0.0014 0.9999
vn 0.0300 0.4536 -0.8907
vn 0.0251 -0.0006 -0.9997
vn -0.0064 0.0721 -0.9974
vn -0.3096 -0.0081 0.9508
vn -0.0201 -0.1310 0.9912
vn -0.0154 -0.0016 0.9999
vn -0.9943 0.0876 -0.0607
vn -0.9945 0.0928 -0.0475
vn 0.9901 -0.0997 -0.0985
vn 0.9898 -0.0963 -0.1054
vn 0.9899 -0.0977 -0.1025
vn 0.9903 -0.1011 -0.0956
vn -0.9955 0.0851 0.0420
vn 0.9902 0.1293 0.0532
vn 0.9849 0.1706 -0.0312
vn 0.8499 0.4896 -0.1950
vn 0.8053 0.5739 -0.1489
vn 0.3961 0.9036 -0.1631
vn -0.9954 0.0829 0.0477
vn 0.8157 0.5707 -0.0949
vn 0.1547 0.5316 0.8327
vn 0.8586 0.4207 0.2929
vn 0.1335 0.0162 -0.9909
vn -0.7232 -0.0877 0.6850
vn 0.0143 0.2938 0.9557
vn -0.9992 -0.0384 -0.0085
vn -0.9994 -0.0347 -0.0004
vn -0.9991 -0.0431 -0.0051
vn -0.9997 -0.0238 0.0049
vn -0.9999 -0.0104 -0.0035
vn -0.9998 -0.0187 0.0042
vn -0.4325 -0.9015 0.0179
vn -0.4117 -0.9086 0.0701
vn -0.4274 -0.9021 0.0601
vn -0.3988 -0.9166 -0.0272
vn -0.3433 -0.9360 -0.0774
vn 0.8736 -0.4241 -0.2386
vn 0.9960 0.0890 0.0121
vn 0.9998 0.0110 0.0183
vn 1.0000 0.0047 0.0073
vn 0.9996 0.0281 0.0020
vn 0.9995 0.0319 0.0053
vn 0.9890 0.1463 -0.0218
vn 0.9949 -0.1007 -0.0081
vn 0.9548 0.2614 -0.1417
vn 0.9146 0.3928 -0.0957
vn 0.3234 0.9430 -0.0785
vn 0.4840 0.8747 0.0273
vn 0.5778 0.7721 0.2646
vn 0.9884 0.1513 -0.0103
vn 0.9913 -0.0617 -0.1159
vn 0.2023 0.9727 -0.1140
vn 0.1985 0.9800 -0.0167
vn 0.4412 0.8943 -0.0743
vn -0.0382 0.9949 -0.0932
vn 0.4617 0.8868 -0.0216
vn 0.3690 0.9294 -0.0059
vn -0.9995 -0.0317 -0.0090
vn 0.3948 0.9187 0.0108
vn 0.9996 0.0250 0.0159
vn 0.9988 0.0490 0.0061
vn 0.9653 0.2611 -0.0003
vn -0.9961 -0.0876 0.0030
vn -0.9967 -0.0811 -0.0087
vn -0.9968 -0.0793 -0.0046
vn -0.9962 -0.0871 0.0033
vn -0.9957 -0.0919 0.0124
vn -0.9962 -0.0876 -0.0042
vn -0.9969 -0.0769 -0.0155
vn 0.9998 0.0032 0.0204
vn 0.9991 -0.0418 0.0031
vn 0.9968 -0.0791 -0.0128
vn -0.4394 -0.3926 0.8080
vn 0.4710 -0.6030 0.6439
vn 0.0237 -0.5606 0.8277
vn 0.3821 0.9224 -0.0566
vn 0.3561 0.9342 -0.0225
vn 0.3923 0.9171 -0.0707
vn 0.4155 0.9039 -0.1020
vn 0.6749 -0.3949 0.6233
vn 0.6749 -0.3961 0.6225
vn 0.3074 -0.4542 0.8362
vn -0.6736 0.4707 -0.5698
vn -0.6736 0.4694 -0.5709
vn -0.3057 0.6548 -0.6912
vn 0.0293 0.9368 -0.3487
vn -0.0473 0.7074 -0.7053
vn -0.0293 -0.0415 0.9987
vn 0.0473 -0.4516 0.8910
vn -0.9569 0.2607 -0.1278
vn -0.9571 0.2601 -0.1275
vn -0.9868 -0.1313 -0.0951
vn -0.9869 -0.1296 -0.0959
vn 0.9781 0.0390 -0.2042
vn 0.9782 0.0382 -0.2043
vn 0.9782 -0.1723 -0.1161
vn 0.9785 -0.1696 -0.1176
vn 0.3401 0.7949 -0.5025
vn 0.1647 0.4979 -0.8515
vn 0.1467 0.6113 -0.7777
vn -0.0533 0.9287 0.3671
vn 0.1320 0.9435 0.3039
vn 0.4144 0.9053 -0.0934
vn 0.0488 -0.6420 -0.7652
vn -0.1301 -0.5868 -0.7992
vn -0.4075 -0.2103 -0.8887
vn -0.2455 0.9552 0.1651
vn -0.1084 0.9664 0.2332
vn 0.2420 -0.7022 -0.6696
vn 0.1291 -0.5322 -0.8367
vn 0.4024 0.5962 -0.6947
vn 0.0026 -0.6795 -0.7336
vn 0.0034 -0.6806 -0.7326
vn 0.0010 -0.6825 -0.7309
vn -0.0002 -0.6758 -0.7371
vn 0.3732 0.4750 -0.7969
vn 0.1087 0.2351 -0.9659
vn -0.0042 0.9082 0.4185
vn 0.0038 0.9073 0.4205
vn 0.0054 0.9086 0.4176
vn 0.0061 0.9092 0.4163
vn 0.7384 -0.5706 -0.3593
vn 0.9296 -0.2908 -0.2263
vn 0.7433 -0.5622 -0.3625
vn -0.7379 0.5159 0.4351
vn -0.9298 0.3032 0.2086
vn -0.7429 0.5163 0.4261
vn 0.0453 0.3375 -0.9402
vn 0.3636 0.2339 -0.9017
vn -0.3794 0.9115 -0.1589
vn 0.4240 -0.1005 -0.9001
vn 0.2257 0.6585 -0.7179
vn -0.1317 0.7239 -0.6773
vn -0.0747 0.6774 -0.7319
vn -0.3154 0.7955 -0.5173
vn -0.3625 0.9146 0.1790
vn -0.3625 0.9147 0.1789
vn -0.3626 0.9146 0.1789
vn -0.3626 0.9146 0.1791
vn 0.3628 -0.9145 -0.1788
vn 0.3625 -0.9147 -0.1788
vn 0.3625 -0.9146 -0.1790
vn 0.3628 -0.9145 -0.1790
vn -0.3625 0.9146 0.1791
vn -0.3624 0.9147 0.1790
vn 0.3625 -0.9146 -0.1789
vn -0.3628 0.9145 0.1791
vn -0.3627 0.9145 0.1792
vn 0.3628 -0.9144 -0.1796
vn 0.3625 -0.9145 -0.1795
vn 0.3629 -0.9144 -0.1792
vn 0.3626 -0.9146 -0.1788
vn -0.3628 0.9145 0.1789
vn 0.3631 -0.9145 -0.1787
vn 0.3628 -0.9146 -0.1787
vn 0.3630 -0.9145 -0.1790
vn -0.3629 0.9145 0.1789
vn -0.3626 0.9146 0.1790
vn -0.3628 0.9146 0.1787
vn -0.3629 0.9145 0.1788
vn 0.3628 -0.9145 -0.1789
vn 0.3627 -0.9146 -0.1788
vn 0.3626 -0.9146 -0.1790
vn -0.3625 0.9146 0.1789
vn 0.3627 -0.9145 -0.1793
vn 0.3625 -0.9146 -0.1793
vn -0.3628 0.9145 0.1790
vn 0.3628 -0.9145 -0.1791
vn -0.7426 -0.4131 -0.5271
vn -0.9666 -0.2563 -0.0030
vn -0.8833 -0.4529 -0.1208
vn -0.0050 0.8779 -0.4789
vn -0.2577 0.9567 -0.1352
vn 0.4777 0.5464 -0.6879
vn -0.0378 0.3903 -0.9199
vn 0.0243 -0.0201 -0.9995
vn 0.3001 0.5865 -0.7523
vn 0.9659 -0.1845 -0.1815
vn 0.9563 -0.1022 0.2739
vn 0.6298 0.5752 0.5220
vn 0.2569 0.5493 0.7951
vn -0.6806 -0.6546 0.3290
vn -0.8358 -0.5465 -0.0518
vn -0.9859 -0.1518 -0.0701
vn -0.8992 0.0489 -0.4348
vn -0.3119 -0.2655 -0.9123
vn -0.6541 -0.3864 0.6502
vn 0.0069 -0.1894 0.9819
vn 0.0068 -0.1893 0.9819
vn -0.6541 -0.3866 0.6502
vn 0.6425 0.2385 0.7282
vn 0.7964 0.4609 0.3916
vn 0.6753 -0.0029 0.7375
vn 0.1998 0.5127 -0.8350
vn -0.2624 0.5034 -0.8233
vn 0.4778 0.0903 -0.8738
vn -0.8836 -0.2103 0.4183
vn 0.3621 -0.2538 0.8969
vn 0.8173 -0.0097 -0.5761
vn 0.2898 0.2911 -0.9118
vn 0.6967 0.3954 -0.5986
vn 0.6086 0.3759 -0.6988
vn 0.8910 0.2658 0.3680
vn 0.6114 0.0982 0.7852
vn 0.7026 0.1289 0.6998
vn 0.2620 0.2280 0.9378
vn -0.1881 0.0292 0.9817
vn -0.6554 -0.1101 0.7472
vn -0.6541 -0.3865 0.6502
vn -0.9223 -0.3854 0.0280
vn -0.7603 -0.0998 -0.6418
vn -0.8796 -0.2748 -0.3884
vn -0.6820 -0.1777 -0.7094
vn 0.8867 0.2769 0.3702
vn 0.6175 0.0941 0.7809
vn 0.7071 0.1427 0.6925
vn 0.2870 0.2876 -0.9137
vn 0.6080 0.3723 -0.7012
vn 0.3014 -0.0645 0.9513
vn -0.2883 -0.2948 0.9110
vn -0.6981 -0.3919 0.5993
vn -0.6071 -0.3794 0.6981
vn -0.8823 -0.3971 0.2526
vn -0.8853 -0.2806 -0.3709
vn -0.6189 -0.0906 -0.7802
vn -0.7057 -0.1463 -0.6932
vn -0.3029 0.0681 -0.9506
vn 0.8809 0.4007 -0.2519
vn 0.5268 -0.1116 -0.8426
vn 0.8289 -0.2273 -0.5111
vn 0.0995 0.6689 -0.7367
vn 0.7239 0.5701 0.3885
vn 0.6994 -0.1257 0.7036
vn 0.5870 0.3557 0.7273
vn 0.3848 -0.3718 0.8448
vn -0.8943 -0.0815 0.4400
vn -0.8153 -0.5589 -0.1516
vn -0.9906 -0.1334 0.0307
vn -0.6622 -0.5152 -0.5441
vn -0.3590 0.6456 -0.6741
vn -0.9812 0.0409 0.1889
vn -0.9424 0.0982 0.3196
vn -0.9540 0.2964 0.0456
vn -0.8856 -0.3215 -0.3351
vn -0.9377 0.0298 -0.3462
vn 0.0158 -0.4105 -0.9117
vn -0.0449 -0.4080 -0.9119
vn -0.0154 -0.1603 -0.9869
vn 0.0399 -0.7059 0.7072
vn -0.0414 -0.7352 0.6766
vn 0.0448 -0.4455 0.8941
vn 0.0626 0.8661 -0.4959
vn -0.0675 0.8585 -0.5084
vn -0.0133 -0.0735 -0.9972
vn -0.1918 -0.9092 0.3697
vn 0.0005 -0.9962 0.0876
vn -0.6342 -0.7255 0.2674
vn -0.0092 -0.1018 -0.9948
vn -0.0142 -0.5614 -0.8274
vn -0.1497 -0.4594 -0.8755
vn -0.1308 -0.6597 -0.7401
vn -0.0131 -0.6590 -0.7520
vn -0.0024 -0.9664 -0.2572
vn 0.0672 -0.8749 -0.4796
vn 0.0895 -0.9958 -0.0167
vn -0.0409 -0.9599 0.2772
vn 0.0915 0.9947 0.0462
vn 0.0009 0.9999 0.0109
vn -0.1016 0.9231 -0.3710
vn 0.0751 0.9005 0.4283
vn 0.3830 0.0196 0.9235
vn -0.0518 0.1819 0.9819
vn -0.0257 0.3351 0.9418
vn -0.0013 -0.8875 -0.4609
vn -0.0446 -0.9690 -0.2431
vn -0.0087 -0.4779 -0.8784
vn -0.0505 0.3620 -0.9308
vn -0.0058 0.9177 -0.3973
vn 0.0466 -0.0015 -0.9989
vn 0.0113 -0.6961 0.7179
vn 0.0303 -0.9785 0.2042
vn -0.0465 -0.9117 0.4083
vn 0.0566 -0.9375 0.3435
vn 0.1841 -0.6993 0.6907
vn 0.1577 0.2177 0.9632
vn -0.0533 0.5328 0.8446
vn 0.0576 0.7604 0.6469
vn 0.0769 0.8502 0.5208
vn -0.0620 0.8113 -0.5813
vn -0.4926 0.1595 -0.8555
vn -0.4678 -0.0853 -0.8797
vn -0.0016 -0.3752 0.9269
vn -0.0451 -0.3225 0.9455
vn -0.6546 0.4083 0.6363
vn -0.4654 0.1455 0.8731
vn -0.8877 -0.0289 -0.4596
vn -0.7643 -0.3874 -0.5155
vn -0.6464 0.6086 0.4602
vn -0.7526 -0.6327 -0.1825
vn -0.6331 0.7730 0.0400
vn -0.6606 -0.7508 -0.0007
vn -0.6433 0.6377 -0.4237
vn -0.7216 -0.6759 0.1499
vn -0.8261 0.3304 -0.4565
vn -0.5020 -0.5611 0.6582
vn -0.6424 0.0845 -0.7617
vn -0.7987 -0.0842 0.5958
vn -0.8477 -0.2251 -0.4804
vn -0.4375 0.3410 0.8320
vn -0.5910 0.5978 0.5415
vn -0.5163 -0.7811 -0.3510
vn -0.8705 0.4585 0.1789
vn -0.7759 0.6308 -0.0091
vn -0.6202 -0.7796 0.0870
vn -0.6655 -0.6115 0.4280
vn -0.7247 0.6201 -0.3005
vn -0.6704 -0.2579 0.6958
vn -0.7564 0.2934 -0.5846
vn -0.9765 0.0808 0.1998
vn -0.9728 0.2307 0.0207
vn -0.9743 -0.0967 -0.2036
vn -0.9644 -0.2398 -0.1117
vn -0.9818 0.1255 -0.1425
vn -0.9747 -0.1487 0.1669
vn 0.1870 -0.4939 0.8492
vn 0.0877 -0.0311 0.9957
vn 0.1465 0.0005 0.9892
vn 0.3767 -0.2518 0.8914
vn 0.3012 0.3821 0.8737
vn -0.1011 0.4226 0.9007
vn 0.1798 0.8321 0.5247
vn 0.3233 0.9060 0.2732
vn -0.1985 0.6043 0.7716
vn 0.0547 0.9913 0.1194
vn 0.1112 0.9911 0.0737
vn -0.0185 0.9207 -0.3897
vn -0.0987 0.9224 -0.3735
vn 0.0409 0.6259 -0.7788
vn 0.0147 0.6451 -0.7640
vn 0.1327 0.3859 -0.9129
vn 0.0425 0.6598 -0.7503
vn 0.0031 0.9003 -0.4353
vn 0.0980 0.0815 -0.9918
vn -0.2762 -0.3008 -0.9128
vn 0.1363 0.1806 -0.9741
vn 0.2594 -0.5039 -0.8239
vn 0.0581 -0.8647 -0.4990
vn 0.0564 -0.8539 -0.5174
vn -0.1346 -0.4999 -0.8556
vn 0.0626 -0.9962 -0.0612
vn 0.0776 -0.9969 -0.0133
vn 0.2628 -0.9168 0.3007
vn -0.0922 -0.9300 0.3557
vn -0.2669 -0.7915 0.5498
vn -0.3253 -0.7948 0.5122
vn -0.1409 -0.9077 0.3952
vn -0.2195 -0.3060 0.9264
vn -0.8945 -0.4376 0.0922
vn -0.7864 0.5413 -0.2978
vn -0.7026 0.5950 0.3903
vn -0.2332 0.1417 0.9620
vn -0.2708 0.8448 0.4614
vn -0.8817 0.0207 0.4713
vn -0.7677 0.3663 -0.5259
vn -0.9848 0.1673 0.0465
vn -0.5377 0.8108 0.2315
vn 0.0116 -0.0706 0.9974
vn -0.7723 -0.4458 -0.4526
vn -0.7750 0.4448 -0.4489
vn -0.9152 0.3050 -0.2633
vn -0.9972 0.0555 0.0501
vn -0.2721 -0.7546 -0.5971
vn -0.8694 0.0744 -0.4884
vn -0.9084 0.3610 0.2107
vn -0.9491 -0.2958 -0.1079
vn -0.3872 0.1211 -0.9140
vn -0.2993 0.9540 -0.0194
vn -0.6830 -0.0346 0.7296
vn -0.0057 0.9931 -0.1168
vn -0.7105 0.6927 -0.1242
vn -0.4545 -0.1508 0.8779
vn -0.7755 -0.2426 0.5828
vn 0.0569 0.9310 -0.3606
vn -0.1424 0.9001 -0.4118
vn -0.8218 -0.3278 -0.4661
vn -0.8123 -0.2743 -0.5147
vn -0.5750 -0.7336 -0.3622
vn -0.6578 -0.5142 -0.5503
vn -0.5970 0.5762 0.5583
vn 0.2991 0.3371 0.8927
vn -0.7141 0.0921 0.6940
vn -0.1148 0.6967 0.7082
vn -0.7758 0.5734 0.2634
vn -0.2808 0.9591 0.0351
vn 0.0226 0.9996 0.0153
vn -0.7369 0.6747 0.0412
vn -0.3559 0.9334 -0.0453
vn -0.7214 0.6527 -0.2314
vn -0.6790 0.6721 -0.2953
vn -0.1408 0.9806 -0.1361
vn -0.6496 -0.0900 0.7550
vn -0.9472 -0.1607 0.2776
vn -0.0810 -0.5047 -0.8595
vn -0.4510 -0.6782 0.5802
vn -0.0420 -0.9595 0.2786
vn 0.0504 -0.1693 0.9843
vn 0.0672 0.1486 0.9866
vn -0.0256 0.7589 0.6507
vn 0.0710 -0.1006 0.9924
vn 0.0059 0.2609 0.9653
vn -0.1342 0.2103 0.9684
vn 0.4455 0.8898 0.0995
vn -0.0745 0.8244 0.5611
vn -0.7260 0.3735 -0.5774
vn -0.9551 -0.2708 -0.1202
vn -0.7517 -0.1485 0.6426
vn 0.1001 0.4282 -0.8981
vn -0.0553 -0.2858 -0.9567
vn -0.8805 -0.0779 -0.4676
vn -0.5055 0.8269 -0.2463
vn -0.0528 0.2959 -0.9538
vn -0.7512 -0.6237 -0.2162
vn -0.6071 -0.7081 0.3606
vn -0.9146 -0.4036 -0.0264
vn -0.1914 -0.9414 0.2777
vn 0.2676 -0.8685 -0.4173
vn -0.9923 -0.0766 -0.0974
vn -0.9828 0.0038 -0.1846
vn -0.1482 0.9316 -0.3320
vn -0.9827 0.0006 -0.1851
vn -0.6254 -0.5563 0.5472
vn -0.5068 0.1744 0.8442
vn -0.8777 0.4790 0.0136
vn -0.5120 -0.8447 0.1559
vn -0.7880 -0.5879 -0.1828
vn -0.5309 0.3049 -0.7907
vn -0.7660 -0.6428 0.0086
vn -0.8934 -0.1627 0.4188
vn -0.5345 -0.3430 0.7725
vn -0.7032 -0.7093 -0.0499
vn -0.9174 -0.1432 -0.3713
vn -0.5476 -0.3372 -0.7658
vn -0.5788 0.7246 -0.3741
vn -0.4504 -0.8269 -0.3368
vn 0.1606 -0.7624 -0.6269
vn -0.3803 -0.7467 0.5457
vn -0.2271 0.6319 0.7410
vn -0.9187 0.3949 -0.0067
vn -0.4302 0.7129 0.5538
vn -0.8022 0.1138 -0.5861
vn -0.7645 -0.2383 -0.5989
vn 0.9915 0.0824 0.1006
vn 0.9522 0.3048 0.0215
vn 0.9524 0.0984 0.2885
vn 0.8657 -0.3327 -0.3740
vn 0.9170 0.0660 -0.3934
vn -0.0238 -0.4505 0.8925
vn -0.0431 -0.9593 0.2790
vn -0.0254 -0.7083 0.7055
vn -0.1773 -0.7376 0.6515
vn -0.0762 -0.0172 -0.9969
vn 0.1235 -0.8617 0.4921
vn 0.6417 -0.7272 0.2439
vn -0.0250 -0.1010 -0.9946
vn 0.1197 -0.4597 -0.8800
vn 0.1051 -0.6598 -0.7440
vn -0.0851 -0.8771 -0.4728
vn -0.0924 -0.9955 -0.0198
vn 0.0491 -0.9610 0.2722
vn 0.0025 0.9993 0.0385
vn -0.0920 0.9951 0.0364
vn 0.0909 0.9229 -0.3742
vn -0.0600 0.9047 0.4218
vn -0.1139 0.3175 0.9414
vn 0.0175 0.2660 0.9638
vn -0.0363 0.3189 0.9471
vn -0.0538 -0.5764 -0.8154
vn -0.0585 -0.1631 -0.9849
vn 0.0071 -0.8329 -0.5533
vn 0.0561 -0.9111 0.4083
vn -0.1843 -0.5723 0.7990
vn -0.0466 -0.9326 0.3579
vn 0.0800 0.5326 0.8426
vn -0.0587 0.8493 0.5247
vn 0.0405 0.8074 -0.5886
vn 0.4600 0.1601 -0.8734
vn 0.4370 -0.0868 -0.8953
vn 0.1117 -0.3014 0.9469
vn -0.0090 -0.3834 0.9235
vn 0.6759 0.4071 0.6143
vn 0.7462 -0.3887 -0.5405
vn 0.8719 -0.0304 -0.4887
vn 0.4942 0.1446 0.8572
vn 0.6623 0.6075 0.4385
vn 0.7450 -0.6341 -0.2072
vn 0.6356 0.7718 0.0190
vn 0.6588 -0.7520 -0.0225
vn 0.6301 0.6366 -0.4448
vn 0.7249 -0.6773 0.1259
vn 0.8113 0.3288 -0.4835
vn 0.5222 -0.5621 0.6413
vn 0.6170 0.0833 -0.7825
vn 0.8178 -0.0857 0.5690
vn 0.8309 -0.2265 -0.5083
vn 0.6097 0.5967 0.5217
vn 0.4655 0.3403 0.8170
vn 0.5031 -0.7820 -0.3679
vn 0.8767 0.4570 0.1501
vn 0.7764 0.6293 -0.0347
vn 0.6212 -0.7808 0.0665
vn 0.6782 -0.6128 0.4056
vn 0.7155 0.6188 -0.3243
vn 0.6926 -0.2591 0.6732
vn 0.7372 0.2920 -0.6093
vn 0.9754 0.2152 0.0480
vn 0.9827 0.0791 0.1674
vn 0.9597 -0.2419 -0.1433
vn 0.9668 -0.1000 -0.2353
vn 0.9764 0.1088 -0.1864
vn 0.9791 -0.1467 0.1408
vn -0.1599 -0.4935 0.8549
vn -0.3471 -0.2536 0.9029
vn -0.1136 0.0003 0.9935
vn -0.0548 -0.0302 0.9980
vn 0.1315 0.4224 0.8968
vn -0.2714 0.3826 0.8832
vn -0.1610 0.8324 0.5302
vn 0.2250 0.6040 0.7646
vn -0.3123 0.9067 0.2835
vn -0.1070 0.9913 0.0773
vn -0.0490 0.9914 0.1211
vn 0.0879 0.9222 -0.3765
vn 0.0072 0.9207 -0.3902
vn -0.0387 0.6451 -0.7631
vn -0.0655 0.6260 -0.7771
vn -0.1621 0.3868 -0.9078
vn -0.1062 0.8810 -0.4610
vn -0.0584 0.6550 -0.7533
vn -0.1306 0.0817 -0.9881
vn -0.1681 0.1809 -0.9690
vn 0.2453 -0.3014 -0.9214
vn -0.2874 -0.5035 -0.8148
vn 0.1053 -0.5001 -0.8595
vn -0.0751 -0.8536 -0.5155
vn -0.0764 -0.8646 -0.4967
vn -0.0800 -0.9967 -0.0106
vn -0.0663 -0.9961 -0.0590
vn 0.1023 -0.9302 0.3525
vn -0.2544 -0.9163 0.3093
vn 0.2835 -0.7920 0.5408
vn 0.8162 0.0002 0.5778
vn -0.2482 0.8207 0.5147
vn 0.9403 -0.3403 0.0068
vn 0.8962 -0.4392 0.0626
vn 0.7770 0.5399 -0.3236
vn 0.7162 0.5937 0.3668
vn 0.2650 0.1413 0.9538
vn 0.8969 0.0192 0.4418
vn 0.2874 0.8443 0.4522
vn 0.7506 0.3652 -0.5507
vn 0.5462 0.8100 0.2137
vn 0.9860 0.1659 0.0141
vn 0.0211 -0.0706 0.9973
vn 0.7562 -0.4472 -0.4777
vn 0.9066 0.3034 -0.2933
vn 0.7606 0.4432 -0.4743
vn 0.9984 0.0536 0.0171
vn 0.8529 0.0729 -0.5169
vn 0.2509 -0.7551 -0.6057
vn 0.9156 0.3592 0.1806
vn 0.3570 0.1202 -0.9263
vn 0.9445 -0.2976 -0.1394
vn 0.3000 0.9535 -0.0295
vn 0.7067 -0.0356 0.7066
vn 0.0037 0.9931 -0.1170
vn 0.7939 -0.2440 0.5569
vn 0.8053 -0.3292 -0.4931
vn 0.6382 -0.5155 -0.5718
vn 0.5614 -0.7346 -0.3810
vn 0.7944 -0.2758 -0.5412
vn 0.6161 0.5751 0.5382
vn -0.2688 0.3376 0.9021
vn 0.7368 0.0907 0.6700
vn 0.7851 0.5720 0.2376
vn 0.1394 0.6964 0.7040
vn 0.2835 0.9586 0.0258
vn 0.7390 0.6734 0.0169
vn -0.0203 0.9997 0.0161
vn 0.7146 0.6514 -0.2551
vn 0.3558 0.9328 -0.0570
vn 0.6701 0.6708 -0.3177
vn 0.1380 0.9804 -0.1406
vn 0.1455 -0.0797 0.9861
vn 0.9555 -0.1624 0.2461
vn 0.4687 -0.6791 0.5650
vn 0.0516 -0.5048 -0.8617
vn -0.0354 -0.2378 0.9707
vn -0.0627 0.1821 0.9813
vn 0.1807 0.0924 0.9792
vn -0.0384 -0.1004 0.9942
vn 0.0164 -0.1006 0.9948
vn 0.0161 0.2798 0.9599
vn 0.0162 0.2466 0.9690
vn -0.5570 0.3625 0.7472
vn 0.7093 -0.6924 0.1324
vn 0.8256 -0.5410 -0.1600
vn -0.4404 0.8905 0.1142
vn 0.9502 -0.2722 -0.1515
vn 0.7072 0.3721 -0.6012
vn 0.0946 0.8242 0.5583
vn 0.7722 -0.1499 0.6174
vn -0.2686 -0.0232 -0.9630
vn 0.0189 0.6641 -0.7474
vn 0.9988 0.0228 -0.0442
vn 0.4984 0.8261 -0.2629
vn 0.7426 -0.6229 -0.2461
vn 0.0381 0.3018 -0.9526
vn 0.9396 -0.3423 0.0063
vn -0.1171 -0.9395 0.3220
vn -0.0121 -0.9939 -0.1096
vn 0.9884 -0.0754 -0.1317
vn 0.1388 0.9313 -0.3368
vn 0.9907 0.1296 -0.0403
vn 0.6488 -0.5406 0.5356
vn -0.3009 -0.8734 -0.3830
vn -0.1217 0.9147 -0.3853
vn 0.1539 0.9056 -0.3952
vn 0.5346 0.1733 0.8272
vn 0.5150 -0.8458 0.1390
vn 0.8788 0.4770 -0.0155
vn 0.7804 -0.5894 -0.2088
vn 0.5049 0.3039 -0.8079
vn 0.7646 -0.6443 -0.0167
vn 0.6999 -0.7105 -0.0730
vn 0.5591 -0.3439 0.7544
vn 0.9064 -0.1643 0.3892
vn 0.9044 -0.1448 -0.4013
vn 0.5214 -0.3382 -0.7834
vn 0.5674 0.7235 -0.3931
vn 0.4375 -0.8276 -0.3516
vn -0.1825 -0.7621 -0.6213
vn 0.3969 -0.7475 0.5326
vn 0.9187 0.3933 -0.0375
vn 0.2530 0.6315 0.7330
vn 0.4497 0.7121 0.5392
vn 0.7439 -0.2396 -0.6239
vn 0.7826 0.1123 -0.6123
vn -0.5422 -0.4955 -0.6786
vn -0.8550 -0.1812 -0.4859
vn 0.7140 -0.2798 -0.6418
vn 0.3929 -0.5143 -0.7623
vn -0.8241 -0.2490 -0.5088
vn -0.8944 -0.3852 -0.2273
vn 0.3643 -0.9228 -0.1256
vn 0.5877 -0.7709 -0.2457
vn -0.6933 -0.7009 -0.1677
vn -0.8712 -0.2500 0.4224
vn -0.6146 -0.7690 0.1759
vn 0.4873 -0.8255 0.2848
vn 0.7248 -0.4584 0.5142
vn -0.4776 -0.5408 0.6924
vn 0.6062 -0.4823 0.6324
vn 0.7140 0.2608 0.6498
vn -0.5584 0.3236 0.7638
vn -0.6093 0.3393 0.7167
vn 0.6207 0.1384 0.7717
vn -0.4299 0.7932 0.4314
vn 0.8261 0.5514 0.1167
vn -0.7008 0.6857 0.1970
vn -0.5811 0.5303 -0.6173
vn 0.6666 0.4526 -0.5923
vn 0.6748 -0.2623 -0.6898
vn -0.5377 -0.1795 -0.8238
vn -0.8264 -0.4098 -0.3861
vn -0.8552 -0.1604 -0.4928
vn -0.5584 0.3103 0.7693
vn -0.5652 0.6107 0.5546
vn 0.4766 -0.8061 0.3509
vn 0.3688 -0.9109 0.1852
vn 0.9503 0.3078 -0.0468
vn -0.6594 -0.3198 -0.6804
vn -0.7184 0.1348 0.6825
vn 0.4773 -0.2916 -0.8290
vn 0.5806 0.8020 -0.1401
vn 0.8628 0.1331 0.4877
vn -0.7394 -0.6286 -0.2411
vn -0.9057 -0.3263 0.2707
vn -0.5531 0.7684 -0.3219
vn 0.6763 -0.6156 0.4045
vn 0.6076 -0.6337 -0.4788
vn 0.7624 0.4229 0.4898
vn -0.7398 -0.6329 -0.2283
vn -0.6055 0.7693 0.2039
vn 0.6092 -0.7262 -0.3187
vn 0.7866 0.5803 0.2109
vn -0.8678 -0.4596 -0.1891
vn -0.5023 0.8024 0.3221
vn 0.6800 -0.1138 -0.7244
vn 0.5983 -0.7202 0.3512
vn 0.6762 -0.5502 0.4900
vn -0.5657 -0.5637 0.6018
vn -0.7775 -0.4168 0.4709
vn 0.8644 -0.3659 0.3448
vn -0.8421 0.5373 0.0462
vn -0.5429 -0.2388 -0.8051
vn -0.7785 -0.1061 0.6186
vn 0.8115 0.2491 0.5286
vn -0.6756 0.3200 0.6642
vn -0.5406 0.1161 0.8332
vn 0.6826 0.1075 0.7228
vn -0.7930 -0.5311 0.2984
vn -0.7086 -0.3516 -0.6118
vn 0.5948 -0.3645 -0.7165
vn 0.7796 -0.1360 -0.6113
vn -0.8864 -0.0477 -0.4605
vn -0.3610 -0.9298 0.0711
vn -0.6105 0.4201 -0.6714
vn 0.4540 0.5011 -0.7367
vn -0.4364 -0.3502 -0.8288
vn 0.6361 0.6563 0.4059
vn 0.5605 0.1108 0.8207
vn 0.9280 -0.0343 -0.3709
vn -0.6136 -0.4675 -0.6363
vn 0.6237 -0.5245 -0.5795
vn 0.4776 -0.8703 -0.1204
vn -0.4048 -0.8839 -0.2344
vn 0.6173 -0.2355 0.7507
vn 0.7167 0.1044 0.6896
vn -0.6842 0.0450 0.7279
vn -0.4650 -0.2252 0.8562
vn 0.5030 -0.0812 0.8605
vn -0.4168 -0.8443 0.3367
vn 0.4408 -0.8951 0.0664
vn 0.5140 -0.3792 0.7694
vn -0.3497 -0.1848 0.9185
vn -0.5797 0.7453 0.3293
vn -0.7963 0.3325 0.5053
vn 0.7498 0.4028 0.5250
vn 0.5719 0.7340 0.3662
vn -0.7009 0.5870 -0.4051
vn -0.9332 0.3187 0.1662
vn 0.5752 0.7300 0.3690
vn 0.5094 0.7590 -0.4055
vn -0.7108 0.6421 -0.2871
vn -0.5830 0.1308 -0.8019
vn -0.6961 0.6572 -0.2888
vn 0.6199 0.7078 -0.3387
vn 0.4890 0.1674 -0.8561
vn -0.5592 0.3383 -0.7569
vn 0.5914 0.3559 -0.7236
vn 0.6671 -0.4224 -0.6136
vn -0.6393 -0.4639 -0.6133
vn -0.2761 -0.6864 -0.6728
vn 0.5113 -0.6137 -0.6016
vn 0.6890 -0.6485 0.3235
vn -0.2633 -0.9426 -0.2054
vn -0.7203 -0.6592 0.2158
vn -0.4317 -0.8978 0.0869
vn 0.5164 -0.8466 0.1286
vn 0.4357 -0.3084 0.8456
vn -0.4078 -0.3897 0.8257
vn 0.7137 0.6592 0.2368
vn 0.7138 0.7004 0.0021
vn 0.7422 -0.6698 -0.0232
vn 0.6932 -0.6241 -0.3606
vn -0.7931 0.4992 0.3489
vn -0.7944 0.3705 0.4812
vn -0.6324 -0.4290 -0.6450
vn -0.6258 -0.7277 -0.2809
vn 0.7909 0.5847 -0.1803
vn 0.6545 -0.6631 0.3632
vn -0.4948 0.7998 -0.3400
vn 0.5201 0.6631 -0.5383
vn 0.5881 0.8007 -0.1138
vn 0.7474 0.0937 0.6577
vn -0.6881 0.7158 0.1184
vn -0.7861 0.4700 -0.4014
vn -0.6503 -0.6024 0.4628
vn -0.5490 -0.0789 0.8321
vn -0.7989 0.5330 -0.2787
vn -0.6067 -0.7579 0.2398
vn 0.5239 0.8061 -0.2752
vn 0.7428 0.4425 0.5024
vn 0.6599 -0.3883 -0.6432
vn -0.7900 0.6116 0.0432
vn -0.5641 -0.8257 -0.0050
vn 0.7743 0.4429 -0.4520
vn -0.8625 0.3833 -0.3303
vn -0.8864 -0.0477 -0.4604
vn 0.7796 -0.1358 -0.6114
vn 0.6826 0.1075 0.7229
vn 0.7742 0.4431 -0.4520
vn 0.5598 0.5617 -0.6092
vn -0.6637 0.5455 -0.5119
vn 0.5066 -0.4964 -0.7049
vn -0.4317 -0.5135 -0.7416
vn -0.7458 -0.2784 -0.6052
vn 0.8293 -0.1827 -0.5281
vn 0.7356 -0.2987 -0.6080
vn -0.3763 -0.9215 -0.0959
vn 0.9371 -0.2808 -0.2076
vn -0.5593 -0.7971 -0.2277
vn 0.7133 -0.6802 -0.1691
vn 0.9065 -0.2933 0.3037
vn -0.6791 -0.4733 0.5612
vn -0.4722 -0.8336 0.2867
vn 0.6267 -0.7710 0.1137
vn 0.5108 -0.5417 0.6676
vn 0.5966 0.3226 0.7348
vn -0.6800 0.2620 0.6848
vn -0.5746 -0.4812 0.6620
vn 0.7177 0.2789 0.6380
vn 0.3400 0.8435 0.4157
vn -0.5689 0.1555 0.8076
vn 0.6738 0.7197 0.1672
vn -0.8573 0.4976 0.1318
vn 0.5132 0.6021 -0.6116
vn 0.4877 -0.1479 -0.8604
vn -0.7074 -0.2383 -0.6654
vn -0.7304 0.4618 -0.5032
vn 0.7926 -0.4068 -0.4542
vn 0.6093 0.5925 0.5270
vn 0.5969 0.3093 0.7403
vn 0.8292 -0.1619 -0.5350
vn -0.5140 -0.7595 0.3987
vn -0.8980 0.4284 -0.1003
vn -0.4380 -0.8923 0.1090
vn 0.7519 0.1335 0.6456
vn 0.6239 -0.3208 -0.7126
vn -0.5284 -0.3489 -0.7740
vn -0.8488 0.0764 0.5232
vn -0.5588 0.3318 0.7600
vn -0.7884 -0.3053 -0.5341
vn 0.7558 -0.5576 -0.3433
vn 0.4531 0.8341 -0.3147
vn 0.9538 -0.2536 0.1612
vn 0.6374 0.7590 0.1328
vn 0.6734 -0.6880 -0.2706
vn -0.7509 0.5941 0.2884
vn -0.6717 -0.6686 -0.3191
vn 0.6668 0.6983 0.2602
vn 0.7695 -0.5713 -0.2855
vn -0.8422 0.4975 0.2080
vn -0.6162 -0.7693 -0.1688
vn -0.5812 -0.7193 0.3807
vn -0.6518 -0.5490 0.5233
vn -0.8434 -0.3702 0.3893
vn 0.7959 -0.4298 0.4264
vn 0.5941 -0.5648 0.5727
vn 0.8830 0.4530 0.1232
vn 0.7039 -0.6124 0.3599
vn 0.6248 -0.4984 -0.6010
vn -0.7835 0.2505 0.5686
vn -0.6453 0.1086 0.7561
vn 0.5819 0.1151 0.8050
vn 0.7086 0.3188 0.6294
vn 0.8061 -0.5325 0.2583
vn 0.6764 -0.3528 -0.6465
vn 0.8621 -0.0493 -0.5043
vn -0.8095 -0.1345 -0.5715
vn -0.6306 -0.3634 -0.6858
vn 0.6975 0.4868 -0.5259
vn 0.5348 -0.4440 -0.7189
vn -0.6774 0.0119 -0.7355
vn -0.5889 0.5713 -0.5716
vn -0.7312 0.5954 0.3329
vn -0.6656 -0.6231 -0.4109
vn -0.5355 -0.6543 0.5339
vn -0.4640 -0.6457 -0.6064
vn -0.5395 0.2896 0.7906
vn -0.4568 -0.7173 0.5262
vn 0.5460 -0.7324 0.4069
vn 0.5682 0.3411 0.7489
vn 0.4144 -0.8307 -0.3718
vn 0.3845 -0.7709 0.5078
vn -0.4881 -0.8185 0.3030
vn -0.4547 -0.6908 -0.5622
vn 0.5969 0.7442 0.2998
vn -0.5515 0.7350 0.3944
vn -0.7218 0.4041 0.5619
vn 0.8213 0.3310 0.4647
vn 0.6806 0.5859 -0.4399
vn -0.5275 0.7600 -0.3797
vn -0.5546 0.7310 0.3975
vn 0.9409 0.3171 0.1192
vn 0.6967 0.6409 -0.3223
vn 0.5423 0.1298 -0.8301
vn -0.5311 0.1684 -0.8304
vn -0.6349 0.7089 -0.3073
vn 0.6820 0.6561 -0.3233
vn 0.5212 0.3372 -0.7840
vn 0.6070 -0.4650 -0.6445
vn -0.6978 -0.4212 -0.5793
vn -0.6263 0.3570 -0.6930
vn 0.2409 -0.6869 -0.6857
vn 0.2509 -0.9431 -0.2184
vn -0.6732 -0.6473 0.3575
vn -0.5419 -0.6127 -0.5753
vn 0.7290 -0.6605 0.1794
vn 0.4341 -0.8985 0.0653
vn 0.4480 -0.3903 0.8043
vn -0.3933 -0.3076 0.8664
vn -0.5109 -0.8457 0.1543
vn -0.6997 0.6605 0.2723
vn -0.7115 -0.6228 -0.3254
vn -0.7437 -0.6684 0.0141
vn -0.7115 0.7017 0.0377
vn 0.8105 0.4978 0.3086
vn 0.6095 -0.7288 -0.3119
vn 0.5985 -0.4302 -0.6758
vn 0.8183 0.3691 0.4407
vn -0.6371 -0.6616 0.3955
vn -0.7974 0.5869 -0.1406
vn 0.4784 0.7990 -0.3643
vn -0.5448 0.6643 -0.5118
vn -0.7134 0.0949 0.6943
vn -0.5917 0.8018 -0.0840
vn 0.6944 0.7147 0.0837
vn 0.5901 -0.0797 0.8034
vn 0.6716 -0.6036 0.4296
vn 0.7659 0.4685 -0.4403
vn 0.6166 -0.7590 0.2091
vn 0.7848 0.5316 -0.3185
vn -0.5355 0.8071 -0.2486
vn -0.6920 -0.3870 -0.6094
vn -0.7159 0.4439 0.5390
vn 0.5617 -0.8267 -0.0333
vn 0.7922 0.6103 0.0035
vn -0.7951 0.4444 -0.4126
vn -0.8095 -0.1344 -0.5716
vn 0.8456 0.3818 -0.3732
vn -0.6452 0.1086 0.7562
vn -0.6517 -0.5490 0.5233
vn 0.5819 0.1151 0.8051
vn 0.8455 0.3818 -0.3732
vn 0.6419 0.5477 -0.5366
vn -0.5888 0.5713 -0.5718
vn -0.7952 0.4445 -0.4124
vn 0.6504 0.5438 0.5303
vn -0.5870 0.5873 0.5573
vn -0.7110 0.0289 0.7026
vn 0.7917 -0.0500 0.6088
vn 0.6276 -0.1156 -0.7699
vn 0.5075 -0.7576 0.4106
vn 0.3788 0.9131 -0.1508
vn -0.3899 0.9186 -0.0643
vn -0.6936 -0.0346 -0.7195
vn 0.6285 -0.2075 -0.7496
vn 0.3236 0.9349 -0.1461
vn -0.4275 0.8972 -0.1110
vn -0.5985 -0.2687 -0.7547
vn 0.7218 -0.0768 -0.6878
vn -0.2070 -0.7487 0.6297
vn -0.2016 -0.9667 0.1580
vn 0.2737 0.9597 0.0643
vn 0.2023 0.9669 -0.1555
vn 0.6678 0.6915 -0.2755
vn 0.0134 -0.1930 -0.9811
vn 0.4539 0.0733 -0.8880
vn -0.0857 -0.9955 -0.0400
vn 0.2219 -0.8558 0.4673
vn -0.2012 -0.9668 0.1575
vn 0.0578 0.9521 -0.3003
vn 0.2012 0.9668 -0.1575
vn 0.2123 0.9696 0.1218
vn 0.3937 0.9035 -0.1695
vn 0.5548 0.8318 -0.0166
vn 0.1744 0.8885 -0.4245
vn 0.1208 0.9923 0.0271
vn 0.3120 0.8675 -0.3874
vn 0.0017 0.9916 -0.1296
vn 0.4577 0.8884 -0.0354
vn -0.6076 0.0779 -0.7904
vn 0.0210 -0.1651 -0.9861
vn 0.0211 -0.1649 -0.9861
vn 0.1483 0.5111 -0.8466
vn 0.0213 -0.1649 -0.9861
vn 0.6706 -0.1768 -0.7204
vn 0.0212 -0.1651 -0.9860
vn -0.1164 -0.7598 -0.6396
vn 0.0211 -0.1652 -0.9860
vn -0.5599 0.4859 0.6711
vn -0.0212 0.1650 0.9861
vn -0.0211 0.1651 0.9861
vn 0.3524 0.6623 0.6612
vn 0.5281 -0.2372 0.8154
vn -0.0211 0.1650 0.9861
vn -0.0210 0.1649 0.9861
vn -0.3844 -0.4134 0.8254
vn -0.0211 0.1651 0.9860
vn -0.1976 -0.9678 0.1560
vn 0.5385 -0.8261 -0.1659
vn 0.6758 0.5972 -0.4320
vn -0.2189 0.8549 -0.4703
vn 0.2743 0.8751 -0.3986
vn -0.3613 0.9138 0.1858
vn 0.5637 0.8013 0.2004
vn 0.1136 0.9890 0.0949
vn -0.1494 0.8118 -0.5645
vn -0.1823 0.9148 0.3604
vn -0.0629 0.9919 -0.1100
vn 0.4808 0.7750 0.4102
vn 0.4924 0.6990 -0.5186
vn 0.4416 0.8950 -0.0628
vn -0.7981 0.0120 0.6025
vn 0.6616 0.6439 0.3842
vn -0.3175 0.4646 0.8266
vn 0.1743 0.4889 -0.8547
vn -0.2457 0.6414 -0.7268
vn 0.5390 0.8421 -0.0202
vn -0.9771 0.2041 -0.0604
vn -0.2006 -0.9669 0.1578
vn -0.8432 -0.5291 -0.0954
vn -0.4790 0.7026 -0.5262
vn 0.0952 0.7709 0.6299
vn -0.8715 -0.2811 -0.4017
vn -0.8210 -0.2501 0.5132
vn -0.6756 0.6289 0.3847
vn -0.6296 0.5780 -0.5192
vn 0.4699 -0.5022 -0.7260
vn -0.4358 0.2351 -0.8688
vn 0.5847 0.4565 -0.6706
vn 0.7171 -0.4615 0.5224
vn 0.6247 -0.6931 -0.3597
vn 0.8412 0.1666 -0.5143
vn 0.8364 0.4158 0.3572
vn -0.5596 -0.6538 -0.5093
vn -0.5861 -0.1748 0.7912
vn 0.2752 -0.4507 0.8492
vn 0.4751 0.4238 0.7711
vn -0.3893 0.6858 0.6149
vn 0.0186 0.5484 -0.8360
vn 0.6684 0.6089 0.4272
vn 0.0726 -0.7716 -0.6320
vn -0.2136 -0.9649 0.1527
vn -0.6684 -0.6088 -0.4273
vn -0.4023 0.6619 -0.6325
vn -0.5716 0.7982 -0.1899
vn 0.3278 0.4570 -0.8269
vn -0.8509 -0.5247 0.0256
vn -0.2016 -0.9667 0.1578
vn -0.8273 0.0778 0.5563
vn 0.0470 0.8485 -0.5271
vn -0.7311 0.2325 -0.6415
vn -0.3365 -0.7909 0.5111
vn 0.7554 -0.4236 -0.4999
vn 0.3204 0.9165 0.2396
vn 0.8029 0.1131 0.5853
vn -0.0309 -0.9742 -0.2238
vn 0.4024 -0.6618 0.6325
vn -0.3279 -0.4569 0.8269
vn -0.7954 -0.4772 0.3737
vn -0.1042 -0.0827 -0.9911
vn -0.0481 -0.1297 -0.9904
vn -0.0454 -0.1308 -0.9904
vn -0.0380 0.3106 0.9498
vn -0.0615 0.2230 0.9729
vn 0.0109 0.1832 0.9830
vn 0.9811 -0.1666 0.0988
vn 0.9817 -0.1667 0.0924
vn 0.9816 -0.1667 0.0932
vn 0.9810 -0.1666 0.0994
vn 0.4846 -0.0785 0.8712
vn -0.3742 0.2489 0.8933
vn -0.9702 0.2423 0.0071
vn -0.7868 0.4146 0.4571
vn -0.9723 0.2278 -0.0530
vn -0.9928 0.1004 -0.0655
vn -0.7714 0.2369 -0.5906
vn -0.0231 -0.1391 -0.9900
vn -0.7131 0.6971 0.0742
vn -0.9432 0.2926 0.1575
vn -0.7705 0.6043 0.2028
vn -0.9608 0.2011 -0.1907
vn 0.3100 -0.9113 -0.2709
vn 0.2917 -0.7180 0.6320
vn -0.6225 -0.5892 0.5151
vn -0.5874 -0.7032 -0.4006
vn 0.6423 0.5581 -0.5253
vn -0.2375 0.7522 -0.6147
vn -0.2562 0.9274 0.2724
vn 0.6181 0.6944 0.3685
vn -0.6489 0.5573 -0.5179
vn -0.7552 -0.4157 -0.5069
vn -0.8632 -0.2560 0.4351
vn 0.6379 -0.6701 -0.3797
vn 0.8629 0.2301 -0.4500
vn 0.6570 -0.5330 0.5332
vn 0.8017 0.3833 0.4586
vn -0.5878 0.6834 0.4330
vn -0.9816 0.1800 -0.0639
vn -0.9813 0.1778 -0.0734
vn -0.8495 -0.5246 0.0568
vn 0.9764 -0.2065 0.0633
vn 0.9760 -0.2050 0.0731
vn 0.5729 -0.8039 0.1598
vn -0.9965 0.0322 -0.0772
vn 0.4146 -0.0536 0.9084
vn 0.7605 -0.0375 0.6483
vn 0.0597 0.1815 0.9816
vn 0.4261 -0.2974 -0.8544
vn -0.9774 0.1380 -0.1603
vn -0.4034 -0.1514 -0.9024
vn 0.9681 -0.2219 -0.1161
vn 0.7900 0.5642 0.2401
vn 0.0725 0.5356 -0.8414
vn -0.5073 0.8311 0.2278
vn 0.8011 0.5980 -0.0245
vn 0.8013 0.5977 -0.0245
vn 0.8012 0.5979 -0.0245
vn 0.8010 0.5981 -0.0245
vn 0.8010 0.5982 -0.0245
vn -0.3484 -0.0054 -0.9373
vn -0.5090 0.4780 -0.7159
vn -0.2683 0.3330 -0.9039
vn -0.7697 -0.6166 0.1656
vn -0.8088 -0.4399 -0.3902
vn -0.5385 -0.7376 -0.4074
vn -0.6169 -0.7713 -0.1567
vn 0.6181 -0.7817 0.0834
vn -0.8120 -0.2332 0.5351
vn -0.6163 -0.0481 0.7860
vn -0.8323 -0.2498 0.4949
vn -0.6469 0.7083 0.2827
vn -0.7617 -0.0101 0.6478
vn -0.5285 0.6431 0.5541
vn -0.8953 0.2038 -0.3961
vn -0.5949 0.7797 -0.1953
vn -0.9294 0.0276 -0.3681
vn -0.9035 -0.2392 -0.3556
vn 0.4713 -0.8810 0.0404
vn 0.4189 -0.6221 -0.6615
vn 0.4130 -0.8657 -0.2827
vn 0.3623 -0.8076 -0.4653
vn -0.0207 0.2685 0.9631
vn 0.2924 -0.3732 0.8805
vn -0.0736 0.1138 0.9908
vn -0.5670 0.7367 -0.3686
vn -0.2750 0.4338 -0.8580
vn 0.1052 -0.5004 -0.8594
vn 0.4934 -0.8498 -0.1855
vn 0.3434 -0.5963 0.7256
vn 0.4376 -0.8908 0.1223
vn -0.3626 0.4456 0.8185
vn -0.4454 0.8589 0.2526
vn -0.5824 0.7675 -0.2677
vn -0.2465 0.2907 -0.9245
vn 0.2794 -0.3994 0.8732
vn -0.1140 0.0078 0.9935
vn -0.2328 0.2723 -0.9336
vn 0.2625 -0.4469 -0.8552
vn -0.3709 0.7992 0.4730
vn -0.5359 0.7784 0.3270
vn 0.5053 -0.8613 0.0534
vn 0.3605 -0.5680 0.7399
vn 0.4752 -0.6449 0.5986
vn 0.5702 -0.8141 0.1104
vn 0.5424 -0.8200 0.1829
vn 0.3123 -0.2715 -0.9104
vn -0.1158 0.4818 0.8686
vn 0.1102 -0.9766 0.1849
vn -0.0167 -0.2387 0.9710
vn -0.2166 -0.4713 0.8550
vn 0.1251 -0.4318 -0.8932
vn 0.5780 -0.7791 -0.2426
vn 0.4868 -0.8299 0.2725
vn 0.4053 -0.7847 0.4690
vn 0.3421 -0.5303 0.7758
vn 0.2631 -0.1310 0.9558
vn -0.9766 -0.1164 -0.1807
vn -0.5438 0.6113 -0.5749
vn -0.6771 0.5923 -0.4367
vn -0.4710 -0.3317 -0.8174
vn 0.0187 -0.1835 0.9828
vn -0.6649 -0.3689 0.6495
vn -0.6844 -0.3714 0.6274
vn -0.0155 -0.1960 0.9805
vn -0.9238 -0.3643 0.1175
vn -0.9073 -0.2335 -0.3496
vn -0.8513 -0.2468 -0.4629
vn -0.6259 -0.1184 -0.7709
vn -0.0065 0.1947 -0.9808
vn 0.6552 0.3893 -0.6475
vn 0.6406 0.3865 -0.6635
vn -0.0403 0.1821 -0.9825
vn 0.9143 0.3980 -0.0749
vn 0.8799 0.3021 0.3668
vn 0.8575 0.2183 0.4658
vn 0.6006 0.0634 0.7970
vn -0.2230 0.9748 0.0074
vn -0.1305 0.9753 0.1784
vn 0.0358 0.9917 0.1237
vn -0.0540 0.9972 -0.0511
vn 0.8727 0.1668 0.4590
vn 0.7468 0.4302 0.5072
vn 0.6663 0.1771 0.7243
vn 0.5935 -0.0174 0.8046
vn 0.5378 0.4486 -0.7138
vn 0.6028 0.4185 -0.6793
vn 0.7095 0.7043 -0.0241
vn 0.9703 0.1902 -0.1492
vn -0.0907 -0.2101 0.9735
vn 0.1229 -0.0347 0.9918
vn -0.7306 -0.3235 0.6013
vn -0.7183 -0.4367 0.5416
vn -0.3016 0.8403 0.4506
vn -0.4328 0.6791 0.5929
vn -0.2012 0.7824 0.5893
vn 0.7925 0.1549 -0.5899
vn 0.6541 0.5650 -0.5029
vn 1.0000 -0.0016 0.0041
vn 0.7872 -0.0091 0.6167
vn 0.6887 0.3533 -0.6332
vn 0.6492 0.5103 -0.5641
vn 0.8411 0.5374 0.0612
vn 0.9398 0.3416 0.0100
vn -0.6003 0.6132 0.5135
vn -0.6343 0.7137 0.2973
vn -0.7584 0.5722 0.3121
vn -0.5650 0.8251 -0.0025
vn -0.5920 0.7885 -0.1669
vn 0.0080 -0.4053 0.9141
vn -0.3017 0.0590 0.9516
vn -0.4396 -0.7807 0.4441
vn -0.5416 -0.7652 0.3481
vn -0.4105 0.9097 -0.0630
vn -0.4397 0.8664 -0.2366
vn 0.8781 -0.4098 -0.2470
vn 0.4456 -0.8924 -0.0717
vn 0.1131 -0.9130 -0.3920
vn 0.4406 -0.8490 -0.2917
vn 0.5271 0.2811 -0.8020
vn 0.8228 -0.0126 -0.5682
vn 0.8712 0.4037 -0.2795
vn 0.9513 0.1248 -0.2818
vn -0.9870 -0.1571 -0.0348
vn -0.9228 0.1049 -0.3706
vn -0.8865 0.2575 -0.3844
vn -0.7410 0.1588 -0.6525
vn 0.6407 -0.7581 -0.1215
vn 0.1914 -0.9760 -0.1043
vn -0.0382 -0.4777 0.8777
vn -0.3506 0.0822 0.9329
vn -0.7003 -0.3836 0.6021
vn -0.6873 -0.4562 0.5652
vn 0.2624 -0.9641 -0.0416
vn -0.1244 0.1932 -0.9732
vn -0.0076 0.1957 -0.9806
vn 0.2721 -0.9473 -0.1693
vn 0.3444 -0.8958 0.2808
vn 0.2598 -0.9418 -0.2134
vn 0.6091 -0.7925 -0.0319
vn 0.3815 -0.9223 -0.0623
vn 0.9774 0.1610 0.1371
vn 0.6867 0.6719 0.2776
vn 0.7401 0.4093 0.5336
vn 0.7821 -0.1001 0.6151
vn -0.9564 -0.2884 -0.0470
vn -0.7434 -0.6688 -0.0071
vn 0.5433 -0.7773 -0.3173
vn 0.5188 -0.7404 -0.4274
vn 0.7011 -0.6223 0.3482
vn 0.6726 -0.7356 -0.0813
vn 0.8336 -0.5484 0.0668
vn 0.4065 -0.8505 0.3339
vn 0.6525 -0.6184 0.4379
vn 0.4761 -0.8735 0.1022
vn 0.2369 -0.9704 0.0465
vn 0.0774 -0.9838 0.1619
vn 0.4062 -0.8325 0.3767
vn -0.3082 -0.9502 -0.0465
vn -0.0389 -0.9801 0.1946
vn 0.2322 -0.7398 -0.6315
vn 0.4097 -0.3831 -0.8279
vn 0.1405 -0.1210 -0.9827
vn -0.0644 0.7029 -0.7084
vn 0.5050 0.4399 0.7426
vn 0.6844 0.6320 0.3636
vn 0.7329 -0.3405 0.5890
vn -0.3881 0.1071 0.9154
vn -0.5805 -0.5481 0.6021
vn -0.6957 -0.0729 0.7146
vn 0.9111 -0.1926 0.3644
vn 0.6525 -0.5003 0.5691
vn 0.5911 0.6849 0.4260
vn 0.9864 0.0674 -0.1500
vn -0.0448 0.3993 -0.9157
vn 0.5771 0.1577 -0.8013
vn 0.4735 0.8805 0.0223
vn -0.7410 -0.5125 0.4340
vn -0.9066 -0.3039 0.2929
vn -0.8910 0.2582 0.3734
vn 0.3385 -0.7161 -0.6104
vn 0.3986 -0.4100 -0.8204
vn 0.4619 -0.4644 -0.7556
vn -0.5850 -0.3070 0.7506
vn -0.8451 0.0239 0.5341
vn -0.8449 0.0271 0.5342
vn 0.7623 -0.6311 0.1437
vn 0.4311 -0.5309 0.7295
vn 0.8349 -0.5502 0.0135
vn 0.6664 -0.6080 -0.4317
vn 0.5936 -0.7706 -0.2318
vn 0.8813 -0.4702 -0.0475
vn 0.6952 0.0622 0.7161
vn -0.3524 -0.0638 -0.9337
vn -0.1301 0.1200 -0.9842
vn 0.1481 0.1343 -0.9798
vn -0.8395 -0.5431 -0.0141
vn -0.5434 -0.2508 -0.8011
vn -0.5735 -0.1400 -0.8071
vn -0.3250 0.3768 -0.8674
vn -0.1093 0.1113 -0.9878
vn -0.7921 -0.5670 -0.2259
vn -0.9896 -0.0447 -0.1366
vn -0.7975 0.0903 -0.5965
vn -0.6214 -0.3726 -0.6892
vn 0.4428 0.0486 0.8953
vn -0.4120 -0.3191 0.8535
vn -0.2170 -0.4565 0.8629
vn -0.6405 -0.3569 0.6800
vn -0.7361 -0.3673 0.5686
vn 0.6740 0.0649 0.7358
vn 0.7024 0.0447 0.7103
vn -0.0220 0.1699 0.9852
vn 0.2122 -0.3985 0.8923
vn -0.9906 -0.0697 0.1177
vn -0.8007 -0.5988 0.0191
vn 0.3803 0.6568 -0.6511
vn 0.0451 0.1186 0.9919
vn 0.0155 -0.2285 0.9734
vn 0.2596 0.1441 -0.9549
vn -0.0355 0.4505 -0.8921
vn -0.7275 -0.6271 -0.2783
vn -0.8805 -0.1424 -0.4521
vn 0.6293 -0.2479 0.7366
vn 0.5893 0.1904 0.7852
vn -0.7589 -0.6015 -0.2496
vn -0.8852 -0.1463 -0.4416
vn -0.6032 -0.1493 -0.7835
vn -0.5058 -0.3302 -0.7970
vn -0.4256 -0.3163 -0.8478
vn -0.6110 0.1727 -0.7725
vn 0.9233 0.0149 0.3837
vn 0.8331 0.5016 0.2330
vn -0.9437 -0.3282 -0.0407
vn -0.7363 -0.6765 0.0141
vn -0.1945 -0.0644 -0.9788
vn -0.4365 0.3657 -0.8220
vn -0.6842 -0.7151 0.1434
vn -0.6914 -0.1026 0.7152
vn -0.5330 -0.6534 0.5375
vn -0.0257 0.7407 -0.6714
vn -0.4356 0.6093 -0.6626
vn 0.5548 -0.2162 -0.8034
vn -0.4138 0.5302 0.7400
vn -0.6988 0.2149 -0.6823
vn 0.8783 -0.2137 -0.4277
vn 0.6732 -0.0778 0.7353
vn 0.7615 0.2226 0.6087
vn 0.1781 0.9183 0.3535
vn -0.4148 0.8901 0.1891
vn -0.4116 0.8949 0.1727
vn -0.4090 0.8969 0.1683
vn -0.4203 0.8881 0.1859
vn -0.4180 0.8948 0.1572
vn -0.4213 0.8965 0.1370
vn -0.4265 0.8944 0.1347
vn -0.4193 0.8930 0.1636
vn -0.4068 0.9035 0.1348
vn -0.4050 0.9053 0.1279
vn -0.3931 0.9025 0.1760
vn -0.3932 0.9025 0.1761
vn -0.4065 0.8880 0.2148
vn -0.4000 0.8897 0.2202
vn -0.4180 0.8839 0.2098
vn -0.4190 0.8807 0.2209
vn -0.7567 -0.6266 0.1863
vn -0.7751 0.5655 -0.2818
vn -0.7122 0.0719 0.6983
vn -0.3908 0.2104 0.8961
vn -0.4691 -0.7347 0.4900
vn 0.4161 -0.5465 0.7268
vn 0.6388 0.2063 -0.7412
vn 0.8052 0.5797 -0.1250
vn -0.5618 0.3600 -0.7448
vn 0.1410 -0.0113 -0.9899
vn -0.1814 0.4395 -0.8797
vn -0.3732 0.0516 0.9263
vn -0.6236 -0.7759 0.0958
vn 0.5306 0.0541 -0.8459
vn 0.4037 -0.4390 0.8027
vn 0.5785 0.3289 0.7464
vn 0.7188 -0.2196 0.6596
vn 0.7572 0.5367 0.3724
vn 0.4364 0.0370 0.8990
vn 0.2974 0.4447 -0.8449
vn 0.4296 0.8713 0.2373
vn 0.9283 0.2890 0.2341
vn 0.9211 -0.2269 -0.3163
vn 0.0807 0.7727 0.6297
vn -0.8334 0.4917 -0.2524
vn -0.6942 0.4996 -0.5182
vn -0.5636 0.4641 -0.6834
vn -0.7056 0.1598 0.6904
vn -0.7022 0.1622 0.6932
vn -0.8118 0.4733 0.3420
vn -0.8930 0.3713 0.2543
vn -0.3275 -0.0948 0.9401
vn -0.3087 0.0594 0.9493
vn 0.2511 -0.3682 0.8952
vn 0.2489 -0.3621 0.8983
vn -0.1008 -0.0547 0.9934
vn -0.2185 -0.1545 0.9635
vn 0.6863 -0.5235 0.5049
vn 0.8661 -0.4705 0.1689
vn 0.8860 -0.4555 0.0867
vn 0.7685 -0.3608 0.5284
vn 0.8603 -0.2945 -0.4162
vn 0.6419 -0.0905 -0.7614
vn -0.1476 0.3161 -0.9372
vn -0.1972 0.3576 -0.9128
vn 0.2620 0.3277 -0.9077
vn 0.4938 0.4287 0.7566
vn -0.9134 0.3656 0.1792
vn -0.4536 -0.2726 0.8485
vn 0.1637 0.9047 -0.3934
vn 0.8864 -0.4203 -0.1938
vn 0.2551 -0.1300 -0.9581
vn 0.2689 0.9543 -0.1303
vn 0.5182 0.6419 0.5652
vn -0.3830 0.9030 0.1945
vn 0.2768 0.5933 -0.7559
vn -0.6412 0.7384 -0.2087
vn 0.4774 0.7595 -0.4419
vn 0.8282 -0.2555 0.4987
vn -0.0594 0.6415 0.7649
vn -0.1145 -0.1603 0.9804
vn 0.8370 0.5128 0.1911
vn 0.5592 0.1652 -0.8124
vn -0.4073 0.4074 -0.8174
vn -0.0124 0.0581 -0.9982
vn 0.2731 -0.0833 -0.9584
vn 0.6684 -0.1423 -0.7300
vn 0.8859 -0.4212 -0.1943
vn 0.8934 -0.4025 0.1997
vn 0.8582 -0.4795 0.1835
vn 0.7035 -0.4891 0.5157
vn 0.6835 -0.6530 0.3262
vn 0.5449 -0.5954 0.5904
vn 0.2465 -0.3703 0.8956
vn -0.2287 -0.3049 0.9245
vn -0.4364 -0.1906 0.8793
vn -0.7089 0.1575 0.6875
vn -0.7949 0.6065 0.0193
vn -0.9369 0.2229 0.2695
vn -0.9662 0.2520 0.0539
vn -0.8183 0.4786 -0.3185
vn -0.9527 -0.2455 -0.1792
vn -0.6115 -0.6023 0.5131
vn -0.8844 -0.3955 0.2479
vn -0.2288 -0.8017 0.5522
vn -0.7065 -0.2338 -0.6680
vn 0.1524 -0.9302 0.3340
vn -0.2111 -0.4195 -0.8829
vn 0.3837 -0.9092 -0.1617
vn 0.2407 -0.6992 -0.6732
vn -0.0000 -0.0000 -1.0000
vn 0.0005 -0.0532 0.9986
vn 0.0004 0.0540 -0.9985
vn 0.0003 0.0788 0.9969
vn -0.0001 -0.0791 -0.9969
vn -0.0552 0.0563 0.9969
vn -0.0551 0.0563 0.9969
vn -0.0551 0.0564 0.9969
vn 0.0553 -0.0565 -0.9969
vn 0.0553 -0.0566 -0.9969
vn 0.0554 -0.0565 -0.9969
vn -0.0790 -0.0059 0.9969
vn -0.0788 -0.0062 0.9969
vn -0.0792 -0.0055 0.9968
vn 0.0789 0.0060 -0.9969
vn -0.1018 0.0704 0.9923
vn 0.1025 -0.0700 -0.9923
vn -0.1069 0.0433 0.9933
vn 0.1069 -0.0432 -0.9933
vn -0.0301 0.0826 0.9961
vn 0.0298 -0.0826 -0.9961
vn 0.0263 0.0700 0.9972
vn -0.0263 -0.0701 -0.9972
vn -0.1452 0.5542 0.8196
vn -0.1453 0.5542 0.8196
vn -0.1453 0.5541 0.8196
vn -0.1454 0.5542 0.8196
vn 0.1453 -0.5542 -0.8196
vn 0.1452 -0.5541 -0.8197
vn 0.1453 -0.5541 -0.8196
vn 0.2549 0.9365 -0.2410
vn 0.7157 0.6984 -0.0116
vn 0.6238 0.7004 -0.3469
vn 0.8331 -0.0559 0.5503
vn 0.4511 -0.4691 0.7592
vn 0.7452 -0.4828 0.4600
vn 0.7372 -0.4866 0.4688
vn -0.3946 -0.5967 0.6987
vn -0.8485 -0.3155 0.4249
vn -0.6508 -0.6769 0.3439
vn -0.6597 -0.6682 0.3440
vn -0.9501 0.3119 -0.0106
vn -0.6136 0.7492 -0.2495
vn -0.8068 0.4169 -0.4186
vn -0.8014 0.4282 -0.4176
vn 0.6525 0.6935 -0.3056
vn -0.5431 -0.3947 0.7411
vn -0.7677 -0.6283 0.1256
vn -0.7594 -0.5121 -0.4013
vn -0.8495 0.5113 -0.1299
vn -0.9512 0.2621 -0.1629
vn -0.6450 0.5252 -0.5551
vn -0.5449 -0.6629 0.5135
vn -0.5575 -0.7244 0.4054
vn 0.7368 -0.2471 0.6294
vn 0.9241 -0.2090 0.3201
vn 0.6203 -0.5311 0.5773
vn 0.5978 -0.6462 0.4745
vn 0.9562 -0.1624 -0.2434
vn 0.5118 0.8460 -0.1496
vn 0.3469 0.8107 -0.4716
vn 0.7423 0.6415 -0.1938
vn 0.8007 0.5279 -0.2833
vn 0.0605 0.5110 -0.8575
vn -0.8062 0.5796 -0.1189
vn -0.7986 0.6008 -0.0375
vn -0.6555 0.2697 -0.7054
vn -0.6135 0.2198 -0.7585
vn 0.5594 0.7498 -0.3532
vn 0.5554 0.7578 -0.3423
vn 0.5911 0.6686 -0.4512
vn 0.5940 0.6589 -0.4615
vn 0.8080 -0.5627 0.1749
vn 0.8072 -0.5456 0.2253
vn 0.7091 -0.3418 0.6167
vn 0.6876 -0.3126 0.6554
vn -0.6529 -0.5527 0.5180
vn -0.5379 -0.8246 0.1755
vn -0.6578 -0.5124 0.5521
vn -0.5166 -0.8461 0.1317
vn -0.8086 0.3750 -0.4534
vn -0.8105 0.4766 -0.3405
vn -0.8114 0.4626 -0.3573
vn -0.8068 0.3599 -0.4685
vn 0.6469 0.6388 -0.4165
vn 0.6473 0.7082 -0.2819
vn 0.6482 0.6993 -0.3014
vn 0.6456 0.6275 -0.4352
vn 0.7662 -0.5148 0.3846
vn 0.7268 -0.4523 0.5168
vn 0.7335 -0.4618 0.4987
vn 0.7704 -0.5229 0.3647
vn -0.5519 -0.7543 0.3557
vn -0.5943 -0.6568 0.4641
vn -0.5890 -0.6719 0.4491
vn -0.5448 -0.7667 0.3396
vn -0.7515 0.4821 -0.4504
vn -0.7629 0.4821 -0.4307
vn -0.7477 0.4820 -0.4567
vn -0.7358 0.4816 -0.4760
vn 0.5675 0.7246 -0.3910
vn 0.5534 0.7400 -0.3823
vn 0.5721 0.7195 -0.3938
vn 0.5859 0.7035 -0.4023
vn 0.7494 -0.4741 0.4621
vn 0.7557 -0.4544 0.4717
vn 0.7473 -0.4805 0.4590
vn 0.7406 -0.4998 0.4492
vn -0.5252 0.4349 -0.7315
vn -0.9252 -0.2065 -0.3183
vn -0.5671 -0.7261 0.3887
vn -0.5582 -0.7219 0.4091
vn -0.5700 -0.7274 0.3821
vn -0.5786 -0.7312 0.3613
vn -0.8083 0.3739 -0.4547
vn -0.8107 0.4779 -0.3383
vn -0.8115 0.4640 -0.3551
vn -0.8065 0.3589 -0.4699
vn 0.6471 0.6372 -0.4186
vn 0.6470 0.7091 -0.2804
vn 0.6480 0.7001 -0.2999
vn 0.6458 0.6259 -0.4373
vn 0.7665 -0.5161 0.3823
vn 0.7265 -0.4513 0.5182
vn 0.7331 -0.4609 0.5001
vn 0.7706 -0.5242 0.3624
vn -0.5515 -0.7552 0.3543
vn -0.5945 -0.6552 0.4662
vn -0.5893 -0.6702 0.4511
vn -0.5445 -0.7676 0.3381
vn 0.6311 0.6894 -0.3556
vn 0.6531 0.2114 -0.7271
vn 0.8427 0.3743 -0.3871
vn 0.6072 0.6938 -0.3871
vn -0.4492 -0.6260 0.6375
vn -0.4512 -0.7562 0.4739
vn -0.5967 -0.6991 0.3939
vn -0.4724 0.0876 0.8770
vn 0.6027 0.7523 -0.2661
vn 0.6703 0.7197 0.1810
vn 0.6289 -0.7268 -0.2761
vn -0.0406 -0.7744 -0.6314
vn 0.3765 -0.6933 -0.6145
vn -0.7652 0.1475 0.6267
vn -0.5163 -0.1483 0.8435
vn -0.7296 0.0532 0.6818
vn -0.8145 0.5692 -0.1126
vn -0.2720 0.9310 -0.2435
vn -0.8670 0.2642 -0.4225
vn 0.7448 -0.5596 0.3635
vn 0.3108 -0.6650 0.6791
vn 0.5808 -0.4982 0.6438
vn -0.6579 0.7529 -0.0159
vn -0.5099 0.8251 0.2435
vn -0.2940 -0.8914 0.3450
vn 0.8912 0.4417 -0.1034
vn 0.6099 0.7103 -0.3514
vn -0.0801 -0.8055 0.5871
vn 0.5385 -0.3350 0.7731
vn 0.6605 0.1878 0.7270
vn -0.6314 0.1897 -0.7519
vn -0.2036 0.3994 -0.8939
vn 0.0233 0.1913 -0.9813
vn -0.1709 -0.2328 -0.9574
vn -0.3103 0.1143 -0.9437
vn 0.2154 -0.2828 -0.9347
vn -0.5624 -0.7425 0.3638
vn -0.3913 -0.6161 0.6835
vn -0.9303 -0.3658 -0.0287
vn 0.7352 0.6760 -0.0500
vn 0.5983 0.6694 -0.4404
vn 0.7630 0.6450 0.0409
vn 0.6000 0.7406 -0.3024
vn 0.0103 0.6250 0.7806
vn 0.7721 -0.4459 0.4527
vn 0.3555 -0.0626 0.9326
vn 0.4762 0.4596 0.7497
vn 0.0918 0.0899 0.9917
vn -0.0760 0.4079 0.9098
vn -0.1903 -0.3610 -0.9130
vn -0.5789 -0.7613 -0.2921
vn -0.5062 -0.6874 0.5208
vn -0.2750 -0.6090 0.7439
vn 0.1795 -0.5485 -0.8167
vn 0.1663 -0.5280 -0.8328
vn 0.1692 -0.5320 -0.8297
vn 0.1822 -0.5546 -0.8120
vn 0.1788 -0.5652 -0.8054
vn 0.1678 -0.5741 -0.8014
vn 0.1593 -0.5888 -0.7924
vn 0.1413 -0.5830 -0.8001
vn 0.1430 -0.5792 -0.8025
vn 0.1224 -0.5723 -0.8109
vn 0.1144 -0.5622 -0.8190
vn 0.1113 -0.5564 -0.8234
vn 0.1187 -0.5374 -0.8349
vn 0.1222 -0.5310 -0.8385
vn 0.1333 -0.5248 -0.8407
vn 0.1478 -0.5246 -0.8384
vn 0.1658 -0.5177 -0.8393
vn 0.4296 0.9030 0.0113
vn 0.4296 0.9029 0.0112
vn 0.4296 0.9029 0.0113
vn 0.4295 0.9030 0.0114
vn 0.9284 0.3381 0.1542
vn 0.9211 -0.2991 -0.2492
vn 0.0809 0.9058 0.4159
vn -0.2255 0.1409 -0.9640
vn -0.0222 0.0488 -0.9986
vn 0.2203 -0.1203 -0.9680
vn -0.7056 0.3278 0.6283
vn -0.7022 0.3308 0.6304
vn -0.8118 0.5439 0.2124
vn -0.8930 0.4232 0.1531
vn -0.3275 0.1439 0.9338
vn -0.3087 0.2955 0.9041
vn 0.2511 -0.1319 0.9589
vn 0.2489 -0.1253 0.9604
vn -0.1007 0.1962 0.9754
vn -0.2185 0.0920 0.9715
vn 0.6863 -0.3802 0.6200
vn 0.8557 -0.3897 -0.3405
vn 0.8826 -0.4237 0.2040
vn 0.6416 -0.2793 -0.7144
vn -0.7900 0.4052 -0.4601
vn -0.5453 0.3310 -0.7701
vn 0.3320 0.5914 -0.7348
vn 0.9955 0.0308 0.0897
vn 0.4938 0.1283 -0.8601
vn 0.8926 0.4169 0.1715
vn 0.1017 0.6552 0.7486
vn -0.6522 0.7487 -0.1186
vn -0.3554 0.3864 0.8511
vn -0.3355 0.9199 -0.2029
vn 0.9573 0.2841 0.0532
vn 0.1154 0.4395 0.8908
vn 0.9147 -0.0876 0.3944
vn 0.1772 0.7516 0.6353
vn -0.3919 0.9017 -0.1824
vn 0.2851 0.3126 -0.9061
vn -0.6757 0.5555 -0.4846
vn 0.4876 0.5345 -0.6904
vn -0.7947 0.3474 -0.4977
vn -0.5308 0.3423 -0.7753
vn -0.2747 0.1098 -0.9552
vn 0.5591 -0.0438 -0.8279
vn 0.1045 -0.1976 -0.9747
vn 0.2933 -0.3308 -0.8970
vn 0.7102 -0.3613 -0.6043
vn 0.8873 -0.4517 0.0931
vn 0.8934 -0.3395 0.2943
vn 0.8582 -0.4181 0.2979
vn 0.7035 -0.3442 0.6218
vn 0.7716 -0.2390 0.5896
vn 0.6868 -0.4902 0.5366
vn 0.5449 -0.4284 0.7209
vn 0.2465 -0.1339 0.9598
vn -0.2288 -0.0632 0.9714
vn -0.4364 0.0359 0.8990
vn -0.7089 0.3248 0.6261
vn -0.9099 0.4122 0.0460
vn -0.8221 0.4662 -0.3269
vn -0.9368 0.2833 0.2051
vn -0.9571 0.2883 -0.0304
vn -0.7204 -0.4016 0.5655
vn -0.9334 -0.2957 0.2035
vn -0.3378 -0.5858 0.7367
vn -0.9282 -0.2928 -0.2297
vn -0.7065 -0.3938 -0.5880
vn 0.1346 -0.8084 0.5730
vn -0.3432 -0.5646 -0.7507
vn 0.0396 -0.7478 -0.6628
vn 0.3807 -0.9196 0.0968
vn 0.3125 -0.8815 -0.3541
vn 0.0658 0.0003 0.9978
vn 0.0657 0.0004 0.9978
vn 0.0655 0.0006 0.9979
vn -0.0657 -0.0004 -0.9978
vn -0.0657 -0.0003 -0.9978
vn -0.0656 -0.0004 -0.9978
vn -0.0003 0.0036 1.0000
vn -0.0002 0.0039 1.0000
vn -0.0002 0.0038 1.0000
vn -0.0001 0.0037 1.0000
vn 0.0002 -0.0038 -1.0000
vn 0.0002 -0.0037 -1.0000
vn 0.0002 -0.0039 -1.0000
vn 0.0002 -0.0040 -1.0000
vn 0.0656 -0.0277 0.9975
vn 0.0657 -0.0277 0.9975
vn 0.0654 -0.0277 0.9975
vn 0.0658 -0.0277 0.9974
vn -0.0657 0.0278 -0.9975
vn -0.0657 0.0279 -0.9974
vn -0.0657 0.0277 -0.9975
vn -0.0656 0.0277 -0.9975
vn -0.0001 -0.0243 0.9997
vn -0.0001 -0.0244 0.9997
vn 0.0001 0.0243 -0.9997
vn 0.0001 0.0244 -0.9997
vn -0.0000 0.0245 -0.9997
vn 0.0019 0.0034 1.0000
vn 0.0019 0.0032 1.0000
vn 0.0019 0.0035 1.0000
vn -0.0019 -0.0035 -1.0000
vn -0.0019 -0.0034 -1.0000
vn -0.0018 -0.0033 -1.0000
vn -0.0044 -0.0610 0.9981
vn -0.0045 -0.0608 0.9981
vn -0.0044 -0.0611 0.9981
vn -0.0044 -0.0613 0.9981
vn 0.0044 0.0610 -0.9981
vn 0.0044 0.0611 -0.9981
vn 0.0044 0.0609 -0.9981
vn 0.0156 -0.0475 0.9988
vn 0.0137 -0.0458 0.9989
vn 0.0201 -0.0450 0.9988
vn 0.0161 -0.0461 0.9988
vn 0.0178 -0.0471 0.9987
vn 0.0178 -0.0453 0.9988
vn 0.0160 -0.0466 0.9988
vn 0.0166 -0.0478 0.9987
vn 0.0148 -0.0465 0.9988
vn 0.0181 -0.0479 0.9987
vn 0.0096 -0.0491 0.9987
vn 0.0219 -0.0433 0.9988
vn 0.0346 -0.0652 0.9973
vn 0.0200 -0.0448 0.9988
vn -0.0172 0.0472 -0.9987
vn -0.0162 0.0468 -0.9988
vn -0.0166 0.0474 -0.9987
vn -0.0140 0.0421 -0.9990
vn -0.0163 0.0442 -0.9989
vn -0.0321 0.0397 -0.9987
vn -0.0156 0.0470 -0.9988
vn -0.0171 0.0474 -0.9987
vn -0.0173 0.0486 -0.9987
vn -0.0235 0.0313 -0.9992
vn -0.0157 0.0492 -0.9987
vn -0.0143 0.0480 -0.9987
vn -0.0149 0.0463 -0.9988
vn 0.0164 -0.0473 0.9987
vn -0.0138 0.0522 -0.9985
vn -0.0175 0.0493 -0.9986
vn 0.0121 -0.0449 0.9989
vn 0.0162 -0.0490 0.9987
vn 0.0212 -0.0447 0.9988
vn 0.0204 -0.0448 0.9988
vn 0.0179 -0.0450 0.9988
vn 0.0241 -0.0420 0.9988
vn 0.0173 -0.0455 0.9988
vn 0.0177 -0.0488 0.9987
vn 0.0285 -0.0552 0.9981
vn 0.0150 -0.0525 0.9985
vn 0.0046 -0.0529 0.9986
vn 0.0139 -0.0448 0.9989
vn 0.0029 -0.0431 0.9991
vn 0.0174 -0.0487 0.9987
vn -0.0171 0.0468 -0.9988
vn -0.0293 0.0529 -0.9982
vn -0.0164 0.0462 -0.9988
vn -0.0179 0.0410 -0.9990
vn -0.0201 0.0376 -0.9991
vn -0.0279 0.0411 -0.9988
vn -0.0149 0.0471 -0.9988
vn -0.0153 0.0467 -0.9988
vn -0.0298 0.0538 -0.9981
vn -0.0092 0.0452 -0.9989
vn -0.0029 0.0224 -0.9997
vn -0.0189 0.0549 -0.9983
vn -0.0159 0.0471 -0.9988
vn -0.0139 0.0373 -0.9992
vn 0.0046 -0.0024 -1.0000
vn -0.0020 0.0377 -0.9993
vn -0.0393 0.0594 -0.9975
vn -0.7344 -0.2604 -0.6268
vn -0.0522 0.2006 -0.9783
vn -0.0475 0.0432 -0.9979
vn 0.4014 0.8518 0.3367
vn -0.0180 0.0482 -0.9987
vn -0.7420 -0.5134 0.4311
vn -0.7509 -0.6115 -0.2495
vn -0.9014 -0.3868 -0.1944
vn 0.9660 0.1110 -0.2333
vn 0.9765 -0.1295 -0.1725
vn 0.9387 0.3348 -0.0820
vn 0.4624 0.8082 0.3648
vn 0.6387 0.7658 -0.0747
vn 0.6829 0.7267 0.0746
vn 0.9939 -0.0275 -0.1067
vn 0.9929 0.0806 -0.0876
vn 0.8574 0.5144 0.0147
vn 0.5366 0.8415 -0.0626
vn 0.5682 0.7476 -0.3438
vn 0.2248 0.6917 0.6863
vn 0.7783 0.1112 0.6180
vn 0.7054 0.2909 -0.6464
vn 0.9117 -0.0221 -0.4103
vn 0.9777 -0.1305 -0.1645
vn -0.9525 0.2231 0.2071
vn -0.9305 0.3661 -0.0122
vn -0.8906 0.4493 0.0709
vn -0.9519 -0.0303 -0.3049
vn 0.9093 -0.2141 0.3568
vn 0.7803 -0.3475 -0.5200
vn 0.9106 -0.3920 0.1307
vn 0.9190 -0.3902 0.0555
vn 0.8046 -0.5364 0.2548
vn -0.8786 -0.2408 0.4123
vn 0.8517 0.5004 0.1554
vn -0.1848 0.9741 -0.1304
vn 0.0749 0.9815 -0.1761
vn -0.2024 0.7565 -0.6219
vn -0.5114 0.8421 0.1712
vn 0.2363 0.9667 0.0987
vn 0.2357 0.9673 0.0940
vn 0.0148 0.9983 0.0558
vn 0.0002 0.9984 0.0557
vn -0.6935 -0.6236 -0.3608
vn 0.1437 -0.9896 0.0019
vn -0.1396 -0.7273 -0.6720
vn 0.0403 -0.7894 0.6125
vn 0.2429 -0.9689 -0.0464
vn 0.3943 -0.8656 0.3087
vn 0.5648 -0.7682 -0.3015
vn 0.6338 -0.7286 0.2598
vn -0.2310 -0.5992 0.7666
vn -0.4778 -0.7570 -0.4456
vn -0.5396 0.7202 0.4361
vn -0.8162 0.5705 0.0914
vn -0.9466 0.3159 0.0637
vn -0.9547 0.2920 0.0578
vn 0.0372 0.9981 0.0494
vn 0.0374 0.9982 0.0472
vn -0.1934 0.9799 0.0488
vn -0.2351 0.9710 0.0442
vn 0.7441 -0.5567 0.3693
vn -0.9865 0.1625 -0.0196
vn -0.9864 0.1630 -0.0230
vn -0.2094 0.9719 0.1073
vn -0.2091 0.9717 0.1099
vn -0.4651 -0.7198 -0.5154
vn -0.9785 0.1869 0.0874
vn -0.9834 0.1605 0.0851
vn 0.6286 -0.7158 0.3041
vn 0.0071 -0.0427 0.9991
vn 0.0149 -0.0474 0.9988
vn -0.0090 -0.0384 0.9992
vn -0.0027 -0.0416 0.9991
vn 0.0179 -0.0447 0.9988
vn 0.0456 -0.1481 0.9879
vn 0.0271 -0.0430 0.9987
vn -0.0193 0.0496 -0.9986
vn -0.0187 0.0497 -0.9986
vn -0.0203 0.0476 -0.9987
vn -0.0216 0.0767 -0.9968
vn -0.0170 0.0627 -0.9979
vn -0.0294 0.0526 -0.9982
vn -0.1521 0.0593 -0.9866
vn 0.0117 -0.0546 -0.9984
vn 0.7438 0.6635 0.0812
vn -0.9859 -0.1666 0.0148
vn -0.9859 -0.1666 0.0159
vn 0.0277 -0.0366 0.9989
vn 0.0035 -0.0017 1.0000
vn -0.0012 0.0011 1.0000
vn 0.0038 -0.0018 1.0000
vn 0.0172 -0.0113 0.9998
vn 0.0134 0.0052 0.9999
vn 0.0364 -0.0054 0.9993
vn 0.0107 -0.0070 0.9999
vn -0.0029 -0.0020 1.0000
vn -0.0007 -0.0002 1.0000
vn -0.0008 -0.0002 1.0000
vn -0.0580 -0.0219 0.9981
vn -0.0472 -0.0130 0.9988
vn -0.0507 -0.0181 0.9985
vn 0.0047 -0.0009 1.0000
vn 0.0046 -0.0009 1.0000
vn 0.0161 0.0022 0.9999
vn 0.0038 0.0016 1.0000
vn 0.0041 0.0020 1.0000
vn 0.0186 0.0031 0.9998
vn -0.0047 0.0014 1.0000
vn -0.0319 0.0332 0.9989
vn -0.0040 0.0098 0.9999
vn 0.0522 -0.0007 0.9986
vn 0.0010 -0.0000 1.0000
vn 0.0008 -0.0001 1.0000
vn -0.0147 -0.0039 0.9999
vn 0.2159 0.1267 0.9682
vn -0.0000 0.0002 1.0000
vn -0.0146 -0.0026 0.9999
vn -0.0052 -0.0028 1.0000
vn -0.0020 -0.0002 1.0000
vn 0.0254 -0.0117 0.9996
vn -0.0060 0.0008 1.0000
vn -0.0161 0.0048 0.9999
vn -0.0471 0.0172 0.9987
vn -0.0017 -0.0002 1.0000
vn -0.0368 0.0391 0.9986
vn 0.0065 -0.0040 1.0000
vn -0.0083 0.0036 1.0000
vn 0.0030 0.0002 -1.0000
vn -0.0166 -0.0080 -0.9998
vn 0.0037 0.0004 -1.0000
vn 0.0024 -0.0011 -1.0000
vn 0.0042 -0.0029 -1.0000
vn -0.0073 0.0086 -0.9999
vn 0.0318 0.0025 -0.9995
vn 0.0408 -0.0113 -0.9991
vn -0.4122 -0.1323 -0.9015
vn 0.0104 -0.0049 -0.9999
vn 0.0100 -0.0034 -0.9999
vn 0.0136 -0.0018 -0.9999
vn 0.0020 0.0017 -1.0000
vn 0.0146 0.0054 -0.9999
vn 0.0110 0.0061 -0.9999
vn 0.0005 0.0017 -1.0000
vn -0.0161 -0.0118 -0.9998
vn -0.0111 -0.0095 -0.9999
vn 0.0051 -0.0003 -1.0000
vn 0.0049 -0.0004 -1.0000
vn 0.0694 -0.0192 -0.9974
vn -0.0135 0.0013 -0.9999
vn -0.0106 -0.0000 -0.9999
vn -0.0049 -0.0016 -1.0000
vn -0.0054 -0.0016 -1.0000
vn -0.0033 -0.0026 -1.0000
vn -0.0030 -0.0023 -1.0000
vn -0.0052 0.0064 -1.0000
vn 0.0256 -0.0059 -0.9997
vn -0.0151 0.0104 -0.9998
vn 0.0065 -0.0365 -0.9993
vn 0.0230 -0.0579 -0.9981
vn 0.0020 -0.0297 -0.9996
vn -0.0455 0.0225 -0.9987
vn -0.0281 -0.0192 -0.9994
vn -0.0621 -0.0156 0.9979
vn -0.0635 -0.0159 0.9979
vn 0.0519 -0.0072 -0.9986
vn -0.0105 0.0271 -0.9996
vn -0.1527 0.0675 -0.9860
vn -0.5130 0.1746 0.8404
vn -0.0089 0.0122 0.9999
vn 0.0620 0.1054 0.9925
vn 0.0513 0.0044 0.9987
vn 0.0090 -0.0044 1.0000
vn -0.0017 0.0017 1.0000
vn 0.0662 0.0076 0.9978
vn 0.0560 -0.0007 0.9984
vn -0.0251 -0.0115 -0.9996
vn -0.0511 0.0145 -0.9986
vn -0.0161 0.0230 -0.9996
vn -0.0276 0.0175 -0.9995
vn 0.0695 -0.0202 -0.9974
vn 0.1436 0.9802 -0.1360
vn 0.1615 0.9767 -0.1412
vn 0.2570 0.9536 -0.1571
vn 0.9954 0.0927 -0.0231
vn 0.9543 0.2989 0.0058
vn 0.9973 -0.0740 0.0031
vn 0.9933 -0.1152 -0.0127
vn 0.9794 0.1984 -0.0378
vn 0.9843 -0.1481 -0.0957
vn 0.3331 0.9426 -0.0231
vn 0.0407 0.9991 -0.0073
vn 0.1651 0.9861 0.0184
vn -0.2640 -0.9643 0.0229
vn -0.5311 -0.8466 0.0359
vn -0.5417 -0.8404 0.0161
vn -0.3214 -0.9469 -0.0052
vn 0.9722 -0.2342 -0.0021
vn 0.9277 -0.3733 -0.0022
vn 0.8814 -0.4724 -0.0037
vn 0.9414 -0.3372 0.0011
vn 0.9821 0.1856 0.0310
vn 0.9805 0.1937 0.0329
vn 0.9590 0.2765 0.0623
vn -0.9412 0.3375 0.0184
vn -0.9676 0.2524 -0.0055
vn -0.8778 0.4791 0.0058
vn -0.9582 0.2862 -0.0049
vn 0.9362 -0.3105 0.1646
vn 0.9416 0.3266 0.0822
vn 0.9846 0.1405 0.1045
vn -0.9974 -0.0696 -0.0196
vn -0.9688 -0.2397 -0.0627
vn -0.9752 -0.2094 -0.0720
vn 0.4130 -0.9107 0.0101
vn 0.1865 -0.9824 -0.0083
vn 0.4546 -0.8907 -0.0062
vn -0.9410 0.3385 0.0013
vn 0.9078 0.4188 -0.0218
vn -0.9939 -0.1100 0.0099
vn -0.9867 -0.1624 -0.0078
vn 0.4779 0.8784 0.0073
vn -0.9139 -0.4059 0.0097
vn -0.9342 0.3565 -0.0137
vn -0.9912 -0.1321 -0.0093
vn -0.9994 -0.0321 0.0164
vn -0.6466 -0.7624 -0.0231
vn -0.2797 0.9600 -0.0126
vn -0.1357 0.9907 0.0130
vn -0.4659 0.8848 -0.0014
vn -0.4940 0.8689 -0.0318
vn -0.4362 0.8996 -0.0214
vn 0.9922 0.1235 0.0146
vn 0.9263 -0.3766 0.0121
vn 0.9993 0.0356 -0.0070
vn 0.5637 -0.8259 0.0068
vn 0.5732 -0.8194 -0.0000
vn 0.1107 -0.9937 0.0169
vn -0.9014 -0.4329 -0.0118
vn -0.8887 -0.4585 0.0017
vn -0.9131 -0.4076 0.0103
vn 0.7716 -0.6342 0.0489
vn 0.8301 -0.5565 -0.0359
vn 0.9261 0.3727 0.0577
vn 0.9481 0.3166 0.0291
vn 0.9980 -0.0581 -0.0246
vn 0.9663 0.0744 -0.2463
vn 0.7804 -0.3944 0.4851
vn 0.9090 0.4169 -0.0018
vn 0.8943 0.4474 -0.0040
vn -0.9717 0.2261 0.0686
vn -0.8721 0.4841 -0.0717
vn -0.9923 0.1241 -0.0005
vn -0.0894 0.5925 -0.8006
vn -0.0353 0.6130 -0.7893
vn -0.2774 0.4880 -0.8276
vn -0.4464 0.3791 -0.8106
vn -0.4361 -0.0358 -0.8992
vn 0.3586 -0.0305 -0.9330
vn -0.9505 -0.3042 -0.0630
vn -0.9276 -0.3608 -0.0970
vn -0.7414 -0.6330 -0.2229
vn -0.9932 -0.1062 0.0477
vn 0.0575 -0.0095 -0.9983
vn -0.9596 0.2674 -0.0879
vn -0.9777 0.2075 -0.0327
vn -0.9995 -0.0022 -0.0309
vn -0.7375 -0.6674 0.1034
vn -0.9702 -0.2381 0.0442
vn 0.5244 0.6854 -0.5052
vn 0.8227 0.5629 -0.0793
vn 0.8819 0.4496 -0.1420
vn 0.5515 0.8338 -0.0239
vn -0.9872 -0.1549 -0.0388
vn -0.0444 -0.9990 -0.0003
vn 0.2888 0.9566 0.0381
vn -0.4108 0.8227 0.3930
vn 0.1753 0.9833 -0.0498
vn 0.1480 0.9881 -0.0412
vn 0.7743 -0.6182 0.1353
vn 0.2975 0.9131 0.2789
vn 0.2748 0.9134 0.3003
vn 0.2411 0.9662 -0.0916
vn 0.2341 0.9677 -0.0937
vn 0.4100 0.9120 0.0129
vn 0.3902 0.9060 0.1641
vn 0.2373 0.7625 -0.6019
vn -0.8371 -0.5386 -0.0958
vn -0.9083 0.4181 0.0107
vn -0.7903 0.6127 0.0022
vn -0.7993 0.6009 -0.0074
vn 0.9349 -0.3545 -0.0177
vn -0.9107 -0.4130 0.0025
vn 0.6171 0.7865 0.0253
vn 0.8953 0.4454 -0.0005
vn 0.9873 -0.1591 -0.0023
vn 0.9658 0.2494 0.0704
vn 0.9964 -0.0375 0.0757
vn 0.9222 -0.3867 -0.0084
vn 0.8442 0.5360 -0.0077
vn -0.9165 -0.4000 -0.0057
vn -0.8893 -0.4532 -0.0607
vn -0.0044 0.8505 0.5260
vn -0.2281 0.8891 0.3968
vn 0.4503 0.7617 -0.4658
vn 0.4532 0.6395 -0.6210
vn 0.4575 0.6365 -0.6209
vn 0.4801 0.7712 -0.4180
vn 0.2678 0.9492 -0.1652
vn -0.8040 -0.5942 0.0216
vn 0.9673 -0.0799 0.2406
vn 0.9880 0.0693 0.1379
vn 0.9280 0.3715 -0.0296
vn -0.4637 -0.2953 -0.8353
vn -0.4395 0.1461 -0.8863
vn -0.3822 0.5267 -0.7592
vn -0.6989 0.1357 -0.7022
vn -0.3557 0.0136 -0.9345
vn 0.7082 -0.1924 -0.6793
vn 0.7804 -0.6246 -0.0300
vn -0.2360 0.5162 0.8233
vn -0.3108 -0.6544 0.6893
vn -0.3955 0.0676 0.9160
vn 0.0154 0.8867 0.4621
vn 0.0002 -0.0005 1.0000
vn -0.0011 0.0006 1.0000
vn -0.0011 -0.0000 1.0000
vn -0.0034 0.0013 1.0000
vn 0.0032 -0.0005 1.0000
vn -0.0026 -0.0014 1.0000
vn -0.0012 0.0002 1.0000
vn -0.0909 0.0224 0.9956
vn 0.0357 -0.0072 0.9993
vn 0.0059 0.0080 1.0000
vn -0.0012 0.0005 1.0000
vn 0.0090 0.0180 0.9998
vn -0.0024 -0.0041 -1.0000
vn -0.0050 -0.0103 -0.9999
vn -0.0232 0.0115 -0.9997
vn 0.0007 -0.0015 -1.0000
vn -0.0154 -0.0060 -0.9999
vn -0.0008 0.0014 -1.0000
vn -0.0008 -0.0014 -1.0000
vn -0.0017 0.0017 -1.0000
vn -0.0002 -0.0002 -1.0000
vn -0.0008 0.0107 -0.9999
vn 0.0108 0.0039 -0.9999
vn 0.0240 0.0857 0.9960
vn 0.0065 0.0300 -0.9995
vn -0.0014 0.0009 -1.0000
vn -0.0030 -0.0009 1.0000
vn 0.0123 0.1203 0.9927
vn 0.0292 -0.0943 0.9951
vn -0.0003 -0.0053 1.0000
vn -0.0042 -0.0043 1.0000
vn -0.0009 -0.0017 1.0000
vn 0.0008 0.0003 1.0000
vn 0.0012 -0.0000 1.0000
vn 0.0276 -0.0025 0.9996
vn -0.0278 0.0426 0.9987
vn 0.0007 -0.0001 1.0000
vn 0.0013 -0.0010 1.0000
vn 0.0010 -0.0005 1.0000
vn -0.0010 -0.0066 1.0000
vn -0.0033 -0.0038 1.0000
vn -0.0111 0.0017 0.9999
vn 0.0025 -0.0045 1.0000
vn 0.0201 -0.0018 -0.9998
vn -0.0069 -0.0072 -1.0000
vn -0.0189 -0.0050 -0.9998
vn 0.0014 -0.0069 -1.0000
vn 0.0012 0.0017 -1.0000
vn 0.0003 -0.0001 -1.0000
vn 0.0007 0.0003 -1.0000
vn -0.0030 0.0016 -1.0000
vn 0.0004 -0.0002 -1.0000
vn 0.0006 0.0001 -1.0000
vn 0.0001 -0.0001 -1.0000
vn 0.0011 -0.0007 -1.0000
vn 0.0191 -0.0453 -0.9988
vn 0.0104 -0.0066 -0.9999
vn 0.0599 0.7271 0.6840
vn 0.0409 0.4288 0.9025
vn -0.0177 0.0156 0.9997
vn -0.7262 -0.2894 -0.6236
vn -0.0529 -0.2747 -0.9601
vn 0.0217 0.0125 -0.9997
vn 0.1202 0.5961 0.7939
vn 0.0869 0.4946 0.8648
vn 0.2152 0.6981 0.6829
vn 0.0722 0.8650 -0.4965
vn 0.2504 -0.0534 -0.9667
vn -0.0239 0.5831 -0.8121
vn -0.0472 0.0238 -0.9986
vn -0.9416 0.3194 0.1069
vn -0.9947 0.0967 0.0354
vn -0.9994 -0.0238 -0.0238
vn -0.4614 -0.6500 -0.6038
vn -0.7465 -0.3205 -0.5831
vn -0.6165 -0.4657 0.6348
vn -0.7256 0.6681 -0.1648
vn -0.7254 0.6678 -0.1667
vn -0.3246 0.9391 -0.1124
vn 0.9417 0.3345 0.0372
vn 0.9369 0.3483 0.0310
vn 0.9804 0.1971 0.0069
vn 0.9710 0.2391 0.0009
vn 0.9035 0.4282 0.0202
vn 0.9037 0.4279 0.0168
vn 0.8989 0.4315 0.0760
vn 0.8985 0.4317 0.0796
vn 0.6783 0.7028 0.2145
vn 0.1882 0.9730 -0.1336
vn 0.1713 0.9846 -0.0358
vn 0.1985 0.9800 -0.0169
vn 0.1972 0.9803 -0.0072
vn 0.6852 0.7284 -0.0058
vn 0.8842 -0.0354 0.4657
vn 0.9721 -0.1761 -0.1551
vn 0.9492 -0.1967 -0.2456
vn 0.8396 0.1994 -0.5052
vn -0.4322 0.8913 -0.1372
vn 0.3054 0.9521 -0.0173
vn -0.7808 0.3521 0.5161
vn -0.7378 0.0900 -0.6690
vn -0.7139 0.3720 0.5933
vn -0.7052 -0.0879 0.7036
vn 0.8579 0.5101 -0.0613
vn 0.8414 0.3183 0.4368
vn -0.0340 0.9866 0.1596
vn 0.0845 0.9957 0.0388
vn -0.1475 0.3197 0.9360
vn 0.0523 -0.7057 0.7066
vn 0.2499 -0.6254 -0.7392
vn -0.0382 -0.9490 -0.3131
vn 0.4697 -0.7229 0.5066
vn 0.6614 -0.5418 -0.5187
vn -0.2604 -0.9367 0.2339
vn -0.3325 -0.8870 0.3204
vn -0.9865 -0.1636 0.0011
vn -0.9865 -0.1638 0.0046
vn -0.6235 0.7802 -0.0496
vn -0.6581 0.7513 -0.0494
vn -0.3170 0.9481 0.0230
vn -0.3172 0.9480 0.0252
vn -0.0933 0.9948 0.0415
vn -0.0243 0.9983 0.0538
vn 0.8238 -0.5552 0.1147
vn 0.8207 -0.5497 0.1554
vn 0.6774 0.7007 0.2241
vn -0.4884 -0.8592 0.1526
vn -0.4805 -0.8529 0.2042
vn -0.8511 0.5248 -0.0124
vn -0.8511 0.5249 -0.0135
vn -0.8519 0.5234 0.0143
vn -0.8520 0.5234 0.0154
vn -0.0268 -0.0025 0.9996
vn -0.0270 -0.1301 0.9911
vn -0.0303 0.0165 0.9994
vn 0.0108 0.0035 0.9999
vn 0.0017 -0.0208 0.9998
vn 0.0497 0.0302 -0.9983
vn 0.1421 0.3511 -0.9255
vn -0.0043 -0.0217 -0.9998
vn 0.0872 -0.0145 -0.9961
vn 0.0015 -0.0146 -0.9999
vn 0.0131 0.0007 -0.9999
vn 0.0177 0.0054 -0.9998
vn 0.2095 0.9719 0.1076
vn 0.0959 0.5971 0.7964
vn -0.0351 0.2296 -0.9727
vn -0.0380 0.1714 -0.9845
vn -0.1385 0.0813 -0.9870
vn 0.0009 0.2543 -0.9671
vn -0.0218 0.2836 -0.9587
vn 0.1379 0.4491 -0.8828
vn 0.6732 0.5099 -0.5355
vn 0.5581 0.7852 -0.2683
vn -0.1155 0.9805 -0.1592
vn -0.2059 0.9755 -0.0772
vn -0.0624 0.2551 0.9649
vn -0.0785 0.0442 0.9959
vn -0.0373 -0.2842 0.9580
vn -0.1375 0.8843 0.4462
vn -0.1603 0.7589 0.6312
vn -0.1030 0.7054 0.7013
vn -0.0765 0.6293 0.7734
vn 0.0245 0.5680 0.8227
vn -0.0151 0.3528 0.9356
vn -0.0582 0.6184 0.7837
vn 0.1217 0.8435 0.5232
vn 0.1116 0.8842 0.4536
vn 0.0301 0.7877 0.6153
vn -0.0473 0.9561 0.2892
vn -0.0473 0.2363 0.9705
vn -0.0730 0.7256 0.6842
vn -0.1430 0.6863 0.7131
vn 0.1599 0.7735 0.6132
vn 0.0853 0.6815 0.7268
vn 0.0632 0.6819 0.7287
vn 0.0906 0.7805 0.6186
vn 0.0132 0.6159 0.7877
vn -0.0632 0.8218 0.5662
vn -0.0075 0.5658 0.8245
vn -0.0365 0.5698 0.8210
vn -0.0543 0.2392 0.9695
vn 0.0773 0.3588 0.9302
vn -0.0235 0.4614 0.8869
vn 0.0307 0.2616 0.9647
vn -0.1070 0.2957 0.9493
vn 0.0323 0.5744 0.8180
vn 0.0120 0.1845 0.9828
vn 0.0052 0.4744 0.8803
vn 0.0218 -0.0230 0.9995
vn -0.0176 0.1377 0.9903
vn -0.1282 0.1237 0.9840
vn -0.2455 0.3602 0.9000
vn -0.0227 0.0704 0.9973
vn -0.0042 0.1013 0.9948
vn -0.0132 0.1633 0.9865
vn 0.0378 0.1053 0.9937
vn 0.2121 0.9005 -0.3796
vn 0.2013 0.9131 -0.3547
vn 0.1178 0.9426 0.3124
vn 0.2098 0.9698 -0.1241
vn 0.0989 0.3406 0.9350
vn -0.0352 0.8610 0.5074
vn -0.0193 0.9081 0.4182
vn -0.0351 0.9647 -0.2609
vn -0.0786 0.9864 -0.1445
vn -0.0351 0.9368 -0.3480
vn -0.2170 0.9289 -0.3001
vn 0.1430 0.7278 -0.6708
vn 0.1306 0.7634 -0.6326
vn 0.1275 0.7789 -0.6140
vn -0.0247 0.3450 -0.9383
vn -0.0088 0.6702 -0.7421
vn 0.0220 0.5535 -0.8325
vn 0.0094 0.7059 -0.7082
vn 0.1622 0.8117 -0.5611
vn -0.0372 0.6651 -0.7458
vn -0.1224 0.9166 -0.3806
vn 0.1030 0.3319 -0.9377
vn 0.0175 0.4775 -0.8785
vn 0.0079 0.5117 -0.8591
vn 0.1958 0.3605 -0.9119
vn -0.0195 0.5214 -0.8531
vn 0.0552 0.5268 -0.8482
vn 0.0193 0.5969 -0.8021
vn 0.0173 0.5931 -0.8049
vn -0.0452 0.4095 -0.9112
vn -0.0182 0.3779 -0.9257
vn -0.0032 0.3598 -0.9330
vn -0.0446 0.5214 -0.8521
vn -0.0339 0.5119 -0.8584
vn 0.0151 0.5330 -0.8460
vn -0.0105 0.1838 -0.9829
vn -0.0440 0.0594 -0.9973
vn -0.0162 0.0702 -0.9974
vn -0.0196 0.2809 -0.9595
vn -0.0201 0.2722 -0.9620
vn -0.0211 0.0888 -0.9958
vn 0.0298 0.0349 -0.9989
vn 0.0128 0.0704 -0.9974
vn 0.0203 0.2015 -0.9793
vn 0.0174 0.0579 -0.9982
vn -0.1237 0.1539 -0.9803
vn -0.0728 0.0310 -0.9969
vn 0.0151 -0.0256 -0.9996
vn -0.0368 -0.0738 -0.9966
vn 0.0198 0.0048 -0.9998
vn -0.0131 -0.0150 -0.9998
vn -0.0180 -0.0295 -0.9994
vn -0.0293 0.0191 -0.9994
vn -0.0046 -0.0496 -0.9988
vn 0.0099 -0.0273 -0.9996
vn -0.0186 -0.1166 -0.9930
vn -0.0600 -0.0087 -0.9982
vn -0.0436 -0.0073 -0.9990
vn -0.0692 -0.0121 -0.9975
vn -0.0776 -0.0217 -0.9968
vn 0.0158 -0.0169 -0.9997
vn 0.0125 -0.0067 -0.9999
vn 0.0226 0.9754 0.2192
vn -0.0644 0.9662 0.2497
vn 0.1576 0.7441 0.6492
vn 0.0830 0.9708 0.2249
vn 0.1843 0.9201 0.3457
vn -0.0527 0.9721 0.2287
vn 0.2341 0.9694 -0.0740
vn 0.1149 0.9486 0.2950
vn 0.1950 0.9488 0.2485
vn -0.0113 0.9647 0.2630
vn 0.0119 0.9544 0.2983
vn -0.2811 0.9390 0.1980
vn -0.2137 0.8226 0.5269
vn 0.0953 0.5748 0.8128
vn 0.0644 0.5106 0.8574
vn -0.0858 0.6597 0.7467
vn -0.0257 0.6660 0.7455
vn -0.0391 0.6075 0.7934
vn -0.0344 0.7499 0.6606
vn 0.0878 0.6500 0.7548
vn 0.0384 0.7304 0.6820
vn -0.0008 0.6167 0.7872
vn -0.0533 0.6561 0.7528
vn 0.1112 0.7416 0.6616
vn 0.0532 0.6775 0.7336
vn -0.0336 0.6107 0.7911
vn 0.1704 0.8728 0.4573
vn 0.1828 0.6585 0.7300
vn 0.1241 0.1712 -0.9774
vn -0.0681 0.2695 0.9606
vn 0.1599 0.7606 0.6292
vn 0.1139 0.7716 0.6258
vn 0.0221 -0.0994 -0.9948
vn -0.0330 0.3484 -0.9368
vn -0.1557 0.7462 0.6473
vn -0.1750 0.7673 0.6170
vn -0.1787 0.4988 0.8481
vn -0.3209 -0.2562 0.9118
vn 0.0464 0.7317 0.6801
vn 0.0017 0.4888 0.8724
vn -0.1070 0.9611 0.2547
vn -0.1577 0.9672 0.1989
vn -0.0121 0.8914 0.4530
vn -0.3020 0.9462 0.1162
vn 0.0137 0.0167 -0.9998
vn 0.0142 0.0096 -0.9999
vn -0.0069 -0.0022 -1.0000
vn -0.0137 -0.0028 -0.9999
vn 0.0404 0.0794 -0.9960
vn 0.0080 0.1730 -0.9849
vn 0.0207 0.0955 -0.9952
vn 0.0088 0.1041 -0.9945
vn -0.0940 0.9685 0.2307
vn 0.0058 0.8650 0.5017
vn -0.0971 0.9590 -0.2661
vn -0.2015 0.9766 -0.0759
vn 0.0036 0.2978 -0.9546
vn 0.2682 0.7068 -0.6546
vn 0.0280 0.4368 -0.8991
vn -0.2025 0.5719 0.7949
vn -0.0965 -0.0018 -0.9953
vn 0.2832 0.4299 -0.8573
vn 0.1720 0.5230 -0.8348
vn 0.0023 0.5526 -0.8334
vn -0.0317 0.6060 -0.7948
vn 0.1384 0.7494 -0.6475
vn 0.1055 0.7418 -0.6623
vn 0.0436 0.9059 -0.4212
vn 0.0620 0.9198 -0.3876
vn -0.1929 0.5468 0.8148
vn -0.1908 0.5412 0.8190
vn -0.1946 0.5519 0.8109
vn -0.1825 0.5339 0.8256
vn 0.0673 -0.1526 0.9860
vn 0.1406 -0.0171 0.9899
vn 0.0911 -0.0233 0.9956
vn 0.1520 -0.0312 0.9879
vn -0.4256 -0.8466 0.3194
vn 0.1604 -0.9863 0.0388
vn -0.2864 -0.9472 0.1439
vn 0.3325 -0.9430 -0.0111
vn 0.0726 -0.2579 -0.9634
vn 0.0883 -0.2477 -0.9648
vn 0.0748 -0.2603 -0.9626
vn 0.0511 -0.2328 -0.9712
vn 0.1208 -0.8749 -0.4690
vn 0.1019 -0.7227 -0.6836
vn 0.1462 -0.7612 -0.6318
vn -0.1137 -0.9684 -0.2219
vn -0.1278 -0.8115 -0.5702
vn -0.0767 -0.8008 -0.5940
vn -0.1206 -0.8907 -0.4383
vn 0.0330 -0.9345 -0.3546
vn 0.1271 -0.9652 -0.2286
vn 0.0787 -0.9900 -0.1170
vn -0.2365 -0.7543 -0.6124
vn -0.0582 -0.6566 -0.7520
vn -0.0540 -0.6976 -0.7145
vn 0.1183 -0.3791 -0.9178
vn 0.0238 -0.3979 -0.9171
vn 0.0163 -0.2233 -0.9746
vn -0.1596 -0.6578 -0.7361
vn 0.0875 -0.2693 -0.9591
vn 0.0194 -0.5804 -0.8141
vn -0.0298 -0.2668 -0.9633
vn -0.0087 -0.4884 -0.8726
vn -0.0397 -0.0662 -0.9970
vn 0.2003 -0.4013 -0.8938
vn 0.1459 -0.1782 -0.9731
vn -0.0186 0.0124 -0.9997
vn 0.0048 -0.1813 -0.9834
vn -0.0343 -0.0955 -0.9948
vn 0.0474 -0.2875 -0.9566
vn -0.1091 -0.9504 0.2911
vn -0.2304 -0.9731 0.0083
vn -0.2109 -0.9713 -0.1100
vn -0.1829 -0.9677 -0.1734
vn -0.0854 -0.9045 0.4178
vn -0.1777 -0.9085 0.3782
vn -0.0177 -0.9780 0.2079
vn 0.0472 -0.9829 0.1781
vn 0.0190 -0.9526 0.3036
vn 0.0917 -0.9937 -0.0638
vn 0.0945 -0.9950 0.0328
vn 0.2514 -0.9617 -0.1090
vn 0.0957 -0.7362 0.6700
vn 0.0557 -0.4479 0.8923
vn -0.0225 -0.6077 0.7939
vn -0.0285 -0.3957 0.9179
vn -0.0074 -0.7062 0.7079
vn -0.1758 -0.8006 0.5728
vn -0.0043 -0.8715 0.4904
vn 0.0004 -0.7059 0.7084
vn 0.0209 -0.9136 0.4062
vn 0.0242 -0.7204 0.6931
vn -0.0081 -0.7046 0.7095
vn -0.0256 -0.7726 0.6343
vn 0.0533 -0.6896 0.7222
vn 0.0312 -0.7065 0.7070
vn -0.1423 -0.8447 0.5159
vn -0.1147 -0.7748 0.6217
vn -0.0237 -0.6211 0.7834
vn 0.0630 -0.5592 0.8267
vn 0.0908 -0.6094 0.7877
vn -0.1445 -0.2912 0.9457
vn -0.0838 -0.5577 0.8258
vn -0.0179 -0.6060 0.7952
vn -0.0431 -0.5591 0.8280
vn -0.2032 -0.4065 0.8907
vn -0.0305 -0.6038 0.7965
vn -0.0200 -0.6743 0.7382
vn 0.0006 -0.6609 0.7505
vn 0.0367 -0.5011 0.8646
vn 0.1422 -0.3678 0.9190
vn 0.0115 -0.3622 0.9320
vn 0.0310 -0.5168 0.8555
vn 0.0469 -0.5197 0.8531
vn -0.0304 -0.5222 0.8523
vn 0.0450 -0.0924 0.9947
vn -0.0080 -0.0476 0.9988
vn 0.0188 -0.0442 0.9988
vn -0.0030 -0.2396 0.9709
vn 0.0175 -0.0322 0.9993
vn 0.0164 -0.0259 0.9995
vn 0.0204 -0.0188 0.9996
vn 0.0058 -0.0251 0.9997
vn 0.0056 -0.0995 0.9950
vn 0.0150 -0.5293 0.8483
vn 0.0253 -0.1863 0.9822
vn -0.0272 -0.1022 0.9944
vn -0.0312 -0.3164 0.9481
vn 0.0149 -0.0649 0.9978
vn -0.0338 -0.0329 0.9989
vn 0.0308 0.0282 0.9991
vn 0.0208 -0.0451 0.9988
vn 0.0230 -0.0072 0.9997
vn -0.0283 0.0369 0.9989
vn -0.0049 0.0294 0.9996
vn 0.0941 0.0012 0.9956
vn 0.0961 -0.0030 0.9954
vn 0.0957 -0.0041 0.9954
vn 0.0981 -0.0036 0.9952
vn -0.0052 -0.0480 0.9988
vn -0.0408 -0.0826 0.9957
vn 0.0354 0.0344 0.9988
vn 0.0057 0.0327 0.9994
vn -0.0993 -0.8155 -0.5702
vn 0.0707 -0.9233 -0.3775
vn -0.1651 -0.9195 -0.3566
vn -0.0340 -0.9786 -0.2027
vn 0.1033 -0.9659 -0.2375
vn -0.1293 -0.9827 0.1328
vn -0.1643 -0.9745 -0.1530
vn 0.1950 -0.8056 -0.5595
vn 0.2510 -0.9289 -0.2722
vn -0.0228 -0.4924 -0.8701
vn 0.0770 -0.6908 -0.7189
vn 0.0489 -0.6804 -0.7312
vn 0.1045 -0.7059 -0.7006
vn 0.0369 -0.6741 -0.7377
vn -0.0814 -0.8242 -0.5605
vn 0.0062 -0.6207 -0.7841
vn 0.0538 -0.6356 -0.7701
vn -0.0440 -0.5803 -0.8132
vn -0.1172 -0.7412 -0.6609
vn -0.0632 -0.6772 -0.7330
vn -0.1916 -0.8674 -0.4593
vn -0.1978 -0.6565 -0.7279
vn -0.0172 -0.3542 0.9350
vn -0.1394 -0.9554 0.2603
vn -0.1381 -0.7651 -0.6289
vn -0.1195 -0.7719 -0.6244
vn 0.0921 -0.9677 -0.2345
vn 0.0686 -0.9265 -0.3700
vn 0.0711 -0.1929 0.9786
vn 0.1006 -0.7663 -0.6345
vn 0.2121 -0.7591 -0.6155
vn 0.2075 -0.4485 -0.8694
vn 0.1564 -0.5134 -0.8438
vn 0.0660 -0.2943 -0.9534
vn 0.0885 -0.3457 -0.9342
vn 0.0200 -0.2497 -0.9681
vn -0.0003 -0.0849 -0.9964
vn -0.2417 -0.7856 -0.5695
vn -0.0037 -0.4457 -0.8952
vn 0.1694 -0.9073 -0.3849
vn -0.0585 -0.0454 0.9973
vn -0.0376 -0.0285 0.9989
vn -0.0470 -0.0337 0.9983
vn -0.0618 -0.0439 0.9971
vn -0.0016 -0.0462 0.9989
vn -0.0558 -0.0330 0.9979
vn 0.1289 -0.0951 0.9871
vn 0.2248 -0.1653 0.9603
vn 0.0088 -0.1658 -0.9861
vn -0.0457 -0.8980 -0.4377
vn 0.2458 -0.9650 0.0916
vn 0.2407 -0.9700 -0.0354
vn -0.2014 -0.5442 0.8144
vn -0.0374 -0.3012 0.9528
vn 0.0622 -0.2842 0.9568
vn -0.2461 -0.2797 0.9280
vn 0.0620 -0.4420 -0.8949
vn 0.0704 -0.0013 0.9975
vn 0.0466 -0.0284 0.9985
vn -0.0848 -0.4957 0.8644
vn 0.1140 -0.7387 0.6644
vn 0.0264 -0.8717 0.4894
vn 0.0061 -0.4607 0.8875
vn -0.1733 -0.1334 -0.9758
vn -0.1733 -0.1428 -0.9745
vn -0.1636 -0.1445 -0.9759
vn -0.0181 -0.2373 0.9713
vn 0.0330 -0.0092 0.9994
vn -0.0843 -0.1452 0.9858
vn 0.0812 0.2844 0.9553
vn 0.0630 0.2992 0.9521
vn 0.0529 0.2583 0.9646
vn -0.1142 -0.0743 -0.9907
vn -0.0172 0.0737 -0.9971
vn 0.0829 -0.7092 -0.7001
vn 0.5542 0.1759 0.8136
vn 0.6994 0.0882 0.7092
vn 0.7090 0.1294 0.6932
vn 0.7237 0.1905 0.6633
vn -0.0793 0.1700 -0.9822
vn 0.0327 -0.1211 -0.9921
vn 0.1940 -0.3320 -0.9231
vn 0.0243 -0.1792 -0.9835
vn 0.2101 -0.3296 -0.9205
vn 0.9163 0.3771 0.1348
vn 0.9207 0.3653 0.1375
vn 0.5344 0.5700 0.6242
vn -0.9601 -0.2767 -0.0398
vn 0.4476 0.5258 0.7233
vn 0.9437 0.3271 -0.0497
vn 0.9137 0.4063 0.0009
vn 0.9242 0.3795 -0.0428
vn 0.2512 -0.8569 -0.4501
vn 0.2172 -0.7110 -0.6688
vn 0.2030 -0.7152 -0.6688
vn -0.0929 -0.1854 -0.9783
vn -0.0791 0.5488 0.8322
vn 0.0538 -0.2323 0.9712
vn 0.0847 -0.1712 0.9816
vn -0.1241 0.5899 0.7979
vn 0.1513 -0.9810 -0.1217
vn -0.1529 -0.1299 -0.9797
vn 0.0287 -0.9899 0.1392
vn 0.1512 -0.2495 0.9565
vn 0.0357 0.0908 -0.9952
vn 0.1480 0.0762 -0.9860
vn 0.0989 0.0796 -0.9919
vn 0.5289 -0.4524 -0.7181
vn 0.5258 -0.4532 -0.7198
vn 0.4542 -0.6336 -0.6263
vn 0.1663 0.2174 0.9618
vn 0.4678 -0.7023 -0.5366
vn 0.8778 -0.4250 0.2209
vn 0.8458 -0.2827 0.4525
vn 0.8105 -0.5849 -0.0323
vn -0.0860 0.0070 0.9963
vn -0.2937 0.0052 0.9559
vn -0.0882 -0.1972 0.9764
vn 0.1512 -0.9714 0.1830
vn -0.0315 -0.9222 -0.3854
vn 0.1215 -0.9892 0.0820
vn -0.0518 -0.8757 0.4800
vn 0.1773 -0.5598 0.8094
vn 0.0706 -0.5714 0.8176
vn -0.0425 -0.8870 0.4598
vn 0.0174 -0.9728 0.2311
vn -0.6343 -0.6132 -0.4709
vn -0.3125 -0.9294 0.1963
vn 0.2649 -0.9631 0.0477
vn -0.5785 -0.7460 0.3298
vn -0.3808 -0.8732 -0.3042
vn -0.5883 -0.6796 0.4382
vn 0.5833 -0.4345 0.6863
vn -0.1498 -0.9750 0.1640
vn -0.2553 -0.9370 -0.2386
vn -0.9098 -0.3934 -0.1326
vn -0.7491 -0.3131 -0.5838
vn -0.9335 -0.3341 -0.1301
vn 0.8447 0.2813 0.4554
vn 0.9846 0.0816 -0.1547
vn 0.9896 0.0875 -0.1143
vn 0.8591 0.2595 0.4411
vn 0.9893 -0.0575 -0.1343
vn 0.9899 -0.0540 -0.1309
vn 0.9850 0.0908 0.1470
vn 0.9955 0.0249 -0.0914
vn 0.9944 0.0243 -0.1032
vn -0.9731 -0.1546 -0.1710
vn -0.9925 0.1142 -0.0427
vn -0.9292 -0.0558 0.3653
vn -0.9890 0.1124 0.0962
vn 0.2817 -0.9587 0.0390
vn -0.0304 -0.9355 0.3521
vn 0.3466 -0.8949 -0.2809
vn -0.3258 -0.9450 0.0285
vn -0.2996 -0.9537 0.0259
vn -0.1666 -0.8981 -0.4070
vn -0.2384 -0.8905 -0.3875
vn -0.7400 -0.0886 -0.6668
vn -0.9178 -0.0825 -0.3884
vn -0.7534 -0.2777 -0.5960
vn 0.1968 -0.9797 0.0374
vn 0.1102 -0.9939 0.0017
vn 0.1395 -0.9902 0.0078
vn -0.0624 -0.3517 0.9340
vn 0.9444 -0.1312 0.3015
vn 0.9078 -0.2133 -0.3610
vn 0.9229 -0.1114 0.3686
vn 0.0176 -0.9794 0.2013
vn -0.2681 -0.9624 -0.0427
vn -0.9799 0.0510 -0.1930
vn -0.9958 0.0663 0.0629
vn -0.9934 -0.0375 -0.1081
vn -0.9951 0.0665 0.0738
vn -0.7548 0.6502 -0.0860
vn -0.7509 0.6478 -0.1287
vn -0.7348 0.6714 -0.0967
vn -0.9856 -0.1651 0.0373
vn -0.9681 -0.2498 0.0206
vn 0.9773 -0.1202 -0.1746
vn 0.9763 -0.1332 -0.1706
vn 0.9970 0.0696 -0.0344
vn 0.5779 -0.2799 0.7666
vn 0.5755 -0.0944 0.8123
vn 0.9978 0.0325 -0.0573
vn 0.9730 0.1227 -0.1952
vn -0.2805 -0.9416 -0.1862
vn -0.8825 0.4579 -0.1077
vn -0.7721 -0.5981 -0.2146
vn -0.7620 0.6452 -0.0565
vn 0.8781 0.4447 -0.1768
vn 0.8986 0.4030 -0.1734
vn -0.9911 -0.0037 0.1330
vn -0.9871 0.1534 -0.0459
vn -0.9446 0.3015 -0.1294
vn -0.7220 0.5866 -0.3668
vn 0.9723 0.2130 0.0965
vn 0.9815 0.1517 0.1169
vn -0.9837 0.0891 0.1564
vn -0.9833 0.0746 0.1662
vn 0.0364 -0.0224 0.9991
vn 0.0967 -0.1303 0.9867
vn 0.2732 -0.0429 0.9610
vn -0.0311 0.0792 -0.9964
vn -0.0326 0.4812 -0.8760
vn -0.0487 0.0752 -0.9960
vn -0.0449 0.0368 -0.9983
vn -0.0622 0.0492 -0.9968
vn -0.9662 0.2421 0.0887
vn -0.9961 0.0704 0.0533
vn -0.8972 0.4391 -0.0466
vn -0.9961 0.0500 0.0730
vn -0.9873 0.1588 0.0088
vn -0.9870 0.1599 0.0146
vn 0.1006 -0.0294 0.9945
vn 0.0828 -0.0159 0.9964
vn 0.0772 -0.0199 0.9968
vn 0.0695 0.0096 0.9975
vn 0.9935 -0.0775 -0.0833
vn 0.9879 -0.1543 -0.0169
vn 0.9177 -0.3940 0.0500
vn 0.9982 -0.0466 -0.0370
vn 0.9871 -0.1602 -0.0009
vn 0.9878 -0.1558 -0.0078
vn -0.0138 0.1273 -0.9918
vn -0.0106 0.0253 -0.9996
vn -0.0662 0.1223 -0.9903
vn 0.0407 0.0530 -0.9978
vn 0.0153 0.0061 -0.9999
vn -0.0635 -0.0570 -0.9964
vn 0.9067 -0.4190 0.0493
vn 0.9067 -0.4204 0.0343
vn 0.8749 -0.4828 0.0365
vn 0.9960 -0.0796 -0.0410
vn 0.9253 -0.3791 -0.0091
vn 0.6669 -0.7450 -0.0144
vn 0.0142 -0.0238 0.9996
vn 0.0114 -0.1278 0.9917
vn 0.0662 -0.1227 0.9902
vn -0.0381 -0.0489 0.9981
vn -0.0176 -0.0029 0.9998
vn 0.0618 0.0623 0.9961
vn -0.9074 0.4189 -0.0330
vn -0.8823 0.4702 -0.0226
vn -0.8734 0.4856 -0.0369
vn -0.9956 0.0843 0.0403
vn -0.9257 0.3781 0.0116
vn -0.6633 0.7481 0.0180
vn -0.0993 0.5377 0.8373
vn 0.0628 0.8126 0.5794
vn -0.6925 0.6463 0.3206
vn -0.0260 -0.9803 -0.1958
vn -0.0915 -0.8022 -0.5900
vn -0.0212 -0.8123 -0.5828
vn -0.0388 -0.2159 -0.9757
vn -0.0369 -0.0259 -0.9990
vn -0.0038 -0.0243 -0.9997
vn 0.0626 -0.1069 -0.9923
vn 0.0523 0.0009 -0.9986
vn 0.0325 -0.9709 0.2371
vn 0.0656 -0.9664 0.2487
vn 0.0342 -0.3676 0.9294
vn -0.1031 -0.6865 0.7198
vn 0.0926 -0.6810 0.7264
vn -0.0229 -0.5847 -0.8110
vn -0.0294 -0.5796 -0.8144
vn 0.0195 -0.3299 0.9438
vn -0.0088 -0.0164 0.9998
vn -0.0242 -0.0126 0.9996
vn 0.0524 0.9797 0.1935
vn 0.0202 0.9837 0.1787
vn -0.0049 0.8114 0.5844
vn 0.5492 0.6495 0.5258
vn 0.0166 0.6809 0.7322
vn -0.0077 0.6528 0.7575
vn 0.0244 0.2876 0.9574
vn -0.0601 0.6561 0.7523
vn 0.0439 0.2327 0.9716
vn 0.0087 0.0265 0.9996
vn -0.0038 0.0169 0.9999
vn 0.0572 -0.0223 0.9981
vn -0.0461 0.0534 0.9975
vn -0.0376 0.9744 -0.2218
vn -0.0508 0.9723 -0.2283
vn -0.0320 0.3805 -0.9242
vn -0.0177 0.3330 -0.9428
vn 0.0192 -0.0087 -0.9998
vn 0.0430 -0.0176 -0.9989
vn 0.7376 0.1309 0.6624
vn 0.1390 -0.5558 -0.8196
vn 0.1119 -0.5389 -0.8349
vn 0.0642 -0.7546 -0.6530
vn -0.9395 -0.1261 -0.3186
vn -0.3748 -0.7634 -0.5261
vn -0.0556 -0.7550 -0.6533
vn 0.2425 -0.3019 -0.9220
vn 0.2548 -0.3353 -0.9070
vn -0.2080 0.4487 0.8691
vn -0.2128 0.6875 0.6943
vn -0.0973 0.8008 0.5910
vn -0.1128 0.4659 0.8776
vn -0.0585 0.3797 0.9232
vn -0.1490 0.6185 0.7715
vn -0.1428 0.6018 0.7858
vn -0.0468 -0.0294 0.9985
vn -0.2337 0.1316 0.9634
vn -0.2361 0.1390 0.9617
vn -0.2149 0.1741 0.9610
vn 0.2370 -0.0925 -0.9671
vn 0.2981 -0.1147 -0.9476
vn 0.2480 -0.0794 -0.9655
vn 0.2392 -0.2029 -0.9495
vn -0.2603 0.1245 0.9574
vn -0.0817 0.0828 0.9932
vn 0.0044 -0.2883 -0.9575
vn -0.0481 -0.5782 -0.8145
vn 0.0182 -0.1439 -0.9894
vn -0.0316 -0.1828 -0.9826
vn 0.0377 -0.1038 -0.9939
vn 0.0217 -0.1125 -0.9934
vn 0.0010 -0.1303 -0.9915
vn -0.1338 -0.9192 0.3703
vn -0.1861 -0.9220 0.3395
vn -0.0409 -0.9673 -0.2501
vn -0.1170 -0.5659 0.8162
vn -0.2493 -0.8691 0.4271
vn 0.0614 -0.7788 0.6243
vn -0.6162 -0.6398 0.4594
vn -0.1197 -0.9091 -0.3990
vn 0.0019 -0.6334 -0.7738
vn 0.1218 0.9693 0.2138
vn -0.0825 0.7491 0.6573
vn 0.0131 0.8327 0.5536
vn -0.0399 0.2593 0.9650
vn 0.0159 0.1701 0.9853
vn -0.0211 0.2663 0.9637
vn 0.1114 0.6906 -0.7146
vn 0.2032 0.5129 -0.8341
vn 0.1640 0.8668 -0.4709
vn 0.1635 0.7062 -0.6889
vn 0.1628 0.9856 0.0445
vn 0.0519 0.6742 0.7367
vn 0.0985 0.6633 0.7418
vn 0.0180 0.6453 0.7637
vn -0.6596 -0.7350 -0.1572
vn 0.3486 -0.5740 -0.7409
vn 0.1617 -0.4744 -0.8653
vn 0.7503 0.5103 0.4203
vn 0.2483 -0.7267 -0.6405
vn 0.1414 -0.7606 -0.6337
vn -0.4717 -0.6578 -0.5872
vn -0.4748 -0.6500 -0.5933
vn -0.5649 -0.5986 -0.5680
vn 0.0561 -0.7684 -0.6375
vn 0.0486 -0.7969 -0.6021
vn -0.0914 -0.7060 -0.7023
vn 0.2047 0.5438 0.8138
vn 0.1627 0.5774 0.8001
vn 0.2083 0.3175 0.9251
vn -0.1590 0.7560 -0.6350
vn 0.2670 -0.0779 0.9606
vn 0.2762 -0.4145 0.8671
vn -0.2005 0.3561 0.9127
vn 0.2781 0.3027 0.9116
vn 0.4021 0.4952 0.7701
vn 0.3422 0.5951 0.7272
vn 0.2521 0.4400 0.8619
vn 0.2528 0.4431 0.8601
vn 0.2519 0.4068 0.8781
vn 0.9955 0.0626 -0.0708
vn 0.8703 0.1879 -0.4552
vn 0.9972 0.0543 -0.0517
vn -0.0619 0.0758 -0.9952
vn -0.1731 -0.0605 -0.9830
vn 0.0188 0.1245 0.9920
vn 0.1856 0.1683 0.9681
vn 0.1501 0.0381 0.9879
vn -0.0453 0.0586 0.9973
vn 0.3443 0.1320 0.9295
vn 0.3459 0.1385 0.9280
vn 0.3451 0.1367 0.9286
vn 0.8599 0.1923 -0.4728
vn -0.1491 -0.1639 -0.9751
vn -0.2526 -0.1890 -0.9489
vn -0.2305 -0.1207 -0.9655
vn -0.2973 -0.1027 -0.9492
vn 0.1252 0.0023 0.9921
vn 0.1354 0.4117 0.9012
vn 0.1688 0.0571 0.9840
vn -0.0071 -0.0377 0.9993
vn 0.0072 0.2122 0.9772
vn 0.0241 -0.0106 0.9997
vn 0.0556 -0.3275 0.9432
vn -0.7985 -0.0242 0.6015
vn -0.7981 -0.0245 0.6021
vn -0.8901 -0.3639 0.2746
vn 0.0793 -0.1311 0.9882
vn -0.2537 -0.0795 0.9640
vn 0.8682 -0.4173 0.2686
vn 0.9992 0.0350 -0.0188
vn -0.1923 -0.3233 0.9265
vn 0.9997 0.0118 -0.0216
vn 0.8652 0.1091 -0.4894
vn -0.0838 0.2384 -0.9675
vn -0.1189 0.3213 -0.9395
vn -0.0791 0.8629 -0.4992
vn -0.1899 -0.7506 0.6329
vn 0.3428 -0.4899 0.8016
vn 0.1243 -0.7114 0.6917
vn 0.1440 -0.6919 0.7075
vn -0.2923 -0.3434 0.8925
vn -0.0853 0.9052 -0.4163
vn -0.7015 -0.2023 -0.6833
vn -0.8465 0.2280 -0.4811
vn -0.8584 0.3728 0.3523
vn -0.2950 -0.6639 -0.6872
vn 0.0438 0.9985 0.0328
vn -0.1512 0.7356 -0.6603
vn -0.0110 0.9994 0.0322
vn 0.1092 -0.7251 0.6799
vn 0.0604 0.1581 0.9856
vn 0.1922 -0.1054 0.9757
vn -0.0368 0.2359 0.9711
vn 0.0951 0.2571 0.9617
vn 0.4689 -0.1631 0.8681
vn 0.1408 0.6698 0.7291
vn 0.1495 0.5975 0.7878
vn 0.2419 0.6549 0.7160
vn -0.0017 0.9998 -0.0187
vn 0.0675 0.9943 -0.0828
vn -0.1320 0.9884 0.0754
vn -0.0396 0.7351 -0.6769
vn -0.1117 0.9926 -0.0483
vn -0.3702 0.2772 0.8866
vn -0.8654 0.1063 -0.4896
vn -0.8405 -0.5418 0.0048
vn -0.9355 0.1963 0.2938
vn -0.0458 -0.9956 0.0813
vn -0.0227 -0.9921 0.1236
vn -0.6520 -0.7465 0.1324
vn -0.2427 0.2899 -0.9258
vn -0.4435 0.0932 -0.8914
vn -0.6784 0.0050 -0.7346
vn -0.0568 0.7775 -0.6263
vn -0.0208 0.7861 -0.6178
vn 0.0190 0.7540 -0.6566
vn -0.1783 0.3989 0.8995
vn 0.1505 -0.7996 -0.5814
vn 0.0146 -0.9136 -0.4064
vn -0.0479 -0.8122 -0.5814
vn 0.0641 -0.6843 -0.7263
vn -0.1288 0.9434 -0.3057
vn -0.1278 0.9373 -0.3242
vn -0.6084 0.7858 -0.1107
vn -0.6194 -0.5899 -0.5180
vn 0.1001 0.2086 -0.9729
vn 0.0751 0.2147 -0.9738
vn 0.0806 0.2236 -0.9713
vn -0.0113 -0.0186 0.9998
vn -0.0346 -0.0097 0.9994
vn -0.0185 0.1495 0.9886
vn -0.0055 0.2106 -0.9776
vn 0.9686 0.0246 -0.2472
vn 0.7820 0.1052 -0.6144
vn 0.1321 -0.0485 0.9901
vn 0.0296 -0.2760 0.9607
vn -0.7110 0.0904 -0.6973
vn -0.8356 -0.1002 -0.5401
vn 0.0542 -0.1718 0.9836
vn -0.9422 -0.1983 0.2701
vn -0.9755 0.0063 0.2200
vn -0.1007 0.6001 -0.7936
vn -0.9519 0.1181 -0.2826
vn 0.7294 -0.0129 0.6840
vn 0.9302 -0.0413 0.3647
vn 0.8043 0.1472 -0.5757
vn 0.8854 0.2887 -0.3644
vn -0.0303 -0.2516 0.9674
vn -0.0741 -0.5898 0.8042
vn -0.9275 0.1642 -0.3357
vn -0.8739 0.2902 -0.3899
vn 0.9943 -0.0929 -0.0518
vn 0.9788 0.0160 0.2040
vn -0.0526 -0.7718 0.6336
vn 0.2639 -0.3774 0.8876
vn 0.3475 -0.5777 0.7386
vn 0.0259 0.4749 -0.8797
vn 0.0208 0.4170 -0.9087
vn 0.9161 -0.0530 -0.3974
vn 0.0067 -0.5303 0.8478
vn 0.0134 -0.6920 0.7217
vn -0.1409 -0.2726 0.9518
vn -0.1617 0.0649 0.9847
vn -0.1751 -0.7351 0.6549
vn -0.1256 0.0516 0.9907
vn -0.1940 -0.8401 0.5065
vn -0.1679 -0.0852 0.9821
vn -0.1795 0.8621 0.4739
vn -0.3258 0.8177 0.4746
vn -0.2804 0.7853 0.5520
vn -0.3354 0.8179 0.4674
vn -0.3442 0.7292 0.5915
vn -0.0701 0.4115 -0.9087
vn 0.2066 0.0003 -0.9784
vn -0.0309 0.0766 0.9966
vn 0.1881 -0.7662 0.6144
vn 0.8421 -0.2655 -0.4695
vn 0.8090 -0.3645 -0.4612
vn 0.8479 -0.2735 -0.4542
vn -0.8362 0.3938 0.3816
vn -0.2897 0.8596 0.4208
vn -0.6856 0.6957 0.2145
vn 0.5053 -0.7485 -0.4294
vn 0.5467 -0.7238 -0.4209
vn 0.5015 -0.7527 -0.4266
vn -0.1114 0.9638 0.2423
vn -0.0924 0.9779 0.1875
vn -0.0107 0.8372 -0.5467
vn -0.1987 0.7163 0.6689
vn 0.0990 -0.9770 -0.1888
vn 0.0073 -0.9775 -0.2109
vn 0.0457 -0.9754 -0.2155
vn 0.2165 -0.1566 -0.9636
vn -0.1972 0.1973 0.9603
vn 0.1617 0.0424 -0.9859
vn -0.6308 0.4738 -0.6145
vn 0.1070 0.1649 -0.9805
vn 0.0765 -0.1343 0.9880
vn 0.0065 0.4379 0.8990
vn -0.1080 0.3779 0.9195
vn -0.0823 0.2189 0.9723
vn -0.0774 0.2223 0.9719
vn -0.0811 0.2221 0.9716
vn 0.1328 -0.5816 -0.8025
vn 0.0947 -0.6850 -0.7224
vn 0.1206 -0.6459 -0.7539
vn 0.1083 -0.6105 -0.7846
vn -0.0218 -0.0023 0.9998
vn 0.0765 -0.4141 0.9070
vn 0.0142 -0.0909 -0.9958
vn -0.0945 0.6865 -0.7210
vn 0.1061 0.6907 -0.7153
vn -0.0408 -0.2925 -0.9554
vn -0.0384 -0.9809 -0.1909
vn -0.1900 -0.0823 0.9783
vn 0.7255 0.4740 0.4989
vn -0.2150 -0.1492 -0.9651
vn -0.1227 -0.4774 -0.8701
vn 0.1986 0.1974 0.9600
vn -0.0955 -0.6600 -0.7452
vn -0.1666 0.1433 -0.9756
vn -0.4259 0.2195 -0.8777
vn -0.1686 -0.2500 -0.9534
vn 0.1002 0.5350 0.8389
vn 0.0815 0.5772 0.8125
vn 0.3558 -0.5411 0.7620
vn -0.1520 -0.5920 -0.7915
vn -0.0684 -0.7633 -0.6424
vn -0.1481 -0.6929 -0.7057
vn -0.2390 -0.6760 -0.6971
vn 0.0288 -0.0234 0.9993
vn -0.0776 -0.4070 0.9101
vn 0.0204 0.0029 0.9998
vn 0.1470 0.3988 -0.9052
vn 0.0258 0.0233 -0.9994
vn 0.1217 0.3195 -0.9397
vn -0.0107 -0.0697 -0.9975
vn -0.0338 -0.0116 -0.9994
vn -0.0751 0.5967 0.7990
vn -0.0554 0.7501 0.6591
vn -0.0103 0.6652 0.7466
vn -0.2426 0.6673 -0.7042
vn -0.0127 0.7028 -0.7113
vn 0.0456 0.7248 -0.6875
vn 0.1671 0.9033 -0.3951
vn -0.0097 0.1226 0.9924
vn -0.0806 -0.3394 0.9372
vn -0.0133 -0.0451 0.9989
vn 0.0811 -0.7742 -0.6277
vn 0.0174 -0.7888 -0.6144
vn -0.1788 0.9637 0.1981
vn -0.3281 0.9445 0.0190
vn -0.1942 0.9655 0.1733
vn -0.0209 0.9311 0.3640
vn -0.0233 0.0303 -0.9993
vn -0.0200 0.0396 -0.9990
vn -0.0247 0.0295 -0.9993
vn -0.0139 0.0383 -0.9992
vn -0.0160 0.0455 -0.9988
vn -0.0173 0.0471 -0.9987
vn -0.0177 0.0316 -0.9993
vn 0.9347 0.3526 -0.0439
vn 0.9945 0.1040 -0.0088
vn 0.9982 0.0587 -0.0071
vn 0.7629 0.6429 -0.0687
vn 0.9963 0.0853 -0.0038
vn 0.9974 0.0719 -0.0065
vn 0.0179 -0.0407 0.9990
vn 0.0212 -0.0315 0.9993
vn 0.0246 -0.0296 0.9993
vn 0.0150 -0.0345 0.9993
vn 0.0131 -0.0466 0.9988
vn 0.0173 -0.0470 0.9987
vn 0.0123 -0.0335 0.9994
vn -0.9351 -0.3526 0.0353
vn -0.9916 -0.1287 0.0106
vn -0.7605 -0.6458 0.0672
vn -0.9960 -0.0892 0.0088
vn -0.9956 -0.0938 -0.0009
vn -0.9969 -0.0779 0.0059
vn 0.1020 0.8404 -0.5323
vn 0.2884 0.1208 -0.9499
vn 0.2418 0.3131 -0.9184
vn 0.2022 -0.3730 -0.9055
vn 0.2353 -0.3700 -0.8988
vn -0.1930 -0.9513 -0.2404
vn -0.5860 -0.7133 -0.3844
vn -0.7824 -0.6161 -0.0909
vn -0.7821 -0.5276 -0.3315
vn -0.0614 0.1360 -0.9888
vn 0.1882 0.3088 -0.9323
vn 0.0731 0.2864 -0.9553
vn 0.1969 -0.1535 -0.9683
vn 0.1606 -0.3486 -0.9234
vn -0.2726 0.8616 -0.4281
vn 0.1231 0.2725 -0.9543
vn 0.1151 -0.7874 -0.6056
vn 0.2409 -0.8660 -0.4382
vn -0.3204 -0.5788 -0.7499
vn -0.2490 -0.4429 -0.8613
vn -0.0491 0.1985 -0.9789
vn 0.1841 0.2870 -0.9401
vn -0.0167 0.3339 -0.9425
vn 0.0585 0.0935 -0.9939
vn 0.4997 -0.3379 -0.7976
vn -0.0645 -0.1266 -0.9899
vn 0.4149 -0.3731 -0.8298
vn 0.5089 -0.7568 -0.4102
vn -0.1230 -0.5776 -0.8070
vn -0.2299 -0.4605 -0.8573
vn -0.5271 0.3401 -0.7788
vn -0.4201 0.6630 -0.6196
vn -0.1724 0.9759 -0.1337
vn -0.3186 0.9033 -0.2873
vn 0.0885 0.3932 -0.9152
vn 0.1937 0.1493 -0.9696
vn 0.1408 -0.3743 -0.9165
vn 0.2030 -0.4039 -0.8920
vn -0.1938 -0.9441 -0.2669
vn 0.4572 -0.3773 -0.8054
vn 0.1809 -0.3153 -0.9316
vn -0.0436 0.0816 -0.9957
vn -0.1091 0.3118 -0.9439
vn 0.2777 0.5505 -0.7873
vn -0.0908 0.9187 -0.3844
vn -0.1324 0.2980 -0.9453
vn -0.2248 -0.3544 -0.9076
vn -0.2288 0.1119 -0.9670
vn 0.0026 0.7363 -0.6766
vn -0.2966 -0.3570 -0.8858
vn 0.0146 -0.9537 -0.3004
vn 0.6205 -0.6290 -0.4683
vn 0.1919 0.2522 -0.9485
vn 0.6189 -0.6275 -0.4723
vn 0.4485 -0.2630 -0.8542
vn -0.1059 0.5899 -0.8005
vn 0.1831 0.7319 -0.6563
vn -0.3293 0.1703 -0.9287
vn -0.4469 0.4669 -0.7631
vn -0.4045 -0.2240 -0.8867
vn -0.1853 -0.5064 -0.8421
vn -0.2122 -0.9133 -0.3477
vn -0.4302 -0.6621 -0.6137
vn 0.0443 -0.1738 -0.9838
vn 0.0246 -0.5299 -0.8477
vn 0.2261 -0.2814 -0.9326
vn -0.1106 0.2878 -0.9513
vn -0.4720 0.4036 -0.7838
vn -0.1919 -0.4600 -0.8669
vn -0.1417 0.1300 -0.9813
vn 0.0275 0.2817 -0.9591
vn 0.2986 0.8940 -0.3342
vn -0.2989 -0.3476 -0.8887
vn -0.1906 -0.9565 -0.2210
vn 0.2485 -0.1065 -0.9627
vn -0.3624 -0.3370 -0.8690
vn -0.1894 0.1342 -0.9727
vn -0.1782 -0.2494 -0.9519
vn -0.0072 0.1631 -0.9866
vn -0.2919 0.5490 -0.7832
vn -0.0951 -0.2304 -0.9684
vn -0.1024 0.2112 -0.9721
vn -0.0927 -0.3298 -0.9395
vn -0.1065 0.0792 -0.9912
vn 0.0511 -0.8563 -0.5139
vn -0.2094 -0.2118 -0.9546
vn 0.1664 -0.0544 -0.9846
vn -0.0593 0.0316 -0.9977
vn -0.3175 -0.0642 -0.9461
vn -0.2359 -0.0761 -0.9688
vn -0.2859 0.6708 -0.6843
vn -0.0076 0.7028 -0.7113
vn -0.1550 0.1068 -0.9821
vn -0.2931 -0.2700 -0.9172
vn -0.1176 -0.1458 -0.9823
vn -0.3127 -0.2580 -0.9141
vn -0.1095 0.3530 -0.9292
vn 0.0391 -0.9901 -0.1345
vn 0.2841 -0.6477 -0.7070
vn 0.3448 -0.3117 -0.8854
vn -0.0421 0.2614 -0.9643
vn -0.0772 0.3079 -0.9483
vn -0.4888 0.5590 -0.6698
vn 0.0981 0.9361 -0.3377
vn -0.0787 -0.3296 -0.9408
vn -0.3265 0.4217 -0.8459
vn 0.9212 -0.0152 -0.3889
vn -0.3340 0.1398 -0.9321
vn -0.4479 0.8382 -0.3111
vn -0.1604 -0.2588 -0.9525
vn 0.2902 -0.9255 -0.2433
vn 0.3443 -0.5933 -0.7277
vn 0.4379 -0.2832 -0.8532
vn 0.2107 -0.8949 -0.3934
vn 0.0523 0.3120 -0.9487
vn -0.0534 0.3352 -0.9406
vn -0.3018 0.6184 -0.7256
vn -0.0109 -0.4284 0.9035
vn -0.0657 -0.3934 0.9170
vn 0.2258 -0.8669 0.4444
vn -0.1456 0.0385 0.9886
vn -0.1482 0.3457 0.9266
vn -0.1664 0.8845 0.4359
vn 0.4707 0.6552 0.5908
vn 0.4950 -0.0156 0.8687
vn 0.4986 0.8102 0.3081
vn 0.6198 -0.6269 0.4721
vn 0.6482 -0.7609 0.0309
vn -0.2306 -0.5676 0.7903
vn -0.1189 -0.0651 0.9908
vn 0.0293 -0.2073 0.9778
vn -0.2333 -0.4576 0.8580
vn -0.1358 0.1984 0.9707
vn -0.1611 0.6188 0.7688
vn -0.4333 0.0596 0.8993
vn -0.1289 -0.2955 0.9466
vn -0.2363 0.0078 0.9716
vn 0.0062 -0.2268 0.9739
vn -0.0858 -0.5602 0.8239
vn 0.9680 0.1582 0.1947
vn 0.9629 -0.1176 0.2428
vn 0.9651 -0.2617 0.0122
vn 0.8744 0.3247 0.3605
vn 0.3517 0.9357 0.0274
vn 0.7215 0.6007 -0.3444
vn 0.8502 0.2922 -0.4379
vn 0.3843 0.8988 -0.2109
vn 0.9519 -0.3018 -0.0523
vn 0.9442 -0.3251 0.0532
vn 0.8817 -0.2889 -0.3730
vn 0.9345 -0.3215 0.1528
vn 0.7322 -0.6106 0.3018
vt 0.670045 0.779154
vt 0.673210 0.778882
vt 0.672631 0.774915
vt 0.670982 0.780023
vt 0.943865 0.540845
vt 0.943832 0.537158
vt 0.942651 0.540674
vt 0.942320 0.537221
vt 0.669184 0.777626
vt 0.669639 0.774695
vt 0.943870 0.536205
vt 0.940486 0.894427
vt 0.935022 0.866745
vt 0.936707 0.895082
vt 0.808508 0.376214
vt 0.803071 0.345177
vt 0.799575 0.345502
vt 0.820012 0.430756
vt 0.813560 0.461491
vt 0.823710 0.432060
vt 0.814391 0.072636
vt 0.813050 0.104764
vt 0.818121 0.073418
vt 0.931783 0.863726
vt 0.815517 0.483548
vt 0.812090 0.127819
vt 0.809027 0.134891
vt 0.931491 0.840320
vt 0.800525 0.316806
vt 0.933890 0.808238
vt 0.935667 0.834317
vt 0.799823 0.289747
vt 0.811257 0.490202
vt 0.810989 0.516487
vt 0.810206 0.158846
vt 0.814739 0.166275
vt 0.796338 0.291660
vt 0.796674 0.314798
vt 0.936996 0.809948
vt 0.814902 0.515669
vt 0.787123 0.244175
vt 0.802534 0.569227
vt 0.813279 0.206354
vt 0.790170 0.238639
vt 0.935634 0.756823
vt 0.805921 0.563511
vt 0.801489 0.569064
vt 0.818085 0.212598
vt 0.786503 0.233702
vt 0.939330 0.752369
vt 0.940308 0.762416
vt 0.816059 0.221696
vt 0.812845 0.216861
vt 0.790545 0.233433
vt 0.935601 0.750720
vt 0.805919 0.573447
vt 0.812461 0.221035
vt 0.809573 0.579470
vt 0.808807 0.575412
vt 0.806888 0.572837
vt 0.804698 0.576743
vt 0.792875 0.231847
vt 0.795869 0.227405
vt 0.789355 0.229359
vt 0.982620 0.897455
vt 0.979749 0.905426
vt 0.984593 0.901995
vt 0.796808 0.231384
vt 0.565399 0.784929
vt 0.563204 0.775485
vt 0.562517 0.782554
vt 0.567218 0.779845
vt 0.812702 0.575144
vt 0.984472 0.907415
vt 0.802376 0.231055
vt 0.566802 0.776862
vt 0.815210 0.578209
vt 0.815730 0.573099
vt 0.800268 0.235036
vt 0.982834 0.911341
vt 0.070257 0.269180
vt 0.070889 0.256854
vt 0.068104 0.264537
vt 0.804207 0.128697
vt 0.802698 0.143979
vt 0.805966 0.160978
vt 0.808082 0.128761
vt 0.819090 0.556735
vt 0.819756 0.573713
vt 0.823701 0.544288
vt 0.806850 0.246442
vt 0.803329 0.183528
vt 0.069969 0.226355
vt 0.067756 0.195463
vt 0.065825 0.232913
vt 0.806950 0.302392
vt 0.810366 0.311119
vt 0.810062 0.285670
vt 0.807895 0.199529
vt 0.822587 0.504451
vt 0.826524 0.503902
vt 0.072005 0.187158
vt 0.804705 0.318855
vt 0.807886 0.215364
vt 0.804342 0.222159
vt 0.817344 0.476470
vt 0.820326 0.487813
vt 0.067783 0.178447
vt 0.068598 0.170114
vt 0.805403 0.326605
vt 0.824040 0.486449
vt 0.799133 0.327685
vt 0.812386 0.478836
vt 0.212410 0.142833
vt 0.210070 0.152317
vt 0.213609 0.151554
vt 0.794891 0.333091
vt 0.792379 0.329618
vt 0.824916 0.790008
vt 0.825791 0.776532
vt 0.821707 0.783760
vt 0.780338 0.324526
vt 0.785114 0.330765
vt 0.787528 0.326945
vt 0.822265 0.775917
vt 0.804128 0.479676
vt 0.796577 0.481736
vt 0.809103 0.474110
vt 0.801690 0.475870
vt 0.213974 0.161368
vt 0.212673 0.165950
vt 0.607896 0.216489
vt 0.606494 0.210348
vt 0.604018 0.213344
vt 0.783810 0.322557
vt 0.824407 0.773576
vt 0.943543 0.431515
vt 0.940333 0.439191
vt 0.944929 0.434545
vt 0.799907 0.483448
vt 0.605016 0.202850
vt 0.944019 0.441725
vt 0.601449 0.199996
vt 0.782471 0.313875
vt 0.798034 0.489929
vt 0.778084 0.316465
vt 0.794600 0.492381
vt 0.596880 0.171088
vt 0.782788 0.294486
vt 0.938592 0.480688
vt 0.943348 0.455335
vt 0.938674 0.460021
vt 0.802632 0.510425
vt 0.597107 0.152610
vt 0.603736 0.183109
vt 0.792090 0.260772
vt 0.806882 0.540050
vt 0.790113 0.278387
vt 0.932401 0.491587
vt 0.802236 0.527747
vt 0.592895 0.145775
vt 0.788312 0.262681
vt 0.933695 0.510872
vt 0.936078 0.498880
vt 0.804621 0.547533
vt 0.598141 0.134087
vt 0.788531 0.243263
vt 0.808849 0.564074
vt 0.792736 0.239830
vt 0.944067 0.525812
vt 0.602704 0.115330
vt 0.791472 0.231670
vt 0.809884 0.579056
vt 0.805556 0.569180
vt 0.940286 0.526990
vt 0.810866 0.573872
vt 0.605043 0.113373
vt 0.604754 0.118091
vt 0.795582 0.232126
vt 0.997113 0.197196
vt 0.998050 0.194454
vt 0.995210 0.196201
vt 0.944667 0.528780
vt 0.814369 0.577719
vt 0.608169 0.113384
vt 0.800049 0.230626
vt 0.794575 0.227356
vt 0.994617 0.187504
vt 0.818408 0.580471
vt 0.049492 0.024839
vt 0.053264 0.028120
vt 0.051973 0.018656
vt 0.049691 0.033482
vt 0.805960 0.227463
vt 0.800678 0.226583
vt 0.998165 0.185893
vt 0.806839 0.232454
vt 0.806463 0.233293
vt 0.826364 0.576828
vt 0.828373 0.567987
vt 0.820990 0.574716
vt 0.052759 0.040955
vt 0.996699 0.179637
vt 0.297869 0.115512
vt 0.293785 0.118106
vt 0.296545 0.120830
vt 0.813095 0.239530
vt 0.816018 0.236946
vt 0.945276 0.776869
vt 0.949492 0.780341
vt 0.947313 0.773414
vt 0.948560 0.786630
vt 0.293167 0.126416
vt 0.944682 0.785548
vt 0.832592 0.568585
vt 0.296628 0.129840
vt 0.813207 0.246514
vt 0.828649 0.560385
vt 0.816753 0.248161
vt 0.832791 0.560519
vt 0.295778 0.143162
vt 0.806010 0.263335
vt 0.807620 0.269594
vt 0.945040 0.807513
vt 0.821504 0.542616
vt 0.299689 0.159184
vt 0.300728 0.151037
vt 0.823600 0.540840
vt 0.296378 0.155933
vt 0.941330 0.803287
vt 0.820179 0.528593
vt 0.804782 0.285669
vt 0.944429 0.827046
vt 0.816062 0.520404
vt 0.816425 0.531345
vt 0.801614 0.290837
vt 0.802272 0.272654
vt 0.947944 0.831810
vt 0.948980 0.831560
vt 0.296214 0.176679
vt 0.821080 0.515858
vt 0.819315 0.503813
vt 0.292250 0.171094
vt 0.291050 0.181088
vt 0.806071 0.295569
vt 0.943453 0.827265
vt 0.945420 0.848707
vt 0.808099 0.306292
vt 0.947443 0.883765
vt 0.289832 0.191888
vt 0.810271 0.335478
vt 0.800576 0.291078
vt 0.949428 0.857293
vt 0.294013 0.230201
vt 0.293349 0.211256
vt 0.290768 0.229728
vt 0.814366 0.343457
vt 0.943850 0.883813
vt 0.826980 0.466841
vt 0.830797 0.460939
vt 0.830127 0.472643
vt 0.809305 0.356243
vt 0.942287 0.890614
vt 0.825952 0.458305
vt 0.293841 0.238906
vt 0.810673 0.345825
vt 0.807910 0.352194
vt 0.944700 0.892920
vt 0.997115 0.222299
vt 0.998411 0.218085
vt 0.994691 0.218707
vt 0.941792 0.892610
vt 0.997784 0.749132
vt 0.996101 0.750884
vt 0.999664 0.751314
vt 0.823531 0.454750
vt 0.827252 0.453233
vt 0.803956 0.353663
vt 0.803283 0.357496
vt 0.941812 0.894752
vt 0.822498 0.450185
vt 0.296767 0.242017
vt 0.300494 0.242798
vt 0.998351 0.208227
vt 0.994387 0.208187
vt 0.995479 0.756822
vt 0.999585 0.765886
vt 0.817243 0.452781
vt 0.822359 0.449049
vt 0.816524 0.448902
vt 0.811190 0.455572
vt 0.806515 0.453404
vt 0.998412 0.202079
vt 0.996666 0.197969
vt 0.794302 0.349635
vt 0.995638 0.763712
vt 0.929683 0.292330
vt 0.928712 0.283869
vt 0.926616 0.289862
vt 0.789364 0.351087
vt 0.795786 0.356346
vt 0.996801 0.765958
vt 0.937751 0.604676
vt 0.935967 0.611215
vt 0.939015 0.607026
vt 0.925688 0.281130
vt 0.790541 0.344106
vt 0.939411 0.612505
vt 0.801838 0.461860
vt 0.806624 0.462790
vt 0.789003 0.327115
vt 0.786101 0.343608
vt 0.807781 0.491896
vt 0.801931 0.470939
vt 0.931199 0.247423
vt 0.789034 0.308966
vt 0.942166 0.625748
vt 0.939294 0.643810
vt 0.805161 0.499790
vt 0.927238 0.243674
vt 0.792766 0.307065
vt 0.939202 0.694058
vt 0.943173 0.648978
vt 0.921659 0.193714
vt 0.803839 0.251086
vt 0.819368 0.544736
vt 0.802783 0.262525
vt 0.935395 0.694248
vt 0.815429 0.544268
vt 0.799299 0.250192
vt 0.925497 0.187387
vt 0.820092 0.560073
vt 0.922034 0.180252
vt 0.935705 0.711398
vt 0.939551 0.710708
vt 0.815994 0.560568
vt 0.928733 0.169073
vt 0.924815 0.169131
vt 0.794420 0.231528
vt 0.797024 0.230366
vt 0.802869 0.243808
vt 0.942929 0.726901
vt 0.943633 0.726052
vt 0.939242 0.725904
vt 0.811556 0.579399
vt 0.814773 0.575649
vt 0.811030 0.574712
vt 0.930942 0.163027
vt 0.927060 0.163692
vt 0.795607 0.226697
vt 0.941167 0.729088
vt 0.815679 0.578675
vt 0.814726 0.581723
vt 0.746533 0.002350
vt 0.743352 0.005090
vt 0.747061 0.008239
vt 0.802492 0.228928
vt 0.603459 0.783825
vt 0.602958 0.779053
vt 0.602389 0.783989
vt 0.599720 0.784411
vt 0.819670 0.576903
vt 0.799221 0.225358
vt 0.599799 0.776560
vt 0.743473 0.013843
vt 0.809628 0.231904
vt 0.804349 0.225556
vt 0.806088 0.231545
vt 0.667046 0.408471
vt 0.668154 0.406385
vt 0.665580 0.403198
vt 0.602660 0.775205
vt 0.824518 0.578926
vt 0.819932 0.581772
vt 0.746072 0.020011
vt 0.747528 0.016635
vt 0.669107 0.404638
vt 0.092359 0.252380
vt 0.089957 0.255228
vt 0.093594 0.257111
vt 0.809964 0.237696
vt 0.826055 0.567488
vt 0.667899 0.390925
vt 0.094873 0.265362
vt 0.811537 0.247859
vt 0.830834 0.559758
vt 0.829320 0.570704
vt 0.094682 0.278429
vt 0.814673 0.253838
vt 0.814097 0.238477
vt 0.673483 0.385159
vt 0.826454 0.554713
vt 0.098679 0.283821
vt 0.803556 0.277375
vt 0.668055 0.364112
vt 0.821870 0.528544
vt 0.806864 0.278183
vt 0.818372 0.530293
vt 0.093051 0.303925
vt 0.672739 0.365477
vt 0.093607 0.318585
vt 0.809920 0.505310
vt 0.811807 0.497802
vt 0.086355 0.326600
vt 0.798643 0.301344
vt 0.660603 0.334572
vt 0.665306 0.335785
vt 0.793665 0.306767
vt 0.794832 0.313273
vt 0.655110 0.313060
vt 0.661166 0.322718
vt 0.807509 0.492377
vt 0.084555 0.350817
vt 0.081628 0.339922
vt 0.794350 0.327413
vt 0.790342 0.324332
vt 0.658826 0.308660
vt 0.810239 0.482022
vt 0.806958 0.478536
vt 0.794938 0.342963
vt 0.085124 0.369354
vt 0.079507 0.353728
vt 0.081508 0.372316
vt 0.798684 0.346417
vt 0.660564 0.290509
vt 0.657408 0.287616
vt 0.811230 0.460605
vt 0.817598 0.455306
vt 0.099211 0.414190
vt 0.095609 0.415614
vt 0.673980 0.247298
vt 0.670279 0.245880
vt 0.814137 0.391625
vt 0.817836 0.390397
vt 0.833513 0.417440
vt 0.829793 0.416256
vt 0.288943 0.193320
vt 0.287639 0.179204
vt 0.287639 0.194585
vt 0.281797 0.408173
vt 0.282618 0.344686
vt 0.280882 0.402879
vt 0.280738 0.348509
vt 0.281752 0.343272
vt 0.467990 0.119796
vt 0.470125 0.139289
vt 0.472002 0.126190
vt 0.475985 0.156208
vt 0.476085 0.091621
vt 0.477632 0.093830
vt 0.283512 0.334358
vt 0.282196 0.334447
vt 0.283512 0.417179
vt 0.282202 0.417058
vt 0.476192 0.082470
vt 0.476217 0.165201
vt 0.491521 0.156166
vt 0.491581 0.165187
vt 0.491519 0.091394
vt 0.491580 0.082470
vt 0.491584 0.151588
vt 0.491587 0.096114
vt 0.287648 0.194885
vt 0.287648 0.210262
vt 0.288964 0.210202
vt 0.288947 0.196138
vt 0.288957 0.179270
vt 0.975668 0.352472
vt 0.977896 0.352472
vt 0.977735 0.345901
vt 0.975668 0.313048
vt 0.977788 0.326189
vt 0.977681 0.313048
vt 0.977789 0.332760
vt 0.355617 0.001670
vt 0.356229 0.014811
vt 0.357235 0.008240
vt 0.990843 0.787087
vt 0.991668 0.807666
vt 0.995636 0.806799
vt 0.995636 0.786682
vt 0.416640 0.020424
vt 0.416640 0.008207
vt 0.411847 0.008207
vt 0.411847 0.020424
vt 0.984861 0.228779
vt 0.984861 0.342590
vt 0.989654 0.342590
vt 0.989654 0.228779
vt 0.740623 0.607030
vt 0.744954 0.607910
vt 0.744954 0.603146
vt 0.740766 0.603637
vt 0.990843 0.766565
vt 0.995636 0.766565
vt 0.415942 0.001489
vt 0.412545 0.001489
vt 0.822711 0.768766
vt 0.808161 0.653388
vt 0.808161 0.767199
vt 0.828684 0.653389
vt 0.828684 0.752193
vt 0.810307 0.880605
vt 0.830084 0.979395
vt 0.830429 0.880605
vt 0.824050 0.997251
vt 0.809496 0.998818
vt 0.850551 0.994398
vt 0.850551 0.880604
vt 0.835998 0.995965
vt 0.986003 0.945197
vt 0.986666 0.998612
vt 0.990644 0.999334
vt 0.989971 0.945198
vt 0.830025 0.992901
vt 0.834657 0.770052
vt 0.849281 0.653388
vt 0.849281 0.771618
vt 0.280008 0.028531
vt 0.281529 0.013066
vt 0.280067 0.010999
vt 0.676549 0.015392
vt 0.678011 0.030898
vt 0.678070 0.013346
vt 0.281529 0.013066
vt 0.280008 0.028531
vt 0.280067 0.010999
vt 0.678011 0.030898
vt 0.678070 0.013346
vt 0.489381 0.014791
vt 0.489381 0.001126
vt 0.487391 0.001110
vt 0.487391 0.014775
vt 0.485322 0.014791
vt 0.485322 0.001126
vt 0.483332 0.001110
vt 0.483332 0.014775
vt 0.099015 0.075979
vt 0.099015 0.070398
vt 0.097026 0.070399
vt 0.097026 0.075980
vt 0.485362 0.001127
vt 0.485362 0.014792
vt 0.487351 0.014774
vt 0.487351 0.001109
vt 0.188498 0.036453
vt 0.188498 0.042034
vt 0.190488 0.042033
vt 0.190488 0.036452
vt 0.974850 0.412918
vt 0.974850 0.407337
vt 0.972860 0.407338
vt 0.972860 0.412919
vt 0.186469 0.036453
vt 0.186469 0.042034
vt 0.188458 0.042033
vt 0.188458 0.036452
vt 0.491410 0.014774
vt 0.491410 0.001109
vt 0.489420 0.001127
vt 0.489420 0.014792
vt 0.670204 0.028820
vt 0.662338 0.030860
vt 0.295680 0.028552
vt 0.287874 0.026478
vt 0.287873 0.013062
vt 0.295740 0.011020
vt 0.670204 0.015389
vt 0.662398 0.013308
vt 0.489381 0.014791
vt 0.487391 0.014775
vt 0.487391 0.001110
vt 0.489381 0.001126
vt 0.483332 0.014775
vt 0.483332 0.001110
vt 0.485322 0.001126
vt 0.099015 0.075979
vt 0.097026 0.075980
vt 0.097026 0.070399
vt 0.099015 0.070398
vt 0.485362 0.001127
vt 0.487351 0.001109
vt 0.487351 0.014774
vt 0.485362 0.014792
vt 0.188498 0.036453
vt 0.190488 0.036452
vt 0.188458 0.036452
vt 0.186469 0.042034
vt 0.491410 0.014774
vt 0.489420 0.001127
vt 0.491410 0.001109
vt 0.670203 0.028820
vt 0.662338 0.030860
vt 0.287874 0.026478
vt 0.295680 0.028552
vt 0.287873 0.013062
vt 0.295740 0.011020
vt 0.670204 0.015389
vt 0.662398 0.013308
vt 0.281529 0.026480
vt 0.676549 0.028822
vt 0.663859 0.015386
vt 0.663859 0.028816
vt 0.294219 0.013059
vt 0.294219 0.026474
vt 0.281529 0.026480
vt 0.676549 0.028822
vt 0.663859 0.015386
vt 0.663859 0.028816
vt 0.294219 0.013059
vt 0.294219 0.026473
vt 0.985538 0.842457
vt 0.985538 0.819519
vt 0.980763 0.819556
vt 0.980763 0.842494
vt 0.984305 0.254719
vt 0.984305 0.228166
vt 0.979532 0.228592
vt 0.979536 0.254324
vt 0.524165 0.127500
vt 0.498439 0.128260
vt 0.501308 0.246499
vt 0.524166 0.248496
vt 0.099195 0.128177
vt 0.076332 0.130104
vt 0.072648 0.248334
vt 0.099195 0.249172
vt 0.686565 0.265056
vt 0.686561 0.144060
vt 0.681790 0.144060
vt 0.681783 0.265055
vt 0.529258 0.248523
vt 0.529258 0.130249
vt 0.524471 0.130235
vt 0.524488 0.248522
vt 0.999385 0.276836
vt 0.999385 0.260976
vt 0.997082 0.261051
vt 0.997082 0.276912
vt 0.997071 0.245036
vt 0.997071 0.260656
vt 0.999375 0.260632
vt 0.999375 0.245012
vt 0.209406 0.230153
vt 0.209366 0.236594
vt 0.211669 0.236586
vt 0.211710 0.230145
vt 0.528136 0.000944
vt 0.528136 0.016546
vt 0.530441 0.016567
vt 0.530441 0.000966
vt 0.934243 0.900899
vt 0.934243 0.907610
vt 0.936542 0.907751
vt 0.936542 0.901041
vt 0.929482 0.641073
vt 0.929318 0.634593
vt 0.927083 0.635149
vt 0.927246 0.641627
vt 0.938905 0.907751
vt 0.938905 0.901079
vt 0.936606 0.900931
vt 0.936606 0.907604
vt 0.999627 0.343571
vt 0.999656 0.328516
vt 0.997358 0.328334
vt 0.997330 0.343391
vt 0.030731 0.022411
vt 0.029281 0.040639
vt 0.031112 0.038345
vt 0.028803 0.020029
vt 0.970953 0.819500
vt 0.961699 0.820204
vt 0.969939 0.822179
vt 0.963506 0.822497
vt 0.037434 0.022953
vt 0.038261 0.020291
vt 0.970669 0.840577
vt 0.969829 0.837889
vt 0.980202 0.839786
vt 0.978399 0.837464
vt 0.971672 0.837884
vt 0.980207 0.819898
vt 0.978236 0.822147
vt 0.971831 0.822124
vt 0.046004 0.023377
vt 0.047805 0.021062
vt 0.039277 0.022957
vt 0.038545 0.041333
vt 0.037545 0.038663
vt 0.961214 0.840814
vt 0.963126 0.838431
vt 0.047814 0.040961
vt 0.045841 0.038693
vt 0.039436 0.038717
vt 0.317361 0.230861
vt 0.302324 0.213446
vt 0.308067 0.243759
vt 0.578570 0.249058
vt 0.575711 0.209907
vt 0.561664 0.259129
vt 0.346256 0.210734
vt 0.349115 0.171586
vt 0.330467 0.218963
vt 0.560069 0.201770
vt 0.305904 0.175962
vt 0.309179 0.155422
vt 0.303937 0.173543
vt 0.142410 0.001800
vt 0.142350 0.016360
vt 0.146850 0.002195
vt 0.572492 0.776450
vt 0.567840 0.776267
vt 0.567616 0.785122
vt 0.994038 0.183187
vt 0.983770 0.222079
vt 0.994181 0.221962
vt 0.361953 0.215679
vt 0.361976 0.177675
vt 0.357959 0.180657
vt 0.745033 0.607901
vt 0.748575 0.607422
vt 0.748575 0.602171
vt 0.745509 0.602585
vt 0.163428 0.089507
vt 0.160288 0.089367
vt 0.160831 0.096870
vt 0.163428 0.096986
vt 0.546720 0.189758
vt 0.537501 0.176878
vt 0.531756 0.207191
vt 0.332212 0.161520
vt 0.532430 0.241750
vt 0.356844 0.211073
vt 0.591431 0.242971
vt 0.591408 0.204956
vt 0.587411 0.239987
vt 0.586302 0.209571
vt 0.279761 0.029372
vt 0.279846 0.068173
vt 0.288008 0.029700
vt 0.839506 0.048944
vt 0.839545 0.010306
vt 0.832092 0.010137
vt 0.832248 0.048707
vt 0.062288 0.271629
vt 0.062296 0.310419
vt 0.077108 0.310318
vt 0.077100 0.271540
vt 0.992408 0.144095
vt 0.992436 0.105471
vt 0.986393 0.144063
vt 0.986395 0.105265
vt 0.983685 0.183306
vt 0.897466 0.005284
vt 0.894307 0.005111
vt 0.895758 0.045183
vt 0.535330 0.244676
vt 0.538592 0.265217
vt 0.997001 0.248496
vt 0.994389 0.248508
vt 0.996283 0.292202
vt 0.427260 0.247780
vt 0.425769 0.258435
vt 0.430026 0.261431
vt 0.429010 0.247544
vt 0.004615 0.041119
vt 0.002824 0.030964
vt 0.000943 0.031045
vt 0.003489 0.042292
vt 0.007580 0.026359
vt 0.014699 0.025369
vt 0.006580 0.024459
vt 0.012397 0.044531
vt 0.417632 0.261529
vt 0.427564 0.263479
vt 0.411855 0.256151
vt 0.409964 0.247070
vt 0.410407 0.256857
vt 0.020101 0.030294
vt 0.018264 0.038777
vt 0.019843 0.039323
vt 0.971527 0.912877
vt 0.967084 0.913021
vt 0.966868 0.927536
vt 0.971529 0.927507
vt 0.923862 0.844874
vt 0.919206 0.844847
vt 0.919201 0.857455
vt 0.864167 0.003697
vt 0.864179 0.017987
vt 0.868841 0.017921
vt 0.868829 0.003612
vt 0.147010 0.016485
vt 0.572895 0.776332
vt 0.572900 0.785182
vt 0.577562 0.785159
vt 0.577558 0.776302
vt 0.732065 0.016746
vt 0.732065 0.002357
vt 0.727406 0.016535
vt 0.924141 0.857242
vt 0.929027 0.857534
vt 0.929004 0.845072
vt 0.923868 0.857468
vt 0.924366 0.844913
vt 0.727406 0.002218
vt 0.423045 0.241928
vt 0.572501 0.785108
vt 0.297101 0.029413
vt 0.297089 0.067958
vt 0.303004 0.178887
vt 0.533362 0.247094
vt 0.753891 0.585346
vt 0.753890 0.634999
vt 0.798064 0.634999
vt 0.798065 0.585346
vt 0.986268 0.895897
vt 0.986269 0.846244
vt 0.975001 0.846244
vt 0.975001 0.895896
vt 0.852709 0.061967
vt 0.852710 0.018550
vt 0.841442 0.018550
vt 0.841441 0.061967
vt 0.986028 0.658100
vt 0.986029 0.608447
vt 0.974761 0.608447
vt 0.974760 0.658100
vt 0.100055 0.129434
vt 0.100054 0.179087
vt 0.144228 0.179087
vt 0.144229 0.129434
vt 0.213613 0.054915
vt 0.213613 0.011498
vt 0.202345 0.011498
vt 0.202345 0.054915
vt 0.941611 0.555294
vt 0.942000 0.553445
vt 0.939904 0.553451
vt 0.597129 0.099980
vt 0.596741 0.098131
vt 0.595032 0.099973
vt 0.936461 0.557806
vt 0.934712 0.557389
vt 0.934789 0.571818
vt 0.936533 0.571265
vt 0.589843 0.096031
vt 0.591593 0.095616
vt 0.591672 0.082158
vt 0.589928 0.081603
vt 0.672422 0.187274
vt 0.674165 0.187279
vt 0.674165 0.170644
vt 0.672422 0.170646
vt 0.985206 0.470812
vt 0.983463 0.470803
vt 0.983463 0.484821
vt 0.985206 0.484814
vt 0.595236 0.077781
vt 0.940094 0.575643
vt 0.941658 0.573739
vt 0.929111 0.418061
vt 0.930852 0.418058
vt 0.930857 0.408891
vt 0.929114 0.409013
vt 0.596799 0.079686
vt 0.630249 0.785153
vt 0.631363 0.776753
vt 0.629287 0.775035
vt 0.945730 0.558058
vt 0.945777 0.570909
vt 0.947209 0.571786
vt 0.947211 0.557357
vt 0.602342 0.096071
vt 0.602348 0.081642
vt 0.600915 0.082518
vt 0.600861 0.095370
vt 0.070602 0.131372
vt 0.070602 0.148000
vt 0.072345 0.148002
vt 0.072345 0.131367
vt 0.362537 0.079805
vt 0.362537 0.065803
vt 0.360794 0.065796
vt 0.360794 0.079814
vt 0.597065 0.077788
vt 0.941923 0.575637
vt 0.942477 0.599896
vt 0.941031 0.601028
vt 0.950719 0.600932
vt 0.596357 0.052160
vt 0.597627 0.053190
vt 0.608329 0.052785
vt 0.608247 0.051476
vt 0.750773 0.002085
vt 0.749047 0.002255
vt 0.748861 0.011938
vt 0.750961 0.011980
vt 0.631926 0.774082
vt 0.748641 0.014652
vt 0.751092 0.014743
vt 0.530463 0.041635
vt 0.530455 0.017245
vt 0.528719 0.017099
vt 0.528731 0.041828
vt 0.186420 0.015999
vt 0.184690 0.015788
vt 0.184656 0.041491
vt 0.186404 0.041551
vt 0.929381 0.541695
vt 0.929385 0.532637
vt 0.927650 0.532518
vt 0.927642 0.541698
vt 0.884485 0.663988
vt 0.884388 0.659049
vt 0.882757 0.659158
vt 0.942126 0.544570
vt 0.941078 0.542491
vt 0.939912 0.545350
vt 0.885212 0.652654
vt 0.626922 0.773668
vt 0.625944 0.783784
vt 0.628033 0.782067
vt 0.883538 0.653081
vt 0.595060 0.108033
vt 0.596443 0.110922
vt 0.597278 0.108883
vt 0.591045 0.113172
vt 0.589306 0.118145
vt 0.590935 0.118205
vt 0.591270 0.123155
vt 0.950707 0.543244
vt 0.608263 0.110728
vt 0.608287 0.109403
vt 0.310841 0.015172
vt 0.311015 0.005270
vt 0.308908 0.005307
vt 0.309108 0.014998
vt 0.628588 0.784739
vt 0.311151 0.002507
vt 0.308694 0.002594
vt 0.496895 0.181316
vt 0.498032 0.174817
vt 0.497140 0.167622
vt 0.758310 0.014817
vt 0.758971 0.008841
vt 0.758563 0.001532
vt 0.948024 0.014639
vt 0.948716 0.008705
vt 0.948277 0.001396
vt 0.279267 0.008888
vt 0.277446 0.015341
vt 0.279005 0.022632
vt 0.963952 0.026872
vt 0.958587 0.015173
vt 0.957342 0.021824
vt 0.953635 0.021729
vt 0.946880 0.020507
vt 0.951511 0.015147
vt 0.963964 0.019807
vt 0.952098 0.032577
vt 0.959514 0.032737
vt 0.946867 0.027572
vt 0.024204 0.035746
vt 0.021793 0.036459
vt 0.026321 0.040589
vt 0.027771 0.038322
vt 0.957252 0.025530
vt 0.953545 0.025436
vt 0.948216 0.299325
vt 0.950526 0.300088
vt 0.954188 0.297551
vt 0.952976 0.294894
vt 0.923434 0.535209
vt 0.921769 0.541700
vt 0.924742 0.541666
vt 0.854319 0.155740
vt 0.855703 0.151264
vt 0.852925 0.151190
vt 0.737378 0.563635
vt 0.737363 0.559632
vt 0.734172 0.558994
vt 0.733028 0.561895
vt 0.736707 0.605073
vt 0.739150 0.602663
vt 0.736135 0.603646
vt 0.834586 0.879071
vt 0.834692 0.874881
vt 0.833197 0.877055
vt 0.736843 0.607876
vt 0.734368 0.564406
vt 0.609939 0.785081
vt 0.613842 0.785078
vt 0.613228 0.774991
vt 0.954126 0.309004
vt 0.950763 0.310727
vt 0.027753 0.026919
vt 0.025778 0.026201
vt 0.024482 0.026098
vt 0.610656 0.774979
vt 0.914474 0.855993
vt 0.918310 0.857351
vt 0.916949 0.845049
vt 0.999044 0.327811
vt 0.998899 0.322971
vt 0.998015 0.314198
vt 0.710638 0.810841
vt 0.710354 0.803517
vt 0.710353 0.807239
vt 0.711446 0.799802
vt 0.466858 0.068975
vt 0.467136 0.060276
vt 0.467445 0.052765
vt 0.528904 0.112246
vt 0.528860 0.117758
vt 0.529926 0.126067
vt 0.817399 0.411847
vt 0.803008 0.410417
vt 0.811117 0.414396
vt 0.806473 0.396322
vt 0.802580 0.399792
vt 0.801295 0.403377
vt 0.814271 0.396246
vt 0.819473 0.402440
vt 0.812084 0.406638
vt 0.808740 0.406215
vt 0.809922 0.402866
vt 0.812707 0.404294
vt 0.684062 0.113580
vt 0.681821 0.108610
vt 0.682158 0.113503
vt 0.683684 0.108688
vt 0.493393 0.775164
vt 0.493470 0.773179
vt 0.491817 0.772987
vt 0.750376 0.558740
vt 0.750758 0.564103
vt 0.752833 0.564075
vt 0.753085 0.558406
vt 0.934673 0.541471
vt 0.937201 0.541524
vt 0.935167 0.537371
vt 0.936794 0.535794
vt 0.528047 0.775737
vt 0.528117 0.773861
vt 0.526406 0.773285
vt 0.934962 0.536252
vt 0.622258 0.781474
vt 0.624778 0.780293
vt 0.620872 0.779445
vt 0.624621 0.778821
vt 0.606242 0.781073
vt 0.607276 0.780820
vt 0.608159 0.778697
vt 0.604917 0.778802
vt 0.608104 0.783035
vt 0.609238 0.784207
vt 0.526235 0.775940
vt 0.624872 0.780234
vt 0.624327 0.783422
vt 0.625040 0.783898
vt 0.621320 0.783635
vt 0.619951 0.782800
vt 0.620422 0.784390
vt 0.605918 0.783467
vt 0.607050 0.785101
vt 0.603914 0.783590
vt 0.491614 0.775352
vt 0.518187 0.773240
vt 0.517989 0.775867
vt 0.519557 0.775249
vt 0.519733 0.773448
vt 0.465588 0.049751
vt 0.467002 0.049616
vt 0.467079 0.044460
vt 0.467051 0.035768
vt 0.362007 0.094273
vt 0.362385 0.089310
vt 0.362247 0.080267
vt 0.071309 0.116898
vt 0.070806 0.127656
vt 0.071522 0.131002
vt 0.734331 0.221494
vt 0.735742 0.221393
vt 0.735802 0.210683
vt 0.735314 0.207889
vt 0.796740 0.397522
vt 0.798041 0.411796
vt 0.800819 0.404480
vt 0.784630 0.411613
vt 0.791900 0.414393
vt 0.786027 0.397292
vt 0.781992 0.405467
vt 0.789233 0.405541
vt 0.793693 0.404277
vt 0.793344 0.406278
vt 0.791581 0.407273
vt 0.790765 0.403019
vt 0.304409 0.249391
vt 0.304640 0.247599
vt 0.302085 0.250136
vt 0.304503 0.245045
vt 0.302119 0.245023
vt 0.512574 0.775926
vt 0.512311 0.773019
vt 0.510019 0.772996
vt 0.510021 0.775752
vt 0.749997 0.559080
vt 0.747041 0.558674
vt 0.747558 0.563691
vt 0.750038 0.564272
vt 0.747393 0.561734
vt 0.743472 0.558276
vt 0.743910 0.562616
vt 0.746533 0.563842
vt 0.743680 0.559831
vt 0.746873 0.558311
vt 0.567529 0.772857
vt 0.567443 0.776097
vt 0.569739 0.773085
vt 0.569776 0.775848
vt 0.744599 0.564096
vt 0.586319 0.780880
vt 0.587808 0.780655
vt 0.589058 0.778642
vt 0.586025 0.778687
vt 0.590217 0.781558
vt 0.616565 0.780399
vt 0.618713 0.779101
vt 0.615314 0.778923
vt 0.619178 0.783930
vt 0.619713 0.783010
vt 0.588910 0.783825
vt 0.590367 0.783246
vt 0.586039 0.783816
vt 0.585075 0.783206
vt 0.586989 0.785105
vt 0.614718 0.783413
vt 0.515461 0.775839
vt 0.517799 0.772912
vt 0.515631 0.773078
vt 0.517798 0.775617
vt 0.928387 0.042901
vt 0.933916 0.044493
vt 0.933321 0.042847
vt 0.973020 0.353755
vt 0.973047 0.348541
vt 0.971262 0.353716
vt 0.971437 0.348184
vt 0.969661 0.481950
vt 0.972693 0.484567
vt 0.977266 0.483840
vt 0.971700 0.481932
vt 0.976617 0.481986
vt 0.919749 0.632912
vt 0.918041 0.632796
vt 0.917878 0.639922
vt 0.919648 0.641396
vt 0.662614 0.064526
vt 0.660853 0.064618
vt 0.661004 0.084972
vt 0.662620 0.084573
vt 0.966744 0.461780
vt 0.937478 0.023561
vt 0.938138 0.021934
vt 0.939030 0.026926
vt 0.560418 0.038247
vt 0.561247 0.038455
vt 0.560500 0.016813
vt 0.562297 0.016167
vt 0.966984 0.461209
vt 0.968490 0.462724
vt 0.969836 0.461421
vt 0.483261 0.001669
vt 0.481527 0.001612
vt 0.482720 0.014214
vt 0.481641 0.014551
vt 0.982144 0.461137
vt 0.969738 0.459562
vt 0.979721 0.459562
vt 0.935818 0.020236
vt 0.923596 0.021968
vt 0.927685 0.044792
vt 0.980444 0.478213
vt 0.924656 0.039080
vt 0.998204 0.999508
vt 0.995896 0.981998
vt 0.996461 0.999480
vt 0.984439 0.777554
vt 0.984483 0.797776
vt 0.986164 0.797323
vt 0.986228 0.778066
vt 0.982400 0.461661
vt 0.981311 0.462858
vt 0.924209 0.023554
vt 0.923273 0.022482
vt 0.996946 0.976436
vt 0.229854 0.021489
vt 0.230479 0.006288
vt 0.228377 0.019776
vt 0.228551 0.006942
vt 0.466426 0.773726
vt 0.464637 0.773240
vt 0.465084 0.775081
vt 0.925831 0.020236
vt 0.463218 0.772884
vt 0.462157 0.774417
vt 0.464048 0.774586
vt 0.921646 0.532974
vt 0.919938 0.532858
vt 0.919774 0.539984
vt 0.921545 0.541458
vt 0.933741 0.409195
vt 0.931981 0.409288
vt 0.932132 0.429641
vt 0.933747 0.429242
vt 0.147347 0.041084
vt 0.148153 0.039451
vt 0.143356 0.018677
vt 0.142772 0.023642
vt 0.412142 0.043684
vt 0.412820 0.045274
vt 0.415803 0.023894
vt 0.415394 0.021500
vt 0.416543 0.037329
vt 0.418133 0.023920
vt 0.996006 0.788923
vt 0.996835 0.789132
vt 0.996088 0.767490
vt 0.997886 0.766843
vt 0.144862 0.020192
vt 0.146195 0.018893
vt 0.245817 0.006310
vt 0.243890 0.006963
vt 0.245455 0.019743
vt 0.359433 0.001669
vt 0.357696 0.001625
vt 0.358889 0.014223
vt 0.357810 0.014564
vt 0.158835 0.019260
vt 0.146110 0.017030
vt 0.156093 0.017030
vt 0.402038 0.023344
vt 0.407207 0.043625
vt 0.406589 0.045572
vt 0.972848 0.407695
vt 0.971245 0.407284
vt 0.971102 0.412855
vt 0.972820 0.412908
vt 0.152806 0.039900
vt 0.153725 0.041196
vt 0.403560 0.039861
vt 0.998194 0.367528
vt 0.995886 0.350018
vt 0.996452 0.367500
vt 0.496436 0.061012
vt 0.496480 0.081233
vt 0.498161 0.080781
vt 0.498225 0.061524
vt 0.156798 0.035678
vt 0.157683 0.020326
vt 0.403113 0.024335
vt 0.996936 0.344457
vt 0.244939 0.021554
vt 0.404783 0.021012
vt 0.390803 0.009903
vt 0.391356 0.009934
vt 0.393324 0.001685
vt 0.660218 0.048770
vt 0.651783 0.049594
vt 0.660262 0.057791
vt 0.653434 0.058243
vt 0.919640 0.063285
vt 0.911447 0.067017
vt 0.919599 0.072178
vt 0.912262 0.062724
vt 0.910604 0.071306
vt 0.653434 0.058242
vt 0.651717 0.049606
vt 0.648290 0.059850
vt 0.646127 0.051559
vt 0.997800 0.695147
vt 0.996998 0.706857
vt 0.997791 0.708111
vt 0.910528 0.071286
vt 0.912223 0.062716
vt 0.905495 0.061053
vt 0.903493 0.068461
vt 0.389690 0.009876
vt 0.389132 0.009885
vt 0.392954 0.020968
vt 0.905518 0.060994
vt 0.903210 0.058658
vt 0.900420 0.062061
vt 0.899051 0.048224
vt 0.645655 0.051767
vt 0.643753 0.057826
vt 0.646029 0.062173
vt 0.648230 0.059878
vt 0.646033 0.062180
vt 0.644818 0.060055
vt 0.643946 0.065263
vt 0.640570 0.065860
vt 0.904017 0.059153
vt 0.905242 0.059131
vt 0.904329 0.049590
vt 0.999471 0.654062
vt 0.999350 0.650907
vt 0.997976 0.651119
vt 0.903707 0.049908
vt 0.903699 0.039820
vt 0.645167 0.066126
vt 0.640566 0.066004
vt 0.640988 0.075640
vt 0.645589 0.070125
vt 0.903696 0.039827
vt 0.907379 0.046774
vt 0.909483 0.037544
vt 0.070930 0.004808
vt 0.070371 0.004457
vt 0.068596 0.014567
vt 0.069137 0.010303
vt 0.907127 0.046866
vt 0.645151 0.081066
vt 0.648513 0.074004
vt 0.997971 0.651183
vt 0.999344 0.650903
vt 0.999560 0.639363
vt 0.996782 0.647505
vt 0.998094 0.647373
vt 0.998993 0.639295
vt 0.648702 0.074085
vt 0.645130 0.081107
vt 0.650243 0.083543
vt 0.996907 0.651284
vt 0.068022 0.011505
vt 0.070990 0.025852
vt 0.071259 0.025749
vt 0.071474 0.025728
vt 0.919648 0.044958
vt 0.919554 0.036099
vt 0.660135 0.084988
vt 0.660262 0.075978
vt 0.070330 0.015567
vt 0.069764 0.015906
vt 0.071980 0.025579
vt 0.070275 0.010322
vt 0.071795 0.005215
vt 0.069799 0.010168
vt 0.070421 0.010284
vt 0.644441 0.052339
vt 0.642707 0.056364
vt 0.639983 0.066171
vt 0.990667 0.031328
vt 0.990667 0.014158
vt 0.979952 0.014158
vt 0.979952 0.031328
vt 0.689057 0.018268
vt 0.689057 0.031739
vt 0.700385 0.031739
vt 0.700385 0.018268
vt 0.699838 0.033723
vt 0.689604 0.033723
vt 0.691932 0.039488
vt 0.697510 0.039488
vt 0.988098 0.008258
vt 0.982520 0.008258
vt 0.689604 0.016283
vt 0.699838 0.016283
vt 0.697510 0.010519
vt 0.691932 0.010519
vt 0.982520 0.037228
vt 0.988098 0.037228
vt 0.683218 0.040800
vt 0.682165 0.049102
vt 0.687548 0.044266
vt 0.758981 0.566845
vt 0.766248 0.562694
vt 0.763723 0.559055
vt 0.757270 0.562773
vt 0.683828 0.035290
vt 0.771107 0.560022
vt 0.678317 0.035900
vt 0.772653 0.565346
vt 0.674850 0.031572
vt 0.777979 0.566892
vt 0.670013 0.036953
vt 0.775306 0.571750
vt 0.665872 0.035289
vt 0.777979 0.576608
vt 0.772653 0.578153
vt 0.665793 0.044266
vt 0.662153 0.044266
vt 0.771107 0.583478
vt 0.764497 0.580340
vt 0.668446 0.050669
vt 0.665872 0.053242
vt 0.761389 0.583478
vt 0.674850 0.053321
vt 0.674850 0.056960
vt 0.757881 0.575215
vt 0.754518 0.576608
vt 0.683828 0.053243
vt 0.753551 0.569225
vt 0.936037 0.144536
vt 0.933941 0.144535
vt 0.934989 0.149570
vt 0.938176 0.144546
vt 0.936079 0.144545
vt 0.937128 0.149570
vt 0.931803 0.149567
vt 0.933899 0.149568
vt 0.932851 0.144533
vt 0.669770 0.237774
vt 0.671866 0.237775
vt 0.670818 0.232731
vt 0.941857 0.541708
vt 0.941857 0.534415
vt 0.939761 0.534419
vt 0.939761 0.541712
vt 0.941045 0.907738
vt 0.941045 0.900445
vt 0.938949 0.900449
vt 0.938949 0.907742
vt 0.080954 0.017252
vt 0.080958 0.004120
vt 0.072466 0.004039
vt 0.609299 0.003742
vt 0.609299 0.016874
vt 0.617826 0.016871
vt 0.617826 0.003795
vt 0.081392 0.004123
vt 0.081391 0.017199
vt 0.089878 0.004092
vt 0.089879 0.017168
vt 0.777666 0.003719
vt 0.777666 0.016852
vt 0.786193 0.016849
vt 0.786193 0.003772
vt 0.072470 0.017171
vt 0.990862 0.658370
vt 0.990862 0.676019
vt 0.997490 0.676090
vt 0.997490 0.658368
vt 0.989766 0.225822
vt 0.989771 0.243543
vt 0.996369 0.243540
vt 0.996366 0.225893
vt 0.939381 0.002001
vt 0.932753 0.002043
vt 0.932753 0.019691
vt 0.939381 0.019649
vt 0.931566 0.730870
vt 0.931561 0.748591
vt 0.938158 0.748589
vt 0.938161 0.730941
vt 0.928698 0.945101
vt 0.920255 0.999047
vt 0.931424 0.990461
vt 0.915852 0.496909
vt 0.918560 0.450771
vt 0.916955 0.442796
vt 0.905473 0.528649
vt 0.929911 0.998214
vt 0.907738 0.441690
vt 0.901938 0.442290
vt 0.897295 0.504396
vt 0.896484 0.488427
vt 0.355853 0.140736
vt 0.353878 0.111240
vt 0.343817 0.113323
vt 0.351598 0.142644
vt 0.357605 0.107014
vt 0.735706 0.570371
vt 0.734020 0.565507
vt 0.729861 0.575108
vt 0.722346 0.582503
vt 0.727347 0.585059
vt 0.352458 0.152531
vt 0.911421 0.348870
vt 0.920914 0.321229
vt 0.906711 0.319950
vt 0.334063 0.152241
vt 0.899286 0.319382
vt 0.898674 0.325524
vt 0.898124 0.319660
vt 0.722984 0.590799
vt 0.729762 0.593175
vt 0.330190 0.111248
vt 0.332282 0.141646
vt 0.889419 0.842898
vt 0.893312 0.843545
vt 0.884655 0.778805
vt 0.898107 0.843432
vt 0.885305 0.803566
vt 0.727092 0.597784
vt 0.734319 0.595956
vt 0.765114 0.152221
vt 0.767047 0.157848
vt 0.770541 0.157171
vt 0.735751 0.600954
vt 0.895223 0.754444
vt 0.903801 0.843194
vt 0.744751 0.598021
vt 0.741665 0.593699
vt 0.918845 0.146922
vt 0.920010 0.145536
vt 0.911173 0.147234
vt 0.905516 0.820955
vt 0.904031 0.804033
vt 0.906292 0.842421
vt 0.749743 0.591743
vt 0.746120 0.587161
vt 0.918717 0.167101
vt 0.917816 0.183179
vt 0.899673 0.199092
vt 0.751891 0.580394
vt 0.746819 0.580606
vt 0.899835 0.147573
vt 0.916618 0.282095
vt 0.920196 0.230697
vt 0.917499 0.229933
vt 0.903807 0.317438
vt 0.748244 0.575295
vt 0.741452 0.578505
vt 0.908347 0.229713
vt 0.900176 0.291178
vt 0.903264 0.230256
vt 0.346175 0.138701
vt 0.336594 0.108973
vt 0.346828 0.148334
vt 0.897984 0.291822
vt 0.348943 0.137490
vt 0.347167 0.108402
vt 0.350403 0.104363
vt 0.958625 0.252742
vt 0.964039 0.224162
vt 0.955336 0.223576
vt 0.955143 0.253169
vt 0.978666 0.310654
vt 0.982217 0.342862
vt 0.984685 0.341644
vt 0.338211 0.148052
vt 0.932172 0.945974
vt 0.936637 0.998331
vt 0.939229 0.998977
vt 0.942636 0.910435
vt 0.944038 0.998850
vt 0.942888 0.943732
vt 0.946491 0.998150
vt 0.202364 0.086797
vt 0.204600 0.138535
vt 0.206312 0.085889
vt 0.927844 0.820965
vt 0.928012 0.843649
vt 0.930963 0.843790
vt 0.212652 0.138530
vt 0.212872 0.088643
vt 0.286173 0.199330
vt 0.287552 0.167566
vt 0.282339 0.167319
vt 0.281484 0.198289
vt 0.982474 0.539705
vt 0.985229 0.487358
vt 0.983349 0.492750
vt 0.980607 0.541396
vt 0.986189 0.486071
vt 0.343667 0.132732
vt 0.341758 0.104486
vt 0.344014 0.141831
vt 0.337702 0.105175
vt 0.338840 0.104674
vt 0.963980 0.306112
vt 0.962265 0.305761
vt 0.958462 0.306915
vt 0.334703 0.100571
vt 0.335573 0.105241
vt 0.346363 0.099188
vt 0.905906 0.405331
vt 0.900392 0.403546
vt 0.898838 0.403925
vt 0.899179 0.356566
vt 0.920929 0.404280
vt 0.919763 0.403510
vt 0.916404 0.405302
vt 0.346244 0.107434
vt 0.342346 0.100832
vt 0.742775 0.587010
vt 0.741141 0.579665
vt 0.737790 0.583764
vt 0.738456 0.591957
vt 0.735552 0.587743
vt 0.732529 0.591841
vt 0.335546 0.102573
vt 0.334519 0.107343
vt 0.728829 0.586816
vt 0.733637 0.583987
vt 0.729187 0.580755
vt 0.340915 0.106864
vt 0.733501 0.575391
vt 0.736278 0.579507
vt 0.345819 0.105514
vt 0.739841 0.573454
vt 0.347793 0.102054
vt 0.350850 0.100447
vt 0.347225 0.099720
vt 0.347965 0.096165
vt 0.337356 0.096007
vt 0.329908 0.099899
vt 0.331226 0.103938
vt 0.327093 0.105271
vt 0.331545 0.107844
vt 0.327344 0.108902
vt 0.338798 0.110576
vt 0.348208 0.109919
vt 0.726202 0.571270
vt 0.353722 0.106426
vt 0.749457 0.566948
vt 0.357744 0.100190
vt 0.354752 0.100413
vt 0.748052 0.571953
vt 0.986935 0.501928
vt 0.987385 0.532284
vt 0.992148 0.533086
vt 0.991799 0.508504
vt 0.202921 0.056434
vt 0.213566 0.057127
vt 0.930853 0.813969
vt 0.883862 0.698354
vt 0.887172 0.665486
vt 0.883134 0.698148
vt 0.981363 0.313329
vt 0.949092 0.075369
vt 0.958835 0.042912
vt 0.950129 0.044231
vt 0.958010 0.074700
vt 0.962761 0.252006
vt 0.943869 0.355666
vt 0.947688 0.322697
vt 0.938048 0.319535
vt 0.934689 0.347484
vt 0.913237 0.227084
vt 0.898241 0.225965
vt 0.957348 0.634708
vt 0.943874 0.607761
vt 0.944488 0.636229
vt 0.958375 0.619979
vt 0.954610 0.606713
vt 0.773892 0.121446
vt 0.777096 0.154673
vt 0.774973 0.139883
vt 0.958970 0.607165
vt 0.762199 0.124015
vt 0.919118 0.354118
vt 0.916545 0.911610
vt 0.914125 0.944503
vt 0.919394 0.998239
vt 0.765265 0.070064
vt 0.766199 0.069520
vt 0.769124 0.069182
vt 0.772857 0.069743
vt 0.777142 0.070133
vt 0.337762 0.115627
vt 0.339344 0.127607
vt 0.952467 0.644134
vt 0.952998 0.667086
vt 0.952026 0.656149
vt 0.346671 0.126711
vt 0.945071 0.644306
vt 0.947370 0.404715
vt 0.942433 0.405660
vt 0.348095 0.135156
vt 0.938519 0.405567
vt 0.934175 0.367558
vt 0.937551 0.404883
vt 0.962114 0.270960
vt 0.982918 0.255866
vt 0.984646 0.256861
vt 0.955260 0.306392
vt 0.930477 0.793355
vt 0.930564 0.805345
vt 0.339889 0.120403
vt 0.887412 0.750046
vt 0.341379 0.132459
vt 0.343190 0.141192
vt 0.348000 0.130988
vt 0.987780 0.492681
vt 0.992298 0.493642
vt 0.986489 0.571846
vt 0.984811 0.571309
vt 0.287196 0.246545
vt 0.283518 0.246663
vt 0.946466 0.912186
vt 0.937976 0.909423
vt 0.935467 0.909110
vt 0.963931 0.075514
vt 0.964067 0.052751
vt 0.961368 0.051848
vt 0.962490 0.034220
vt 0.959608 0.033483
vt 0.920170 0.312589
vt 0.920407 0.201717
vt 0.906196 0.757905
vt 0.902629 0.784335
vt 0.920076 0.227750
vt 0.919936 0.182737
vt 0.536518 0.082493
vt 0.534343 0.083434
vt 0.532628 0.105640
vt 0.887544 0.752401
vt 0.889684 0.752626
vt 0.882943 0.778491
vt 0.883725 0.803583
vt 0.542460 0.103425
vt 0.554931 0.103493
vt 0.555866 0.071938
vt 0.537432 0.073661
vt 0.560023 0.081501
vt 0.561202 0.063617
vt 0.556810 0.062199
vt 0.561794 0.104543
vt 0.561955 0.082209
vt 0.895783 0.504791
vt 0.900222 0.530433
vt 0.918205 0.524113
vt 0.930980 0.916101
vt 0.165734 0.410096
vt 0.161356 0.287360
vt 0.105963 0.287350
vt 0.100131 0.415577
vt 0.314428 0.416079
vt 0.314415 0.252257
vt 0.286444 0.287923
vt 0.284167 0.412850
vt 0.736727 0.160164
vt 0.736712 0.215699
vt 0.777134 0.223768
vt 0.777149 0.168232
vt 0.499304 0.254279
vt 0.502475 0.383913
vt 0.529750 0.416302
vt 0.529879 0.251653
vt 0.636011 0.603374
vt 0.646354 0.768944
vt 0.700268 0.771045
vt 0.701036 0.611394
vt 0.531149 0.108215
vt 0.531121 0.173581
vt 0.561717 0.175160
vt 0.562457 0.110432
vt 0.734086 0.602834
vt 0.730399 0.603436
vt 0.730726 0.607187
vt 0.998970 0.313654
vt 0.998884 0.308025
vt 0.997942 0.299914
vt 0.921898 0.051156
vt 0.921908 0.040960
vt 0.921278 0.037425
vt 0.921903 0.047945
vt 0.735920 0.207292
vt 0.735854 0.202357
vt 0.734893 0.193617
vt 0.734442 0.179523
vt 0.734368 0.184472
vt 0.735461 0.193199
vt 0.950310 0.423005
vt 0.936738 0.423183
vt 0.942993 0.425675
vt 0.945882 0.417535
vt 0.935698 0.410749
vt 0.934220 0.417730
vt 0.948839 0.408628
vt 0.939868 0.407544
vt 0.952888 0.416768
vt 0.942009 0.418364
vt 0.941539 0.414477
vt 0.944991 0.414090
vt 0.986678 0.625454
vt 0.994982 0.632692
vt 0.996484 0.630300
vt 0.989018 0.623555
vt 0.327376 0.020789
vt 0.330149 0.017543
vt 0.327355 0.017229
vt 0.336583 0.009737
vt 0.513348 0.004370
vt 0.513301 0.016801
vt 0.515883 0.016736
vt 0.514998 0.002796
vt 0.186963 0.014911
vt 0.187179 0.002951
vt 0.184107 0.015251
vt 0.185896 0.002865
vt 0.183986 0.003233
vt 0.334867 0.008063
vt 0.742065 0.564133
vt 0.741283 0.563721
vt 0.739507 0.564056
vt 0.740106 0.562020
vt 0.741203 0.559892
vt 0.742631 0.559481
vt 0.739671 0.559236
vt 0.669718 0.237503
vt 0.669541 0.233938
vt 0.667043 0.233811
vt 0.666821 0.237504
vt 0.304811 0.246027
vt 0.304999 0.249591
vt 0.307499 0.249706
vt 0.306669 0.245424
vt 0.310498 0.246071
vt 0.308167 0.246386
vt 0.308527 0.247929
vt 0.335068 0.007272
vt 0.338762 0.008609
vt 0.336601 0.005501
vt 0.738427 0.561417
vt 0.337375 0.010352
vt 0.733930 0.607621
vt 0.999309 0.726012
vt 0.995405 0.712299
vt 0.997072 0.727523
vt 0.999323 0.712024
vt 0.994886 0.159869
vt 0.995622 0.177561
vt 0.997281 0.174040
vt 0.336026 0.034301
vt 0.339052 0.031791
vt 0.998833 0.160065
vt 0.330127 0.020922
vt 0.996504 0.610040
vt 0.993134 0.607974
vt 0.997763 0.177076
vt 0.986670 0.622286
vt 0.991025 0.954117
vt 0.999221 0.935163
vt 0.991020 0.934095
vt 0.873860 0.898681
vt 0.865227 0.919274
vt 0.872142 0.915545
vt 0.999219 0.955346
vt 0.920751 0.468503
vt 0.918972 0.496222
vt 0.925657 0.466612
vt 0.923917 0.496379
vt 0.857570 0.884295
vt 0.853800 0.891750
vt 0.876604 0.888271
vt 0.861247 0.914346
vt 0.857359 0.916343
vt 0.819850 0.186277
vt 0.840852 0.191904
vt 0.838586 0.163526
vt 0.818631 0.170102
vt 0.839599 0.143448
vt 0.819140 0.152636
vt 0.900465 0.671919
vt 0.902385 0.667867
vt 0.896016 0.669962
vt 0.840622 0.123732
vt 0.820743 0.125666
vt 0.868434 0.952224
vt 0.872516 0.990546
vt 0.874363 0.966897
vt 0.876608 0.991447
vt 0.840953 0.101134
vt 0.821336 0.108931
vt 0.585452 0.135767
vt 0.563758 0.124049
vt 0.564740 0.141748
vt 0.586681 0.085274
vt 0.565663 0.086731
vt 0.563865 0.096906
vt 0.585390 0.094955
vt 0.563135 0.111133
vt 0.584800 0.109021
vt 0.859838 0.985783
vt 0.859572 0.976108
vt 0.855686 0.970558
vt 0.856808 0.984195
vt 0.858630 0.964201
vt 0.916610 0.669599
vt 0.912170 0.666641
vt 0.912747 0.671232
vt 0.913903 0.641365
vt 0.913426 0.633100
vt 0.989320 0.474810
vt 0.990894 0.474016
vt 0.986405 0.441742
vt 0.856903 0.945163
vt 0.851578 0.929190
vt 0.911446 0.701201
vt 0.899774 0.707415
vt 0.911823 0.572231
vt 0.899941 0.571633
vt 0.900640 0.602724
vt 0.911771 0.603596
vt 0.955124 0.522478
vt 0.955089 0.530680
vt 0.964950 0.482900
vt 0.954507 0.474217
vt 0.027988 0.094345
vt 0.024802 0.092782
vt 0.022175 0.099513
vt 0.971531 0.933935
vt 0.960444 0.974690
vt 0.971185 0.979156
vt 0.960940 0.929827
vt 0.006768 0.133130
vt 0.965773 0.459172
vt 0.954824 0.462176
vt 0.961204 0.996974
vt 0.970992 0.993784
vt 0.970574 0.999305
vt 0.910747 0.007182
vt 0.899341 0.007583
vt 0.897992 0.020494
vt 0.909318 0.018949
vt 0.971881 0.173328
vt 0.982393 0.174366
vt 0.979964 0.163929
vt 0.968667 0.163633
vt 0.364371 0.105249
vt 0.369944 0.095989
vt 0.369627 0.094399
vt 0.390536 0.096866
vt 0.899812 0.032272
vt 0.905018 0.032304
vt 0.910757 0.031261
vt 0.981017 0.147390
vt 0.972844 0.147613
vt 0.313495 0.426370
vt 0.299410 0.419456
vt 0.298850 0.422381
vt 0.197225 0.548768
vt 0.182879 0.555774
vt 0.195804 0.550838
vt 0.169805 0.552271
vt 0.154038 0.552841
vt 0.270723 0.423732
vt 0.264129 0.423738
vt 0.252109 0.430120
vt 0.151891 0.550156
vt 0.140218 0.548018
vt 0.128354 0.542716
vt 0.124607 0.537030
vt 0.109801 0.523970
vt 0.240259 0.436098
vt 0.102552 0.498912
vt 0.102887 0.483739
vt 0.101296 0.483272
vt 0.218619 0.475146
vt 0.216450 0.487098
vt 0.219439 0.490551
vt 0.108867 0.465006
vt 0.110352 0.465812
vt 0.118191 0.455957
vt 0.114635 0.456042
vt 0.247915 0.530390
vt 0.269758 0.542399
vt 0.267227 0.540476
vt 0.927469 0.419265
vt 0.925096 0.432508
vt 0.928593 0.437699
vt 0.931483 0.420322
vt 0.852999 0.948701
vt 0.871920 0.937012
vt 0.920003 0.511352
vt 0.925035 0.511063
vt 0.922658 0.521932
vt 0.927236 0.521478
vt 0.954238 0.530416
vt 0.951846 0.520153
vt 0.950949 0.529761
vt 0.950220 0.504973
vt 0.945942 0.508397
vt 0.953517 0.436808
vt 0.950946 0.428884
vt 0.947450 0.456144
vt 0.183505 0.552410
vt 0.821493 0.200395
vt 0.840532 0.193402
vt 0.859433 0.882083
vt 0.562507 0.041054
vt 0.560235 0.040750
vt 0.556949 0.060519
vt 0.559268 0.060945
vt 0.995539 0.728324
vt 0.995544 0.748433
vt 0.997745 0.748387
vt 0.997839 0.728431
vt 0.533904 0.785157
vt 0.534291 0.779315
vt 0.531245 0.779267
vt 0.529424 0.783595
vt 0.901585 0.035451
vt 0.905379 0.035309
vt 0.529489 0.775532
vt 0.657317 0.017255
vt 0.654750 0.016415
vt 0.656478 0.019183
vt 0.964956 0.526843
vt 0.453051 0.774602
vt 0.453579 0.783464
vt 0.458379 0.774680
vt 0.461380 0.785066
vt 0.461467 0.775718
vt 0.540906 0.774512
vt 0.540790 0.785181
vt 0.546419 0.785025
vt 0.546408 0.774432
vt 0.452787 0.785129
vt 0.742808 0.003827
vt 0.732577 0.016653
vt 0.742720 0.016193
vt 0.732307 0.004550
vt 0.411490 0.004191
vt 0.410334 0.006231
vt 0.410820 0.018923
vt 0.401090 0.007060
vt 0.402823 0.019066
vt 0.741189 0.019605
vt 0.734343 0.020039
vt 0.908682 0.729370
vt 0.896538 0.729405
vt 0.903546 0.631043
vt 0.915705 0.630998
vt 0.512116 0.015489
vt 0.509178 0.014981
vt 0.508477 0.016858
vt 0.506431 0.013864
vt 0.510259 0.002081
vt 0.512272 0.004628
vt 0.658150 0.006526
vt 0.659867 0.016169
vt 0.659771 0.005075
vt 0.230843 0.021489
vt 0.243090 0.019702
vt 0.243148 0.004854
vt 0.231131 0.006658
vt 0.954815 0.145208
vt 0.955151 0.160141
vt 0.967338 0.146721
vt 0.967432 0.161711
vt 0.976088 0.077538
vt 0.979767 0.090087
vt 0.979912 0.077437
vt 0.171602 0.003957
vt 0.171430 0.016069
vt 0.175018 0.016242
vt 0.507553 0.002951
vt 0.507053 0.002347
vt 0.653298 0.015296
vt 0.655794 0.005865
vt 0.655799 0.004176
vt 0.910338 0.667204
vt 0.071688 0.073188
vt 0.070954 0.081193
vt 0.071539 0.077978
vt 0.916048 0.532577
vt 0.895891 0.532419
vt 0.916561 0.541031
vt 0.152835 0.431146
vt 0.151765 0.434266
vt 0.162353 0.430377
vt 0.954238 0.428642
vt 0.895861 0.570596
vt 0.899859 0.667605
vt 0.900392 0.641526
vt 0.897077 0.641948
vt 0.950769 0.475937
vt 0.946000 0.477593
vt 0.234187 0.518304
vt 0.565789 0.175094
vt 0.586699 0.174391
vt 0.900873 0.666711
vt 0.902526 0.667126
vt 0.225325 0.509018
vt 0.562132 0.441861
vt 0.578500 0.430161
vt 0.572350 0.432363
vt 0.960118 0.772953
vt 0.949655 0.771031
vt 0.949932 0.797803
vt 0.960210 0.817806
vt 0.959419 0.746023
vt 0.952263 0.742591
vt 0.215094 0.555947
vt 0.210421 0.529950
vt 0.198998 0.528978
vt 0.203675 0.555136
vt 0.949891 0.812634
vt 0.213381 0.464925
vt 0.215113 0.451608
vt 0.203807 0.451171
vt 0.199513 0.500439
vt 0.210792 0.502475
vt 0.956072 0.740620
vt 0.912805 0.640234
vt 0.901445 0.640371
vt 0.608442 0.413341
vt 0.607485 0.411859
vt 0.197436 0.420029
vt 0.312126 0.555760
vt 0.917235 0.641708
vt 0.916545 0.571046
vt 0.313636 0.553241
vt 0.197210 0.418953
vt 0.224467 0.502572
vt 0.510420 0.001656
vt 0.175400 0.003745
vt 0.976229 0.089850
vt 0.494099 0.153019
vt 0.495205 0.165427
vt 0.498069 0.165069
vt 0.236822 0.441921
vt 0.227451 0.450769
vt 0.117817 0.534342
vt 0.007389 0.164831
vt 0.006893 0.166281
vt 0.027775 0.164047
vt 0.982414 0.149379
vt 0.001502 0.156534
vt 0.387727 0.168036
vt 0.390776 0.167546
vt 0.369277 0.128843
vt 0.965778 0.526438
vt 0.932227 0.535618
vt 0.929803 0.537558
vt 0.930795 0.541450
vt 0.878487 0.388498
vt 0.878668 0.368599
vt 0.872314 0.367807
vt 0.580102 0.001802
vt 0.579864 0.021820
vt 0.587857 0.020814
vt 0.923076 0.357665
vt 0.927172 0.351248
vt 0.921293 0.329927
vt 0.926284 0.336122
vt 0.926738 0.320883
vt 0.882385 0.399072
vt 0.863364 0.405551
vt 0.860239 0.396518
vt 0.587857 0.002490
vt 0.585463 0.001860
vt 0.846953 0.780270
vt 0.849259 0.782284
vt 0.848547 0.778137
vt 0.868260 0.372719
vt 0.864426 0.370693
vt 0.343405 0.522838
vt 0.357185 0.535437
vt 0.353771 0.531268
vt 0.425548 0.306290
vt 0.430086 0.304544
vt 0.425510 0.301593
vt 0.880931 0.325460
vt 0.882316 0.305926
vt 0.877260 0.312917
vt 0.881879 0.295800
vt 0.877860 0.296529
vt 0.849157 0.850742
vt 0.829140 0.848409
vt 0.840323 0.866889
vt 0.835444 0.867159
vt 0.844997 0.871073
vt 0.849467 0.872888
vt 0.840494 0.870350
vt 0.843989 0.873676
vt 0.799106 0.585919
vt 0.800033 0.589644
vt 0.801442 0.584222
vt 0.865941 0.301507
vt 0.862885 0.303079
vt 0.862413 0.316583
vt 0.866239 0.311072
vt 0.864822 0.333862
vt 0.826991 0.804291
vt 0.827569 0.821752
vt 0.841612 0.816575
vt 0.409320 0.302726
vt 0.413764 0.304904
vt 0.414138 0.300340
vt 0.800212 0.205422
vt 0.778290 0.192870
vt 0.791462 0.216787
vt 0.796344 0.215132
vt 0.583714 0.022635
vt 0.580773 0.055579
vt 0.585285 0.023417
vt 0.829828 0.865185
vt 0.858734 0.358415
vt 0.413118 0.335272
vt 0.424446 0.342129
vt 0.908544 0.956445
vt 0.907745 0.925172
vt 0.896687 0.926539
vt 0.896647 0.957533
vt 0.955102 0.540285
vt 0.954509 0.588396
vt 0.964949 0.579853
vt 0.955059 0.532129
vt 0.419104 0.167679
vt 0.413281 0.162392
vt 0.415939 0.169206
vt 0.671448 0.163468
vt 0.672449 0.162212
vt 0.662757 0.159231
vt 0.662954 0.160673
vt 0.970541 0.725629
vt 0.970220 0.670270
vt 0.959282 0.684887
vt 0.959899 0.729641
vt 0.397834 0.128367
vt 0.965749 0.603352
vt 0.954826 0.600241
vt 0.959602 0.662757
vt 0.970508 0.659464
vt 0.112056 0.027026
vt 0.110984 0.015183
vt 0.099712 0.013495
vt 0.100682 0.026318
vt 0.533237 0.008202
vt 0.542053 0.018223
vt 0.544490 0.008047
vt 0.530692 0.019176
vt 0.835749 0.473626
vt 0.841091 0.485140
vt 0.841340 0.483533
vt 0.861929 0.481940
vt 0.533539 0.033457
vt 0.535407 0.035148
vt 0.543372 0.034318
vt 0.431765 0.785149
vt 0.440870 0.783894
vt 0.431242 0.773720
vt 0.440502 0.774979
vt 0.112071 0.007917
vt 0.100745 0.006259
vt 0.543688 0.029766
vt 0.542737 0.025080
vt 0.528948 0.549765
vt 0.514282 0.553651
vt 0.515303 0.556432
vt 0.097712 0.425772
vt 0.097144 0.423379
vt 0.085638 0.418795
vt 0.054752 0.421353
vt 0.082518 0.421248
vt 0.052673 0.424062
vt 0.486000 0.551940
vt 0.476182 0.551087
vt 0.494283 0.555444
vt 0.467275 0.545243
vt 0.040836 0.426337
vt 0.028868 0.431792
vt 0.010200 0.450790
vt 0.025110 0.437530
vt 0.455351 0.539050
vt 0.003010 0.475953
vt 0.001865 0.491598
vt 0.003448 0.491123
vt 0.053954 0.543535
vt 0.057935 0.542662
vt 0.041098 0.534634
vt 0.009993 0.511817
vt 0.018618 0.521603
vt 0.018939 0.518801
vt 0.011037 0.508998
vt 0.485925 0.431887
vt 0.472723 0.438424
vt 0.455646 0.450132
vt 0.930477 0.405549
vt 0.933770 0.404877
vt 0.928264 0.397853
vt 0.860164 0.338325
vt 0.875304 0.340089
vt 0.879112 0.350110
vt 0.894349 0.984447
vt 0.892476 0.996701
vt 0.897406 0.996461
vt 0.922316 0.314600
vt 0.929537 0.304205
vt 0.924960 0.303768
vt 0.957101 0.311900
vt 0.953119 0.312966
vt 0.948393 0.334777
vt 0.952715 0.338222
vt 0.778673 0.203424
vt 0.786298 0.211255
vt 0.780747 0.213841
vt 0.786069 0.214180
vt 0.794445 0.129650
vt 0.799542 0.158774
vt 0.801596 0.126849
vt 0.795812 0.127083
vt 0.801585 0.215438
vt 0.799550 0.191116
vt 0.953540 0.365941
vt 0.948953 0.367023
vt 0.957091 0.405716
vt 0.951442 0.396007
vt 0.953091 0.405208
vt 0.351787 0.013448
vt 0.349655 0.014118
vt 0.352247 0.034202
vt 0.349989 0.034159
vt 0.024807 0.024037
vt 0.027130 0.023919
vt 0.027037 0.003962
vt 0.024812 0.003927
vt 0.642371 0.004082
vt 0.641504 0.002165
vt 0.639807 0.004916
vt 0.964951 0.535999
vt 0.200056 0.038096
vt 0.192092 0.040031
vt 0.201909 0.042080
vt 0.201448 0.036845
vt 0.672016 0.133777
vt 0.661707 0.124500
vt 0.215249 0.116794
vt 0.214961 0.112750
vt 0.214391 0.126259
vt 0.191051 0.075160
vt 0.201057 0.075174
vt 0.078280 0.277196
vt 0.078198 0.271179
vt 0.077271 0.273921
vt 0.671826 0.111787
vt 0.668808 0.110379
vt 0.664533 0.112742
vt 0.194844 0.087083
vt 0.200767 0.087781
vt 0.671533 0.124087
vt 0.211793 0.179548
vt 0.215004 0.167865
vt 0.212991 0.167179
vt 0.414398 0.363662
vt 0.426521 0.364350
vt 0.910553 0.897635
vt 0.898407 0.898127
vt 0.504660 0.002842
vt 0.501010 0.001485
vt 0.501729 0.003360
vt 0.498959 0.004484
vt 0.501579 0.015768
vt 0.503783 0.015544
vt 0.643184 0.014813
vt 0.644792 0.016271
vt 0.644887 0.005183
vt 0.215883 0.019770
vt 0.227906 0.021523
vt 0.215591 0.004939
vt 0.227847 0.006644
vt 0.264534 0.022154
vt 0.277056 0.020619
vt 0.264844 0.007221
vt 0.277130 0.005628
vt 0.151370 0.003876
vt 0.147544 0.003785
vt 0.147676 0.016489
vt 0.980966 0.089868
vt 0.984385 0.077554
vt 0.980797 0.077720
vt 0.499583 0.015994
vt 0.638328 0.006043
vt 0.640824 0.017162
vt 0.640835 0.015469
vt 0.907600 0.961151
vt 0.913286 0.957409
vt 0.902528 0.959764
vt 0.898084 0.962435
vt 0.415934 0.301054
vt 0.863543 0.407604
vt 0.862579 0.409531
vt 0.863582 0.417299
vt 0.930894 0.641604
vt 0.930856 0.636781
vt 0.930176 0.633594
vt 0.907597 0.995943
vt 0.913370 0.986190
vt 0.902463 0.997146
vt 0.906385 0.962238
vt 0.414545 0.265909
vt 0.410441 0.266413
vt 0.409347 0.283685
vt 0.913409 0.996054
vt 0.892648 0.958773
vt 0.430323 0.275895
vt 0.427040 0.275305
vt 0.426372 0.301944
vt 0.927835 0.364111
vt 0.443458 0.461666
vt 0.786651 0.129240
vt 0.779240 0.162275
vt 0.780693 0.126158
vt 0.778137 0.183880
vt 0.799917 0.171538
vt 0.949963 0.851431
vt 0.950161 0.895925
vt 0.960149 0.876390
vt 0.960495 0.849781
vt 0.951426 0.824517
vt 0.958675 0.821275
vt 0.067121 0.312855
vt 0.062437 0.339467
vt 0.078540 0.312062
vt 0.073861 0.338510
vt 0.960573 0.891038
vt 0.423787 0.301534
vt 0.414963 0.265096
vt 0.425656 0.274043
vt 0.424594 0.265438
vt 0.062952 0.367978
vt 0.066015 0.408089
vt 0.075652 0.407724
vt 0.074230 0.365970
vt 0.954962 0.819194
vt 0.735355 0.165559
vt 0.734505 0.174460
vt 0.735503 0.178464
vt 0.436047 0.479168
vt 0.447070 0.461508
vt 0.484210 0.436354
vt 0.984764 0.090085
vt 0.151215 0.016246
vt 0.435949 0.506032
vt 0.431854 0.487631
vt 0.433930 0.506802
vt 0.442975 0.523820
vt 0.451911 0.533159
vt 0.018246 0.440312
vt 0.398539 0.096234
vt 0.418868 0.097368
vt 0.398033 0.094796
vt 0.392463 0.104608
vt 0.859151 0.410111
vt 0.840608 0.449733
vt 0.862200 0.410593
vt 0.965754 0.536345
vt 0.430109 0.115715
vt 0.428639 0.109894
vt 0.427670 0.113784
vt 0.529137 0.421777
vt 0.098074 0.555347
vt 0.098294 0.554269
vt 0.425516 0.301215
vt 0.392331 0.555745
vt 0.393314 0.554250
vt 0.529008 0.419547
vt 0.504472 0.425885
vt 0.790631 0.127298
vt 0.829770 0.773803
vt 0.898600 0.998986
vt 0.906395 0.998593
vt 0.902507 0.960385
vt 0.848082 0.831329
vt 0.785620 0.126533
vt 0.038583 0.019159
vt 0.038741 0.017032
vt 0.028616 0.019212
vt 0.028426 0.017097
vt 0.556888 0.785169
vt 0.551756 0.775196
vt 0.551737 0.785169
vt 0.913177 0.857480
vt 0.913336 0.856051
vt 0.903021 0.856185
vt 0.903210 0.857533
vt 0.599278 0.775196
vt 0.595113 0.775196
vt 0.595095 0.785169
vt 0.028616 0.003534
vt 0.028436 0.006447
vt 0.038750 0.006467
vt 0.038583 0.003606
vt 0.562228 0.785169
vt 0.562210 0.775195
vt 0.557095 0.775196
vt 0.902723 0.846869
vt 0.892408 0.846905
vt 0.892399 0.856185
vt 0.902713 0.856051
vt 0.922216 0.017422
vt 0.932531 0.017357
vt 0.932540 0.006792
vt 0.922226 0.006772
vt 0.913345 0.846869
vt 0.903030 0.846905
vt 0.902555 0.857480
vt 0.892588 0.857533
vt 0.594988 0.775196
vt 0.590823 0.775196
vt 0.590806 0.785169
vt 0.922406 0.019537
vt 0.557076 0.785169
vt 0.932373 0.019484
vt 0.902555 0.844813
vt 0.599298 0.785168
vt 0.892588 0.844741
vt 0.913177 0.844813
vt 0.595008 0.785168
vt 0.903210 0.844741
vt 0.932373 0.003931
vt 0.922406 0.003859
vt 0.556871 0.775195
vt 0.201692 0.098456
vt 0.192748 0.132978
vt 0.201691 0.132635
vt 0.990138 0.042194
vt 0.988120 0.051071
vt 0.988587 0.052378
vt 0.873995 0.879384
vt 0.858734 0.880255
vt 0.876170 0.880330
vt 0.192467 0.098134
vt 0.174076 0.098092
vt 0.174726 0.132938
vt 0.852717 0.849788
vt 0.852331 0.858969
vt 0.861922 0.863115
vt 0.851776 0.868067
vt 0.851420 0.876473
vt 0.852751 0.877530
vt 0.875225 0.855290
vt 0.875183 0.871332
vt 0.166905 0.098570
vt 0.168822 0.115173
vt 0.168140 0.132443
vt 0.980605 0.038673
vt 0.980427 0.072932
vt 0.988841 0.041829
vt 0.987661 0.064660
vt 0.990135 0.076889
vt 0.892523 0.015412
vt 0.894146 0.007977
vt 0.889205 0.009745
vt 0.702029 0.005988
vt 0.711896 0.039945
vt 0.712098 0.006199
vt 0.884002 0.011379
vt 0.884508 0.045237
vt 0.889463 0.042472
vt 0.861290 0.846320
vt 0.851843 0.847357
vt 0.873733 0.847358
vt 0.876168 0.846332
vt 0.853069 0.866761
vt 0.853409 0.860141
vt 0.853400 0.847471
vt 0.852963 0.878991
vt 0.701777 0.040115
vt 0.978702 0.056451
vt 0.892130 0.032649
vt 0.515269 0.040082
vt 0.515781 0.028232
vt 0.514105 0.017397
vt 0.848494 0.394506
vt 0.847931 0.407530
vt 0.857565 0.407270
vt 0.857086 0.394755
vt 0.072950 0.040255
vt 0.090176 0.040968
vt 0.089010 0.021753
vt 0.794604 0.028521
vt 0.777796 0.018119
vt 0.780378 0.039575
vt 0.795344 0.040108
vt 0.183541 0.017810
vt 0.166757 0.016956
vt 0.181159 0.041783
vt 0.498415 0.041029
vt 0.183333 0.031015
vt 0.166887 0.041042
vt 0.795739 0.017420
vt 0.090366 0.017622
vt 0.075375 0.017983
vt 0.499776 0.017540
vt 0.192721 0.090260
vt 0.174653 0.089618
vt 0.794644 0.016854
vt 0.794407 0.004330
vt 0.786677 0.004013
vt 0.786672 0.016184
vt 0.192919 0.140132
vt 0.998663 0.452195
vt 0.998415 0.451338
vt 0.991141 0.454696
vt 0.991764 0.455825
vt 0.992614 0.455584
vt 0.175736 0.140226
vt 0.986477 0.633388
vt 0.995321 0.635124
vt 0.996058 0.633605
vt 0.894085 0.041611
vt 0.988271 0.069387
vt 0.995968 0.644764
vt 0.749571 0.017265
vt 0.759391 0.030608
vt 0.759972 0.015653
vt 0.749077 0.041643
vt 0.749256 0.051505
vt 0.760797 0.053611
vt 0.993985 0.392058
vt 0.993934 0.368527
vt 0.983037 0.369724
vt 0.983392 0.405094
vt 0.993631 0.406246
vt 0.480904 0.015454
vt 0.479179 0.014377
vt 0.479825 0.038028
vt 0.636096 0.050930
vt 0.633979 0.015729
vt 0.624550 0.052930
vt 0.625551 0.036829
vt 0.636675 0.041015
vt 0.625781 0.014964
vt 0.626009 0.032033
vt 0.325200 0.013083
vt 0.324158 0.028386
vt 0.325246 0.030117
vt 0.625300 0.032246
vt 0.624812 0.036368
vt 0.325082 0.034589
vt 0.324088 0.036373
vt 0.325249 0.051122
vt 0.315852 0.036000
vt 0.315825 0.029122
vt 0.313367 0.050124
vt 0.749650 0.025383
vt 0.313481 0.014932
vt 0.468808 0.049273
vt 0.468866 0.014738
vt 0.467701 0.034712
vt 0.312405 0.051053
vt 0.300052 0.015987
vt 0.298772 0.027338
vt 0.299668 0.043674
vt 0.299923 0.050727
vt 0.311695 0.027449
vt 0.312704 0.015713
vt 0.480557 0.049637
vt 0.636257 0.024855
vt 0.636951 0.016990
vt 0.465455 0.005811
vt 0.462287 0.010126
vt 0.464424 0.007269
vt 0.502067 0.784219
vt 0.508818 0.784459
vt 0.509000 0.776118
vt 0.502448 0.775680
vt 0.590843 0.007815
vt 0.601611 0.006993
vt 0.599264 0.006231
vt 0.968001 0.898501
vt 0.978777 0.897564
vt 0.976437 0.896801
vt 0.966804 0.907141
vt 0.968399 0.910448
vt 0.589648 0.016241
vt 0.591241 0.019492
vt 0.311567 0.248948
vt 0.312685 0.246395
vt 0.311161 0.247318
vt 0.314532 0.246496
vt 0.312887 0.249692
vt 0.314918 0.250353
vt 0.752276 0.607353
vt 0.749148 0.605209
vt 0.750393 0.607508
vt 0.750683 0.604055
vt 0.752690 0.603364
vt 0.646968 0.013021
vt 0.646148 0.013572
vt 0.652067 0.013393
vt 0.996183 0.794916
vt 0.999248 0.791283
vt 0.996449 0.791461
vt 0.995848 0.681726
vt 0.998891 0.678098
vt 0.996091 0.678291
vt 0.996194 0.804154
vt 0.999250 0.807791
vt 0.995687 0.690831
vt 0.998895 0.694617
vt 0.646225 0.004951
vt 0.866236 0.433194
vt 0.862527 0.433326
vt 0.862525 0.440732
vt 0.866238 0.440864
vt 0.700944 0.780907
vt 0.702641 0.773504
vt 0.699852 0.773502
vt 0.870035 0.433195
vt 0.866327 0.433326
vt 0.866327 0.440732
vt 0.870039 0.440864
vt 0.296275 0.249758
vt 0.298937 0.250348
vt 0.298022 0.245656
vt 0.299218 0.249640
vt 0.301861 0.250348
vt 0.301108 0.245620
vt 0.647399 0.017200
vt 0.651080 0.017178
vt 0.996451 0.807572
vt 0.996093 0.694403
vt 0.651815 0.005129
vt 0.651010 0.001224
vt 0.647329 0.001247
vt 0.816237 0.867496
vt 0.821015 0.872272
vt 0.823247 0.869370
vt 0.819141 0.865264
vt 0.844321 0.404222
vt 0.836915 0.404222
vt 0.837714 0.407529
vt 0.843522 0.407529
vt 0.813333 0.865264
vt 0.816237 0.877050
vt 0.819141 0.879282
vt 0.823247 0.875176
vt 0.847629 0.403424
vt 0.811459 0.872273
vt 0.809226 0.875176
vt 0.813333 0.879282
vt 0.844321 0.396819
vt 0.847629 0.397617
vt 0.843522 0.393511
vt 0.833607 0.403424
vt 0.809226 0.869370
vt 0.836915 0.396819
vt 0.833607 0.397617
vt 0.837714 0.393511
vt 0.801898 0.786759
vt 0.794492 0.786759
vt 0.795033 0.790688
vt 0.801356 0.790688
vt 0.794492 0.779356
vt 0.795033 0.775427
vt 0.790562 0.779897
vt 0.808529 0.783058
vt 0.806132 0.779897
vt 0.806132 0.786219
vt 0.819001 0.783058
vt 0.813765 0.788292
vt 0.816926 0.790688
vt 0.821397 0.786219
vt 0.801898 0.779356
vt 0.805827 0.779897
vt 0.801356 0.775427
vt 0.813765 0.777823
vt 0.821397 0.779897
vt 0.816926 0.775427
vt 0.805827 0.786219
vt 0.790562 0.786219
vt 0.810603 0.775427
vt 0.810603 0.790688
vt 0.449516 0.785167
vt 0.452583 0.779932
vt 0.447347 0.774698
vt 0.443645 0.783634
vt 0.442111 0.777764
vt 0.491595 0.778421
vt 0.492995 0.783777
vt 0.499752 0.783777
vt 0.496373 0.775622
vt 0.501152 0.778421
vt 0.928956 0.418086
vt 0.928956 0.411342
vt 0.926356 0.418069
vt 0.422563 0.168347
vt 0.419505 0.169159
vt 0.429948 0.169469
vt 0.141381 0.089274
vt 0.143955 0.099144
vt 0.143955 0.089249
vt 0.754336 0.015008
vt 0.756910 0.015061
vt 0.754336 0.000937
vt 0.756910 0.000990
vt 0.297381 0.091326
vt 0.299955 0.091308
vt 0.297381 0.081439
vt 0.299955 0.081414
vt 0.141381 0.099162
vt 0.071677 0.115655
vt 0.071677 0.111698
vt 0.069078 0.111698
vt 0.069078 0.115655
vt 0.924826 0.541705
vt 0.927426 0.541722
vt 0.927426 0.534978
vt 0.885376 0.593638
vt 0.887976 0.593602
vt 0.887976 0.584012
vt 0.926356 0.411330
vt 0.924826 0.534966
vt 0.885376 0.584048
vt 0.888076 0.434742
vt 0.888094 0.727478
vt 0.895467 0.434742
vt 0.702748 0.799245
vt 0.702771 0.852435
vt 0.710139 0.799245
vt 0.710152 0.852435
vt 0.731136 0.097605
vt 0.731136 0.150794
vt 0.735473 0.150794
vt 0.735473 0.097605
vt 0.986217 0.143951
vt 0.986200 0.090761
vt 0.975705 0.143951
vt 0.976111 0.091816
vt 0.897664 0.403727
vt 0.897645 0.110991
vt 0.890272 0.403727
vt 0.422563 0.116280
vt 0.429955 0.116279
vt 0.890259 0.110991
vt 0.882707 0.110991
vt 0.882725 0.403727
vt 0.890098 0.110991
vt 0.890111 0.403727
vt 0.681661 0.407630
vt 0.681642 0.114894
vt 0.674269 0.407630
vt 0.674256 0.114894
vt 0.895480 0.727478
vt 0.997051 0.292544
vt 0.999518 0.292486
vt 0.999518 0.277168
vt 0.735492 0.096965
vt 0.735492 0.086193
vt 0.733025 0.096938
vt 0.733025 0.086174
vt 0.918870 0.407254
vt 0.918870 0.418018
vt 0.921336 0.407273
vt 0.921336 0.418045
vt 0.997051 0.277226
vt 0.643253 0.191648
vt 0.631847 0.167662
vt 0.628845 0.194665
vt 0.643530 0.203731
vt 0.645430 0.213376
vt 0.728066 0.499940
vt 0.728071 0.451784
vt 0.703130 0.476202
vt 0.350483 0.340284
vt 0.350483 0.313711
vt 0.332470 0.366783
vt 0.404195 0.511314
vt 0.404282 0.464525
vt 0.394584 0.485929
vt 0.844639 0.092170
vt 0.841510 0.131948
vt 0.846119 0.077861
vt 0.711834 0.551038
vt 0.691253 0.475721
vt 0.688343 0.556495
vt 0.752792 0.771183
vt 0.750476 0.690371
vt 0.732593 0.690391
vt 0.740094 0.769675
vt 0.721664 0.765396
vt 0.708588 0.768494
vt 0.231401 0.414660
vt 0.230791 0.345579
vt 0.216048 0.415471
vt 0.254396 0.354931
vt 0.860517 0.190558
vt 0.875736 0.212241
vt 0.877835 0.151187
vt 0.682549 0.353574
vt 0.687216 0.409087
vt 0.684492 0.365880
vt 0.683612 0.323384
vt 0.219569 0.345568
vt 0.394506 0.517140
vt 0.842491 0.131959
vt 0.710681 0.703233
vt 0.362112 0.405038
vt 0.358712 0.339854
vt 0.352460 0.407737
vt 0.861995 0.154148
vt 0.278878 0.416558
vt 0.275748 0.355181
vt 0.259202 0.415935
vt 0.407165 0.554918
vt 0.396292 0.555783
vt 0.730154 0.546403
vt 0.331134 0.380596
vt 0.329008 0.393809
vt 0.646227 0.792004
vt 0.658042 0.786407
vt 0.657287 0.784286
vt 0.644413 0.790509
vt 0.639446 0.802927
vt 0.637220 0.802232
vt 0.637318 0.820324
vt 0.634948 0.820542
vt 0.641773 0.833427
vt 0.639707 0.834515
vt 0.651661 0.843951
vt 0.650303 0.845822
vt 0.672515 0.849847
vt 0.672695 0.852189
vt 0.685944 0.845408
vt 0.685467 0.849148
vt 0.693926 0.840558
vt 0.698738 0.827262
vt 0.700966 0.828473
vt 0.702003 0.801219
vt 0.699751 0.800980
vt 0.695451 0.790727
vt 0.697286 0.789172
vt 0.686364 0.783924
vt 0.687184 0.781688
vt 0.618153 0.173526
vt 0.609841 0.201987
vt 0.664192 0.220457
vt 0.670922 0.207346
vt 0.625076 0.226044
vt 0.667471 0.172125
vt 0.977711 0.075830
vt 0.977454 0.046576
vt 0.964630 0.045894
vt 0.965964 0.067035
vt 0.978244 0.026812
vt 0.965549 0.026593
vt 0.974336 0.657860
vt 0.961526 0.645982
vt 0.961701 0.657800
vt 0.970035 0.628624
vt 0.959276 0.628085
vt 0.972423 0.616116
vt 0.966477 0.615405
vt 0.974345 0.607177
vt 0.968769 0.606200
vt 0.971291 0.423229
vt 0.983737 0.423417
vt 0.978690 0.422806
vt 0.972208 0.457541
vt 0.985076 0.457915
vt 0.984864 0.446051
vt 0.970915 0.405515
vt 0.970532 0.386553
vt 0.957842 0.387533
vt 0.958077 0.405828
vt 0.969761 0.364476
vt 0.957783 0.362013
vt 0.970907 0.348007
vt 0.958962 0.347171
vt 0.965668 0.076744
vt 0.991019 0.753662
vt 0.992235 0.765674
vt 0.993897 0.756601
vt 0.671778 0.182409
vt 0.614166 0.215149
vt 0.611609 0.184555
vt 0.026753 0.059289
vt 0.026911 0.041627
vt 0.024848 0.060425
vt 0.996973 0.410745
vt 0.997731 0.399157
vt 0.996084 0.398491
vt 0.997096 0.368645
vt 0.497380 0.005639
vt 0.495092 0.014815
vt 0.496925 0.015230
vt 0.496058 0.038125
vt 0.497102 0.049456
vt 0.497912 0.038004
vt 0.852417 0.134461
vt 0.850644 0.133511
vt 0.851419 0.154862
vt 0.852119 0.107397
vt 0.852031 0.096925
vt 0.026920 0.081700
vt 0.992235 0.721599
vt 0.995282 0.721682
vt 0.658361 0.165302
vt 0.980470 0.413458
vt 0.985083 0.413549
vt 0.112818 0.018837
vt 0.120760 0.027284
vt 0.123149 0.025055
vt 0.115229 0.014899
vt 0.315642 0.407016
vt 0.315515 0.394755
vt 0.897455 0.046242
vt 0.888341 0.055748
vt 0.897259 0.067478
vt 0.888348 0.068533
vt 0.882638 0.089988
vt 0.896314 0.087922
vt 0.883782 0.107451
vt 0.897587 0.107118
vt 0.740767 0.554373
vt 0.740745 0.545510
vt 0.865853 0.151149
vt 0.657131 0.088977
vt 0.660949 0.087539
vt 0.660191 0.086165
vt 0.862418 0.222215
vt 0.861654 0.222215
vt 0.865926 0.212699
vt 0.275691 0.337340
vt 0.863591 0.222215
vt 0.866360 0.213748
vt 0.361553 0.129421
vt 0.362358 0.095501
vt 0.359309 0.095537
vt 0.358397 0.124643
vt 0.359309 0.153925
vt 0.730475 0.045225
vt 0.727311 0.043019
vt 0.728735 0.067409
vt 0.362359 0.153924
vt 0.731387 0.017548
vt 0.728342 0.017553
vt 0.465411 0.068778
vt 0.462918 0.056290
vt 0.459872 0.056404
vt 0.465409 0.026453
vt 0.731782 0.067479
vt 0.995283 0.765713
vt 0.961864 0.615270
vt 0.462365 0.068893
vt 0.462365 0.026455
vt 0.945348 0.045475
vt 0.941908 0.032607
vt 0.939680 0.033917
vt 0.941059 0.019330
vt 0.945342 0.005782
vt 0.991701 0.550759
vt 0.992658 0.534002
vt 0.987703 0.533884
vt 0.986730 0.551828
vt 0.992658 0.572420
vt 0.987703 0.572435
vt 0.883393 0.068567
vt 0.112301 0.013885
vt 0.122960 0.004081
vt 0.298309 0.028802
vt 0.298386 0.013695
vt 0.296555 0.013615
vt 0.646211 0.096092
vt 0.644746 0.231531
vt 0.656568 0.228787
vt 0.396618 0.210627
vt 0.382211 0.207610
vt 0.385213 0.234613
vt 0.396896 0.198544
vt 0.398796 0.188899
vt 0.332485 0.287212
vt 0.710681 0.677524
vt 0.702339 0.677094
vt 0.702339 0.703658
vt 0.394480 0.453397
vt 0.844639 0.171741
vt 0.846120 0.186049
vt 0.711834 0.400385
vt 0.688343 0.394927
vt 0.752792 0.609576
vt 0.740094 0.611084
vt 0.721664 0.615363
vt 0.708588 0.612264
vt 0.333142 0.327002
vt 0.231402 0.276479
vt 0.216048 0.275668
vt 0.254338 0.336213
vt 0.861988 0.290133
vt 0.877835 0.293244
vt 0.875734 0.232174
vt 0.682898 0.316388
vt 0.686187 0.292600
vt 0.687216 0.267737
vt 0.362112 0.248959
vt 0.352460 0.246260
vt 0.358712 0.314144
vt 0.278878 0.274582
vt 0.259202 0.275204
vt 0.407165 0.415185
vt 0.396292 0.414320
vt 0.730154 0.405019
vt 0.329008 0.260188
vt 0.331134 0.273402
vt 0.769447 0.851804
vt 0.767634 0.853299
vt 0.780507 0.859522
vt 0.781263 0.857401
vt 0.762666 0.840881
vt 0.760441 0.841576
vt 0.760539 0.823484
vt 0.758168 0.823266
vt 0.764994 0.810381
vt 0.762928 0.809293
vt 0.774881 0.799857
vt 0.773524 0.797986
vt 0.795735 0.793960
vt 0.795915 0.791619
vt 0.809165 0.798400
vt 0.817147 0.803250
vt 0.808688 0.794660
vt 0.821958 0.816546
vt 0.824187 0.815335
vt 0.825223 0.842589
vt 0.822971 0.842828
vt 0.818672 0.853081
vt 0.820506 0.854636
vt 0.809584 0.859884
vt 0.810405 0.862120
vt 0.363207 0.200289
vt 0.371519 0.228749
vt 0.424288 0.194929
vt 0.417557 0.181818
vt 0.378442 0.176231
vt 0.420837 0.230150
vt 0.979339 0.554154
vt 0.967586 0.562949
vt 0.966258 0.584091
vt 0.979082 0.583409
vt 0.967180 0.603391
vt 0.979872 0.603172
vt 0.975481 0.092303
vt 0.962847 0.092362
vt 0.962671 0.104181
vt 0.960421 0.122078
vt 0.971180 0.121539
vt 0.967621 0.134758
vt 0.973567 0.134047
vt 0.969914 0.143963
vt 0.975490 0.142986
vt 0.971082 0.720151
vt 0.978481 0.720574
vt 0.983528 0.719964
vt 0.971999 0.685839
vt 0.984655 0.697329
vt 0.984868 0.685465
vt 0.968302 0.163531
vt 0.955464 0.163218
vt 0.955228 0.181514
vt 0.967918 0.182493
vt 0.955161 0.207032
vt 0.967147 0.204569
vt 0.956349 0.221875
vt 0.968294 0.221039
vt 0.967296 0.553240
vt 0.990840 0.685625
vt 0.995283 0.676602
vt 0.992235 0.676641
vt 0.425144 0.219866
vt 0.367532 0.187126
vt 0.364975 0.217720
vt 0.953152 0.583733
vt 0.951248 0.582597
vt 0.953311 0.601394
vt 0.588114 0.041650
vt 0.587224 0.053904
vt 0.588872 0.053237
vt 0.588237 0.083749
vt 0.996600 0.342938
vt 0.996146 0.333347
vt 0.994312 0.333761
vt 0.995278 0.310452
vt 0.997132 0.310573
vt 0.996322 0.299120
vt 0.282705 0.295081
vt 0.281707 0.274681
vt 0.280932 0.296032
vt 0.282407 0.322146
vt 0.282320 0.332618
vt 0.953320 0.561321
vt 0.411727 0.236973
vt 0.986428 0.916393
vt 0.988839 0.920331
vt 0.996759 0.910175
vt 0.994370 0.907946
vt 0.315634 0.246981
vt 0.315515 0.259242
vt 0.958861 0.729793
vt 0.958666 0.708557
vt 0.949748 0.720286
vt 0.949754 0.707501
vt 0.957721 0.688111
vt 0.944044 0.686047
vt 0.958993 0.668916
vt 0.945189 0.668584
vt 0.740767 0.397049
vt 0.740745 0.405913
vt 0.865853 0.293281
vt 0.631136 0.161011
vt 0.634196 0.163824
vt 0.634954 0.162449
vt 0.865926 0.231732
vt 0.866360 0.230683
vt 0.992235 0.720708
vt 0.995281 0.720592
vt 0.993900 0.685754
vt 0.429586 0.206435
vt 0.426430 0.211212
vt 0.427342 0.240319
vt 0.430391 0.240355
vt 0.427342 0.181931
vt 0.992927 0.315099
vt 0.991171 0.293210
vt 0.989746 0.317600
vt 0.430392 0.181932
vt 0.990778 0.343066
vt 0.993822 0.343071
vt 0.399745 0.011767
vt 0.396700 0.011653
vt 0.397252 0.024255
vt 0.994218 0.293140
vt 0.963009 0.134893
vt 0.394207 0.024141
vt 0.396700 0.054091
vt 0.399743 0.054093
vt 0.980261 0.729922
vt 0.984874 0.729831
vt 0.424252 0.006575
vt 0.418584 0.018133
vt 0.420812 0.019443
vt 0.419963 0.032719
vt 0.424246 0.046268
vt 0.991641 0.879285
vt 0.986670 0.878216
vt 0.987644 0.896159
vt 0.992599 0.896042
vt 0.992599 0.857624
vt 0.987644 0.857609
vt 0.944800 0.707468
vt 0.985911 0.921345
vt 0.996570 0.931149
vt 0.362396 0.004724
vt 0.360642 0.019910
vt 0.362474 0.019830
vt 0.620216 0.153896
vt 0.409934 0.173488
vt 0.398112 0.170744
vt 0.964759 0.006151
vt 0.964423 0.025662
vt 0.977036 0.025102
vt 0.977381 0.006143
vt 0.960190 0.999331
vt 0.959677 0.978183
vt 0.947590 0.998415
vt 0.946976 0.962350
vt 0.959034 0.953263
vt 0.712475 0.005204
vt 0.712444 0.022449
vt 0.724994 0.023415
vt 0.724994 0.004737
vt 0.966358 0.552451
vt 0.978983 0.552394
vt 0.978801 0.532257
vt 0.966185 0.531693
vt 0.954286 0.223398
vt 0.941661 0.224366
vt 0.953802 0.245030
vt 0.940963 0.263141
vt 0.953056 0.270961
vt 0.761756 0.022947
vt 0.774277 0.023506
vt 0.774277 0.004665
vt 0.761711 0.005471
vt 0.820623 0.337433
vt 0.822704 0.325895
vt 0.820935 0.324917
vt 0.818618 0.337351
vt 0.854336 0.489773
vt 0.872155 0.496935
vt 0.853516 0.488130
vt 0.836908 0.312309
vt 0.835227 0.311509
vt 0.851755 0.565672
vt 0.837126 0.553116
vt 0.850412 0.567054
vt 0.857572 0.384026
vt 0.840447 0.389709
vt 0.839974 0.391568
vt 0.836221 0.541577
vt 0.834273 0.541655
vt 0.835657 0.375165
vt 0.834205 0.376526
vt 0.837933 0.527539
vt 0.836146 0.526860
vt 0.822233 0.352117
vt 0.820409 0.352851
vt 0.850263 0.504576
vt 0.852595 0.571500
vt 0.166597 0.003547
vt 0.166440 0.016243
vt 0.170967 0.015935
vt 0.170967 0.003268
vt 0.846070 0.308143
vt 0.854107 0.304555
vt 0.852406 0.303226
vt 0.998238 0.159544
vt 0.998238 0.146842
vt 0.994883 0.146447
vt 0.994945 0.159159
vt 0.837864 0.306406
vt 0.885152 0.597146
vt 0.885152 0.584455
vt 0.881811 0.584892
vt 0.881742 0.597597
vt 0.856565 0.295763
vt 0.869883 0.597381
vt 0.869765 0.584799
vt 0.857852 0.596812
vt 0.860576 0.569881
vt 0.866680 0.574782
vt 0.868237 0.573292
vt 0.540373 0.785163
vt 0.540373 0.774282
vt 0.535221 0.776498
vt 0.535340 0.784301
vt 0.871332 0.582875
vt 0.551594 0.785163
vt 0.551594 0.774289
vt 0.547438 0.775285
vt 0.547283 0.783066
vt 0.917660 0.532660
vt 0.917697 0.541684
vt 0.919320 0.541690
vt 0.919322 0.532661
vt 0.881593 0.584959
vt 0.870119 0.584139
vt 0.870541 0.596911
vt 0.881593 0.597593
vt 0.985660 0.999460
vt 0.983540 0.969575
vt 0.973345 0.957271
vt 0.972972 0.998324
vt 0.985664 0.956776
vt 0.971802 0.661728
vt 0.971449 0.684685
vt 0.984126 0.684757
vt 0.984120 0.662426
vt 0.852467 0.016939
vt 0.852467 0.004290
vt 0.841694 0.005021
vt 0.841288 0.017807
vt 0.983961 0.772525
vt 0.971244 0.773686
vt 0.971612 0.817406
vt 0.981937 0.804557
vt 0.983964 0.817972
vt 0.128355 0.033882
vt 0.140689 0.033145
vt 0.140696 0.011051
vt 0.128022 0.010975
vt 0.902798 0.126115
vt 0.900214 0.109199
vt 0.897976 0.109117
vt 0.900710 0.126951
vt 0.306582 0.099975
vt 0.314152 0.089127
vt 0.312683 0.087323
vt 0.304434 0.099094
vt 0.903270 0.095847
vt 0.903388 0.091829
vt 0.325963 0.082795
vt 0.910592 0.085350
vt 0.921738 0.074869
vt 0.920588 0.073300
vt 0.326346 0.152380
vt 0.314688 0.142175
vt 0.313158 0.143926
vt 0.324908 0.153781
vt 0.306964 0.131332
vt 0.304853 0.132296
vt 0.921378 0.142745
vt 0.910013 0.136613
vt 0.908581 0.138359
vt 0.303633 0.117507
vt 0.301316 0.117588
vt 0.301848 0.002565
vt 0.301841 0.015170
vt 0.305060 0.015116
vt 0.305060 0.002497
vt 0.179594 0.016246
vt 0.179594 0.003622
vt 0.175789 0.003525
vt 0.175798 0.016136
vt 0.925342 0.897487
vt 0.925493 0.910180
vt 0.930115 0.910561
vt 0.930115 0.897908
vt 0.054642 0.025873
vt 0.067294 0.025788
vt 0.066978 0.006828
vt 0.054341 0.006360
vt 0.960156 0.077948
vt 0.947534 0.078752
vt 0.959852 0.098528
vt 0.946830 0.124484
vt 0.959036 0.123506
vt 0.261970 0.004606
vt 0.249608 0.005939
vt 0.249437 0.023723
vt 0.261970 0.022786
vt 0.820693 0.393615
vt 0.820455 0.414373
vt 0.833090 0.413900
vt 0.833337 0.393762
vt 0.954435 0.222012
vt 0.953705 0.200613
vt 0.941842 0.221072
vt 0.953065 0.174824
vt 0.940878 0.173804
vt 0.012660 0.024053
vt 0.012660 0.005282
vt 0.000125 0.004524
vt 0.000297 0.022845
vt 0.168821 0.194648
vt 0.166816 0.194593
vt 0.168269 0.207156
vt 0.170102 0.206302
vt 0.842175 0.291487
vt 0.841257 0.293141
vt 0.859298 0.284766
vt 0.181602 0.221514
vt 0.183335 0.220832
vt 0.834544 0.217510
vt 0.833115 0.216216
vt 0.819753 0.231858
vt 0.821563 0.232379
vt 0.208893 0.150661
vt 0.190209 0.142593
vt 0.190737 0.144484
vt 0.185068 0.156585
vt 0.186422 0.158043
vt 0.820039 0.258050
vt 0.821797 0.257297
vt 0.169347 0.179371
vt 0.171467 0.180067
vt 0.835464 0.280101
vt 0.836773 0.278687
vt 0.835009 0.211641
vt 0.151994 0.016140
vt 0.156356 0.016501
vt 0.156356 0.003836
vt 0.151838 0.003441
vt 0.192188 0.225619
vt 0.207407 0.235655
vt 0.208832 0.234208
vt 0.052534 0.002290
vt 0.049249 0.002752
vt 0.049187 0.015462
vt 0.052534 0.014985
vt 0.183881 0.226788
vt 0.183082 0.003545
vt 0.179666 0.003153
vt 0.179736 0.015860
vt 0.183082 0.016242
vt 0.427458 0.005969
vt 0.429548 0.024573
vt 0.440072 0.016707
vt 0.440072 0.005719
vt 0.843077 0.212746
vt 0.859159 0.203889
vt 0.857791 0.202426
vt 0.437379 0.024948
vt 0.995623 0.367508
vt 0.992934 0.349461
vt 0.985217 0.349180
vt 0.983010 0.367208
vt 0.922164 0.632573
vt 0.920228 0.632440
vt 0.920241 0.641498
vt 0.922163 0.641624
vt 0.925180 0.909636
vt 0.925180 0.897018
vt 0.914132 0.897797
vt 0.913710 0.910556
vt 0.985533 0.913233
vt 0.972814 0.914386
vt 0.973186 0.955441
vt 0.983582 0.943117
vt 0.985535 0.955920
vt 0.780399 0.584302
vt 0.792746 0.583806
vt 0.792753 0.561462
vt 0.780062 0.561328
vt 0.971569 0.078654
vt 0.960401 0.077589
vt 0.960806 0.090356
vt 0.971569 0.091278
vt 0.979978 0.530857
vt 0.977802 0.498824
vt 0.967657 0.485999
vt 0.967288 0.529718
vt 0.979982 0.485412
vt 0.935121 0.295468
vt 0.934804 0.318390
vt 0.947481 0.318153
vt 0.947473 0.296050
vt 0.858746 0.096154
vt 0.856658 0.095317
vt 0.853919 0.113150
vt 0.856157 0.113068
vt 0.741498 0.140492
vt 0.739350 0.141373
vt 0.747601 0.153144
vt 0.749070 0.151340
vt 0.859334 0.130439
vt 0.859217 0.126421
vt 0.760879 0.157672
vt 0.866542 0.136919
vt 0.876538 0.148969
vt 0.877687 0.147400
vt 0.761261 0.088087
vt 0.759824 0.086686
vt 0.748075 0.096541
vt 0.749606 0.098292
vt 0.739766 0.108172
vt 0.741878 0.109136
vt 0.877328 0.079524
vt 0.864531 0.083910
vt 0.865963 0.085656
vt 0.736225 0.122881
vt 0.738541 0.122963
vt 0.298564 0.015107
vt 0.301776 0.015170
vt 0.301776 0.002520
vt 0.298557 0.002470
vt 0.975524 0.078555
vt 0.971727 0.078655
vt 0.971719 0.091288
vt 0.975524 0.091200
vt 0.991002 0.425469
vt 0.995783 0.425143
vt 0.995783 0.412486
vt 0.991153 0.412778
vt 0.931553 0.157472
vt 0.931604 0.144875
vt 0.920904 0.145333
vt 0.920917 0.156161
vt 0.857850 0.585976
vt 0.941789 0.292264
vt 0.954282 0.293248
vt 0.960185 0.932481
vt 0.947672 0.933386
vt 0.954433 0.153403
vt 0.942061 0.154594
vt 0.947761 0.142521
vt 0.960155 0.143795
vt 0.477509 0.784198
vt 0.473634 0.783490
vt 0.478150 0.784787
vt 0.482750 0.781105
vt 0.485160 0.776915
vt 0.482012 0.779474
vt 0.214965 0.081157
vt 0.214001 0.081037
vt 0.214729 0.086776
vt 0.973198 0.237203
vt 0.979061 0.237477
vt 0.971041 0.232072
vt 0.866008 0.031303
vt 0.865697 0.036188
vt 0.868103 0.024565
vt 0.860672 0.038676
vt 0.856401 0.034980
vt 0.854503 0.042702
vt 0.857350 0.030179
vt 0.854104 0.031626
vt 0.861982 0.028597
vt 0.864287 0.019006
vt 0.522811 0.778703
vt 0.525223 0.776864
vt 0.519806 0.779107
vt 0.521419 0.781124
vt 0.521240 0.784318
vt 0.523636 0.782850
vt 0.525353 0.784840
vt 0.525634 0.780320
vt 0.527902 0.781522
vt 0.513326 0.782361
vt 0.510224 0.781562
vt 0.513613 0.784952
vt 0.512609 0.779431
vt 0.511308 0.777521
vt 0.515636 0.779028
vt 0.515309 0.776429
vt 0.518628 0.778978
vt 0.516354 0.781958
vt 0.518082 0.783125
vt 0.973509 0.246048
vt 0.978662 0.248552
vt 0.140865 0.081050
vt 0.140863 0.086633
vt 0.142143 0.084161
vt 0.661321 0.090703
vt 0.661319 0.096286
vt 0.662601 0.093149
vt 0.839642 0.043712
vt 0.839643 0.049286
vt 0.840917 0.045942
vt 0.214016 0.042709
vt 0.214015 0.048278
vt 0.215290 0.045767
vt 0.582183 0.779769
vt 0.577847 0.781272
vt 0.581376 0.780844
vt 0.579825 0.784724
vt 0.582442 0.783355
vt 0.579954 0.782336
vt 0.480913 0.779035
vt 0.479505 0.784408
vt 0.481214 0.782204
vt 0.490150 0.777979
vt 0.485657 0.775794
vt 0.956900 0.731737
vt 0.956900 0.738695
vt 0.958713 0.738695
vt 0.958713 0.731768
vt 0.950711 0.541761
vt 0.948898 0.534737
vt 0.948898 0.541718
vt 0.955037 0.731723
vt 0.955037 0.738695
vt 0.956850 0.738695
vt 0.956850 0.731753
vt 0.950711 0.534780
vt 0.953174 0.731759
vt 0.953174 0.738712
vt 0.954988 0.738740
vt 0.954988 0.731758
vt 0.483519 0.783824
vt 0.859228 0.020308
vt 0.974846 0.254112
vt 0.971945 0.246154
vt 0.969787 0.252809
vt 0.863378 0.046959
vt 0.868502 0.035641
vt 0.858318 0.048261
vt 0.964663 0.241492
vt 0.970103 0.233963
vt 0.592117 0.323361
vt 0.592116 0.294692
vt 0.590945 0.294214
vt 0.590944 0.322907
vt 0.592116 0.352204
vt 0.592115 0.323471
vt 0.590944 0.322995
vt 0.590943 0.351745
vt 0.973937 0.226159
vt 0.968877 0.224857
vt 0.965062 0.230416
vt 0.806300 0.635174
vt 0.805425 0.590547
vt 0.799588 0.590620
vt 0.856734 0.156341
vt 0.850921 0.156286
vt 0.853944 0.200921
vt 0.870147 0.486006
vt 0.869195 0.441469
vt 0.863412 0.441401
vt 0.862562 0.486016
vt 0.857609 0.200909
vt 0.850040 0.200889
vt 0.360185 0.060023
vt 0.359277 0.015443
vt 0.356695 0.015452
vt 0.352650 0.060022
vt 0.353477 0.015462
vt 0.798722 0.635168
vt 0.891826 0.849614
vt 0.890004 0.851599
vt 0.892028 0.851587
vt 0.877742 0.849441
vt 0.152663 0.097010
vt 0.156403 0.096994
vt 0.156403 0.090513
vt 0.152663 0.090529
vt 0.160219 0.096994
vt 0.160219 0.090513
vt 0.156478 0.090487
vt 0.156478 0.096995
vt 0.148703 0.097033
vt 0.148701 0.090526
vt 0.144977 0.090489
vt 0.148853 0.090530
vt 0.148853 0.097010
vt 0.152587 0.090512
vt 0.152587 0.096992
vt 0.144975 0.096995
vt 0.892111 0.933724
vt 0.876944 0.933735
vt 0.884546 0.998506
vt 0.887864 0.517678
vt 0.872666 0.517686
vt 0.880283 0.582459
vt 0.890059 0.853206
vt 0.873627 0.438007
vt 0.873505 0.433387
vt 0.872736 0.433899
vt 0.877417 0.855284
vt 0.891787 0.852553
vt 0.887582 0.439229
vt 0.887102 0.433483
vt 0.513188 0.774874
vt 0.515202 0.774782
vt 0.514242 0.773106
vt 0.776477 0.403692
vt 0.773577 0.408792
vt 0.781126 0.406432
vt 0.775587 0.413644
vt 0.768120 0.413644
vt 0.768409 0.408079
vt 0.762842 0.408366
vt 0.767231 0.403692
vt 0.762604 0.401476
vt 0.771854 0.400133
vt 0.771854 0.394881
vt 0.765395 0.397299
vt 0.778752 0.397738
vt 0.765407 0.400327
vt 0.463699 0.777120
vt 0.462947 0.782905
vt 0.469521 0.776393
vt 0.466882 0.785174
vt 0.471041 0.782025
vt 0.857661 0.840598
vt 0.864370 0.839078
vt 0.849884 0.749848
vt 0.778242 0.789007
vt 0.781841 0.775503
vt 0.776860 0.775812
vt 0.774341 0.781928
vt 0.775504 0.786937
vt 0.782964 0.790655
vt 0.790150 0.787050
vt 0.788664 0.785612
vt 0.874796 0.842212
vt 0.878462 0.842729
vt 0.879845 0.840118
vt 0.871092 0.842464
vt 0.869819 0.839545
vt 0.863171 0.842186
vt 0.858324 0.842713
vt 0.607535 0.263948
vt 0.596411 0.220420
vt 0.600936 0.408233
vt 0.607983 0.312553
vt 0.427781 0.369020
vt 0.414316 0.517439
vt 0.424579 0.475302
vt 0.866896 0.839017
vt 0.861095 0.735308
vt 0.593782 0.221132
vt 0.595328 0.328622
vt 0.414916 0.410912
vt 0.411637 0.459490
vt 0.430344 0.369626
vt 0.881107 0.751959
vt 0.872488 0.727445
vt 0.866928 0.655389
vt 0.416624 0.545358
vt 0.427131 0.551354
vt 0.853130 0.654093
vt 0.850869 0.692021
vt 0.882479 0.655663
vt 0.871360 0.655757
vt 0.606287 0.370549
vt 0.608663 0.370322
vt 0.607583 0.398279
vt 0.411966 0.517434
vt 0.414213 0.545394
vt 0.592524 0.407807
vt 0.430146 0.554068
vt 0.609041 0.408156
vt 0.416602 0.555316
vt 0.425561 0.554653
vt 0.854380 0.840806
vt 0.601404 0.219875
vt 0.606393 0.220148
vt 0.609048 0.220794
vt 0.417919 0.367371
vt 0.422858 0.367963
vt 0.789639 0.781955
vt 0.789916 0.777363
vt 0.787088 0.775641
vt 0.781238 0.773301
vt 0.070535 0.116212
vt 0.066343 0.116465
vt 0.065636 0.167968
vt 0.070535 0.167622
vt 0.971532 0.405885
vt 0.982774 0.406137
vt 0.971170 0.354410
vt 0.982753 0.354735
vt 0.587667 0.175333
vt 0.591996 0.175479
vt 0.591996 0.124322
vt 0.586981 0.123929
vt 0.140713 0.034874
vt 0.129392 0.034979
vt 0.140677 0.086026
vt 0.129064 0.086386
vt 0.867058 0.415467
vt 0.872107 0.410269
vt 0.870942 0.407417
vt 0.864243 0.414295
vt 0.984556 0.595692
vt 0.992130 0.595662
vt 0.992966 0.584195
vt 0.980342 0.582980
vt 0.746154 0.042153
vt 0.734396 0.045164
vt 0.734734 0.053751
vt 0.748143 0.051069
vt 0.388114 0.033300
vt 0.376794 0.030213
vt 0.379958 0.043364
vt 0.393905 0.046152
vt 0.879357 0.410269
vt 0.885058 0.415286
vt 0.880532 0.407416
vt 0.339240 0.033109
vt 0.348635 0.034091
vt 0.348668 0.025844
vt 0.341978 0.013958
vt 0.643001 0.026622
vt 0.652013 0.025806
vt 0.651148 0.017956
vt 0.644342 0.018128
vt 0.885388 0.423020
vt 0.879993 0.428586
vt 0.881296 0.431525
vt 0.872588 0.428364
vt 0.871454 0.431219
vt 0.888075 0.428913
vt 0.895383 0.431589
vt 0.895090 0.419868
vt 0.893405 0.410440
vt 0.867173 0.422865
vt 0.864344 0.424014
vt 0.082438 0.051479
vt 0.088067 0.050247
vt 0.089940 0.044945
vt 0.079746 0.042605
vt 0.013352 0.023828
vt 0.024437 0.012160
vt 0.024481 0.003143
vt 0.012901 0.004896
vt 0.655349 0.041091
vt 0.657901 0.040541
vt 0.654683 0.029638
vt 0.653223 0.029866
vt 0.091314 0.055666
vt 0.096382 0.051596
vt 0.910989 0.030034
vt 0.921759 0.035475
vt 0.919236 0.021548
vt 0.912430 0.018439
vt 0.096412 0.060859
vt 0.643052 0.038322
vt 0.652955 0.037136
vt 0.088400 0.061553
vt 0.090299 0.067283
vt 0.082351 0.059164
vt 0.081864 0.066912
vt 0.076020 0.059885
vt 0.565475 0.034368
vt 0.579264 0.035049
vt 0.575298 0.022050
vt 0.563046 0.020475
vt 0.379919 0.052061
vt 0.393177 0.054299
vt 0.072649 0.049690
vt 0.073471 0.060801
vt 0.879191 0.088844
vt 0.880228 0.078115
vt 0.878036 0.079316
vt 0.080608 0.069409
vt 0.091092 0.069778
vt 0.882563 0.128256
vt 0.882563 0.117799
vt 0.880695 0.118127
vt 0.880587 0.127038
vt 0.098590 0.061893
vt 0.098590 0.050676
vt 0.090715 0.042661
vt 0.995827 0.966135
vt 0.998434 0.975743
vt 0.999014 0.958216
vt 0.777252 0.004938
vt 0.774676 0.004660
vt 0.774693 0.023311
vt 0.957387 0.014848
vt 0.957387 0.002616
vt 0.954821 0.014686
vt 0.997184 0.931964
vt 0.999749 0.931940
vt 0.999751 0.915428
vt 0.409636 0.367089
vt 0.408170 0.381382
vt 0.410751 0.379060
vt 0.997191 0.915500
vt 0.999497 0.897691
vt 0.996921 0.897423
vt 0.996934 0.914988
vt 0.917681 0.411208
vt 0.914059 0.421469
vt 0.916005 0.422882
vt 0.071642 0.168004
vt 0.072364 0.148920
vt 0.070874 0.148411
vt 0.757323 0.805296
vt 0.756707 0.789485
vt 0.755822 0.805889
vt 0.756644 0.817097
vt 0.916502 0.432403
vt 0.917642 0.440284
vt 0.348608 0.013654
vt 0.996482 0.838083
vt 0.986893 0.846435
vt 0.996524 0.856443
vt 0.895452 0.411138
vt 0.590240 0.033603
vt 0.602763 0.031301
vt 0.606567 0.021661
vt 0.595778 0.023247
vt 0.388196 0.021471
vt 0.388279 0.005709
vt 0.376623 0.005043
vt 0.376733 0.019811
vt 0.984491 0.573841
vt 0.209423 0.427662
vt 0.201103 0.425639
vt 0.199689 0.437474
vt 0.213798 0.441007
vt 0.994714 0.169596
vt 0.986415 0.169200
vt 0.982718 0.178421
vt 0.994467 0.177976
vt 0.198763 0.446650
vt 0.214087 0.449641
vt 0.987111 0.856966
vt 0.348638 0.005385
vt 0.340999 0.005619
vt 0.743152 0.030571
vt 0.732292 0.033680
vt 0.589582 0.045227
vt 0.603418 0.042949
vt 0.393947 0.024933
vt 0.382136 0.021994
vt 0.954086 0.922161
vt 0.962892 0.919759
vt 0.962175 0.908097
vt 0.950032 0.911693
vt 0.638352 0.047917
vt 0.652986 0.046203
vt 0.994644 0.157065
vt 0.982768 0.155643
vt 0.921845 0.013608
vt 0.914084 0.010090
vt 0.965842 0.897127
vt 0.955665 0.900333
vt 0.949394 0.002110
vt 0.949389 0.014789
vt 0.951956 0.002004
vt 0.495152 0.290637
vt 0.497715 0.290552
vt 0.497715 0.271985
vt 0.999497 0.915130
vt 0.409626 0.393510
vt 0.495143 0.272243
vt 0.850031 0.088637
vt 0.852045 0.095776
vt 0.853045 0.082290
vt 0.763491 0.775977
vt 0.768242 0.775870
vt 0.769237 0.773401
vt 0.762480 0.773525
vt 0.771601 0.779246
vt 0.771595 0.784174
vt 0.774018 0.785062
vt 0.774018 0.778176
vt 0.768202 0.787888
vt 0.769322 0.790166
vt 0.763427 0.788130
vt 0.762411 0.790668
vt 0.760089 0.784626
vt 0.757661 0.785657
vt 0.760122 0.779558
vt 0.757705 0.778508
vt 0.954813 0.002372
vt 0.996442 0.958333
vt 0.996908 0.243489
vt 0.999473 0.243520
vt 0.999473 0.225088
vt 0.777253 0.023506
vt 0.852059 0.072402
vt 0.850112 0.079259
vt 0.952136 0.002544
vt 0.952140 0.014810
vt 0.954706 0.002390
vt 0.951956 0.014844
vt 0.996911 0.225238
vt 0.954707 0.014848
vt 0.754282 0.015017
vt 0.754281 0.002116
vt 0.751721 0.014811
vt 0.751709 0.001851
vt 0.992826 0.575112
vt 0.023837 0.024039
vt 0.037589 0.107484
vt 0.049222 0.110609
vt 0.060855 0.107484
vt 0.030248 0.097935
vt 0.068195 0.097935
vt 0.030249 0.082221
vt 0.068196 0.082221
vt 0.041363 0.071110
vt 0.057081 0.071109
vt 0.221825 0.111799
vt 0.233174 0.111852
vt 0.215856 0.111082
vt 0.253457 0.138862
vt 0.264162 0.163343
vt 0.270694 0.138126
vt 0.934375 0.116165
vt 0.934629 0.088368
vt 0.922354 0.088398
vt 0.922315 0.116169
vt 0.946435 0.116162
vt 0.946396 0.088399
vt 0.789951 0.096879
vt 0.790205 0.069080
vt 0.777930 0.069110
vt 0.777891 0.096881
vt 0.801973 0.080550
vt 0.221785 0.143567
vt 0.221825 0.121717
vt 0.215856 0.121856
vt 0.233846 0.138179
vt 0.251083 0.137442
vt 0.287932 0.137384
vt 0.278736 0.165496
vt 0.288684 0.165894
vt 0.882360 0.294569
vt 0.882360 0.265386
vt 0.880585 0.265187
vt 0.880585 0.176337
vt 0.880585 0.205556
vt 0.882360 0.205720
vt 0.880585 0.294405
vt 0.882360 0.176536
vt 0.882360 0.235336
vt 0.882360 0.206153
vt 0.880585 0.206158
vt 0.880585 0.235230
vt 0.425478 0.063720
vt 0.425478 0.092792
vt 0.427253 0.063644
vt 0.427253 0.092730
vt 0.251836 0.110411
vt 0.277215 0.112967
vt 0.288684 0.110412
vt 0.251836 0.165895
vt 0.241889 0.165495
vt 0.227325 0.163339
vt 0.807941 0.080417
vt 0.807941 0.070497
vt 0.801972 0.069780
vt 0.215856 0.165895
vt 0.801972 0.124592
vt 0.789697 0.124623
vt 0.777930 0.124593
vt 0.946396 0.143880
vt 0.934121 0.143911
vt 0.252704 0.165894
vt 0.922354 0.143881
vt 0.252704 0.110412
vt 0.262651 0.110812
vt 0.678878 0.580042
vt 0.691978 0.560442
vt 0.682109 0.568025
vt 0.704320 0.558827
vt 0.685094 0.595044
vt 0.715105 0.565041
vt 0.700099 0.601258
vt 0.721320 0.580043
vt 0.715105 0.595044
vt 0.484422 0.773249
vt 0.482929 0.774175
vt 0.484467 0.775083
vt 0.480357 0.774532
vt 0.479430 0.773039
vt 0.478522 0.774577
vt 0.468770 0.773817
vt 0.466936 0.773773
vt 0.467843 0.775311
vt 0.477470 0.773249
vt 0.475977 0.774175
vt 0.477515 0.775083
vt 0.678179 0.111436
vt 0.680765 0.110769
vt 0.678778 0.108878
vt 0.676449 0.111620
vt 0.677116 0.109035
vt 0.674557 0.109634
vt 0.888533 0.409607
vt 0.890935 0.409607
vt 0.888534 0.407205
vt 0.890935 0.407205
vt 0.289655 0.113221
vt 0.292056 0.113221
vt 0.292057 0.110819
vt 0.289654 0.110820
vt 0.065621 0.113963
vt 0.067320 0.115661
vt 0.069018 0.113963
vt 0.067319 0.112265
vt 0.857239 0.153162
vt 0.859472 0.151777
vt 0.857172 0.150420
vt 0.401393 0.411775
vt 0.403952 0.412375
vt 0.403285 0.409789
vt 0.397901 0.411708
vt 0.400487 0.412374
vt 0.399888 0.409817
vt 0.395287 0.412559
vt 0.397179 0.410572
vt 0.394620 0.409973
vt 0.685822 0.113863
vt 0.687520 0.112166
vt 0.684123 0.112166
vt 0.685822 0.110467
vt 0.293719 0.113377
vt 0.296019 0.112020
vt 0.293786 0.110635
vt 0.910366 0.732894
vt 0.913109 0.732827
vt 0.911723 0.730594
vt 0.913988 0.733493
vt 0.916546 0.732894
vt 0.914654 0.730907
vt 0.915747 0.410660
vt 0.917105 0.408360
vt 0.914362 0.408428
vt 0.907058 0.733493
vt 0.909616 0.732894
vt 0.907724 0.730907
vt 0.893801 0.409763
vt 0.894401 0.407206
vt 0.891814 0.407872
vt 0.846217 0.878891
vt 0.848775 0.878291
vt 0.846883 0.876305
vt 0.406817 0.412531
vt 0.407417 0.409973
vt 0.404830 0.410639
vt 0.360442 0.077517
vt 0.357897 0.068048
vt 0.350121 0.062074
vt 0.355546 0.089336
vt 0.337324 0.062074
vt 0.343724 0.094232
vt 0.334253 0.091687
vt 0.328276 0.071120
vt 0.328277 0.083914
vt 0.760939 0.408192
vt 0.760940 0.400517
vt 0.757355 0.395854
vt 0.751674 0.394327
vt 0.755512 0.413617
vt 0.744582 0.397264
vt 0.747836 0.413618
vt 0.741644 0.402360
vt 0.742408 0.408192
vt 0.024388 0.046113
vt 0.000247 0.046156
vt 0.000090 0.091466
vt 0.166150 0.042877
vt 0.142449 0.042896
vt 0.142345 0.088216
vt 0.166154 0.088197
vt 0.425209 0.047193
vt 0.401164 0.047151
vt 0.401072 0.092461
vt 0.425213 0.092504
vt 0.190416 0.042541
vt 0.166639 0.042831
vt 0.166643 0.088066
vt 0.190329 0.087780
vt 0.024245 0.091426
vt 0.686058 0.020621
vt 0.678693 0.031215
vt 0.686146 0.030871
vt 0.098223 0.025491
vt 0.091075 0.014579
vt 0.091080 0.041687
vt 0.686146 0.003865
vt 0.678692 0.003677
vt 0.993856 0.088461
vt 0.986420 0.077565
vt 0.986420 0.104583
vt 0.993872 0.104377
vt 0.993872 0.077767
vt 0.998344 0.818860
vt 0.990980 0.808295
vt 0.990979 0.835713
vt 0.998433 0.835528
vt 0.998433 0.808523
vt 0.800375 0.013171
vt 0.796334 0.013308
vt 0.796338 0.040370
vt 0.800370 0.040311
vt 0.882206 0.089501
vt 0.878163 0.089491
vt 0.878164 0.116965
vt 0.882207 0.116913
vt 0.530447 0.042376
vt 0.526404 0.042273
vt 0.530447 0.069380
vt 0.526404 0.069321
vt 0.930992 0.792479
vt 0.926950 0.764980
vt 0.926949 0.792418
vt 0.930992 0.765060
vt 0.992782 0.505372
vt 0.992784 0.533199
vt 0.998660 0.533371
vt 0.998655 0.505438
vt 0.992891 0.544146
vt 0.992889 0.572521
vt 0.998773 0.572527
vt 0.998774 0.544275
vt 0.993213 0.575872
vt 0.993213 0.603839
vt 0.999098 0.603839
vt 0.999098 0.575998
vt 0.992830 0.868068
vt 0.992831 0.896321
vt 0.998715 0.896429
vt 0.998714 0.868054
vt 0.688363 0.067886
vt 0.711898 0.067768
vt 0.711576 0.040752
vt 0.688042 0.040748
vt 0.777865 0.068222
vt 0.801437 0.068226
vt 0.801389 0.040704
vt 0.777817 0.040810
vt 0.123285 0.027617
vt 0.099709 0.027735
vt 0.099730 0.054754
vt 0.123307 0.054758
vt 0.098523 0.041408
vt 0.098524 0.014799
vt 0.930466 0.734309
vt 0.906893 0.734305
vt 0.906848 0.761842
vt 0.930420 0.761727
vt 0.992663 0.009491
vt 0.992666 0.037907
vt 0.998515 0.038082
vt 0.998510 0.009556
vt 0.992672 0.115201
vt 0.992670 0.144178
vt 0.998527 0.144183
vt 0.998527 0.115331
vt 0.681819 0.113996
vt 0.681819 0.142556
vt 0.687677 0.142555
vt 0.687677 0.114125
vt 0.992527 0.476000
vt 0.992528 0.504851
vt 0.998385 0.504962
vt 0.998384 0.475985
vt 0.961617 0.343819
vt 0.966373 0.342372
vt 0.961878 0.339778
vt 0.957932 0.338420
vt 0.913786 0.409413
vt 0.904227 0.408091
vt 0.897187 0.412859
vt 0.904739 0.411023
vt 0.975429 0.342825
vt 0.975207 0.346010
vt 0.306376 0.002461
vt 0.305125 0.015119
vt 0.308010 0.015079
vt 0.953985 0.547739
vt 0.952111 0.533010
vt 0.951295 0.544506
vt 0.731278 0.073275
vt 0.728380 0.071311
vt 0.727986 0.079128
vt 0.299271 0.113519
vt 0.300624 0.109916
vt 0.297594 0.110038
vt 0.951724 0.550576
vt 0.731079 0.068495
vt 0.900235 0.413632
vt 0.960825 0.332608
vt 0.959206 0.324596
vt 0.899193 0.420772
vt 0.301031 0.093600
vt 0.298200 0.091751
vt 0.731336 0.089849
vt 0.728539 0.093160
vt 0.731081 0.095917
vt 0.159638 0.005042
vt 0.156996 0.002679
vt 0.156585 0.016365
vt 0.900553 0.434704
vt 0.904055 0.433698
vt 0.896501 0.424650
vt 0.965669 0.319711
vt 0.964764 0.316374
vt 0.975336 0.316186
vt 0.975392 0.313039
vt 0.299847 0.092124
vt 0.655599 0.232976
vt 0.653999 0.232658
vt 0.657178 0.234384
vt 0.653999 0.244138
vt 0.657201 0.244137
vt 0.159761 0.016483
vt 0.906079 0.439001
vt 0.913764 0.440357
vt 0.913704 0.437209
vt 0.390277 0.068162
vt 0.391804 0.073842
vt 0.400592 0.073842
vt 0.395080 0.060539
vt 0.385612 0.064578
vt 0.381774 0.055029
vt 0.379779 0.063814
vt 0.374682 0.066751
vt 0.368468 0.060539
vt 0.371745 0.073841
vt 0.362956 0.073842
vt 0.374682 0.080931
vt 0.368468 0.087145
vt 0.379779 0.083868
vt 0.381774 0.092655
vt 0.385612 0.083104
vt 0.395080 0.087145
vt 0.390277 0.079521
vt 0.112549 0.126813
vt 0.124493 0.128376
vt 0.134930 0.122362
vt 0.101434 0.115701
vt 0.140945 0.107844
vt 0.101434 0.099987
vt 0.108775 0.090439
vt 0.134930 0.093327
vt 0.120408 0.087313
vt 0.034678 0.113009
vt 0.046027 0.113063
vt 0.028709 0.112292
vt 0.458979 0.146011
vt 0.466941 0.165516
vt 0.467010 0.143095
vt 0.084694 0.098653
vt 0.084948 0.070852
vt 0.072673 0.070883
vt 0.072633 0.098650
vt 0.096754 0.098647
vt 0.096714 0.070882
vt 0.510551 0.097974
vt 0.510806 0.070175
vt 0.498531 0.070206
vt 0.498491 0.097977
vt 0.522573 0.081645
vt 0.046699 0.139389
vt 0.034678 0.123001
vt 0.063933 0.138660
vt 0.438943 0.146011
vt 0.448706 0.165516
vt 0.880585 0.146721
vt 0.880585 0.175940
vt 0.882360 0.175936
vt 0.882360 0.146849
vt 0.859478 0.201083
vt 0.859478 0.171997
vt 0.857703 0.171869
vt 0.857703 0.201087
vt 0.070187 0.081504
vt 0.070187 0.110723
vt 0.071962 0.110719
vt 0.071962 0.081632
vt 0.882360 0.264785
vt 0.882360 0.235698
vt 0.880585 0.235570
vt 0.880585 0.264789
vt 0.441075 0.109957
vt 0.448961 0.137704
vt 0.457317 0.109957
vt 0.064689 0.111623
vt 0.466951 0.109988
vt 0.064689 0.167105
vt 0.054585 0.167135
vt 0.038343 0.167135
vt 0.528542 0.081512
vt 0.528542 0.071593
vt 0.522572 0.070876
vt 0.028709 0.123067
vt 0.028709 0.167105
vt 0.522572 0.125688
vt 0.510297 0.125718
vt 0.498531 0.125688
vt 0.096714 0.126364
vt 0.084439 0.126395
vt 0.430911 0.143085
vt 0.430979 0.165516
vt 0.072673 0.126364
vt 0.430971 0.109987
vt 0.644788 0.562057
vt 0.637203 0.571924
vt 0.656808 0.558827
vt 0.635587 0.584263
vt 0.641803 0.595044
vt 0.671814 0.565041
vt 0.652587 0.601258
vt 0.664929 0.599643
vt 0.678029 0.580043
vt 0.674799 0.592060
vt 0.618670 0.773699
vt 0.614779 0.773698
vt 0.618670 0.777589
vt 0.614779 0.777589
vt 0.713007 0.605152
vt 0.711395 0.602401
vt 0.708309 0.603207
vt 0.711395 0.607903
vt 0.708309 0.607097
vt 0.608256 0.773812
vt 0.604365 0.773813
vt 0.609062 0.776897
vt 0.603559 0.776897
vt 0.606310 0.778509
vt 0.723428 0.607097
vt 0.723428 0.603207
vt 0.720343 0.602401
vt 0.720343 0.607903
vt 0.718731 0.605152
vt 0.702695 0.603207
vt 0.707393 0.605152
vt 0.705781 0.602401
vt 0.702695 0.607097
vt 0.705781 0.607903
vt 0.729848 0.605152
vt 0.728236 0.602401
vt 0.725150 0.603207
vt 0.728236 0.607903
vt 0.725150 0.607097
vt 0.620663 0.773683
vt 0.625360 0.775629
vt 0.623748 0.772877
vt 0.620663 0.777573
vt 0.623748 0.778379
vt 0.732917 0.561737
vt 0.730165 0.558987
vt 0.730166 0.564489
vt 0.727414 0.561738
vt 0.582365 0.773773
vt 0.579279 0.772967
vt 0.577667 0.775719
vt 0.583171 0.776858
vt 0.580419 0.778469
vt 0.727303 0.561737
vt 0.724551 0.558987
vt 0.724551 0.564489
vt 0.721800 0.561737
vt 0.589114 0.773679
vt 0.586028 0.772873
vt 0.584416 0.775624
vt 0.589920 0.776763
vt 0.587168 0.778375
vt 0.715869 0.602401
vt 0.717815 0.607097
vt 0.718621 0.604012
vt 0.714729 0.607903
vt 0.713117 0.605152
vt 0.246484 0.753289
vt 0.289285 0.590168
vt 0.276236 0.559798
vt 0.247459 0.613671
vt 0.427637 0.704058
vt 0.337053 0.594077
vt 0.326613 0.604086
vt 0.357527 0.765388
vt 0.219021 0.711974
vt 0.360270 0.564749
vt 0.351286 0.562730
vt 0.381036 0.587390
vt 0.382258 0.560520
vt 0.385738 0.603905
vt 0.184685 0.618608
vt 0.131723 0.602162
vt 0.111998 0.611774
vt 0.019201 0.737024
vt 0.115240 0.770355
vt 0.192078 0.746781
vt 0.064189 0.623148
vt 0.096106 0.602801
vt 0.142723 0.576350
vt 0.170080 0.567076
vt 0.155591 0.559810
vt 0.002686 0.683977
vt 0.002837 0.704089
vt 0.298810 0.602159
vt 0.117996 0.607128
vt 0.103922 0.604086
vt 0.287790 0.576404
vt 0.315296 0.770358
vt 0.427850 0.683978
vt 0.409300 0.636540
vt 0.343741 0.563787
vt 0.341148 0.566978
vt 0.340405 0.584061
vt 0.411907 0.736043
vt 0.423151 0.719407
vt 0.278272 0.767297
vt 0.228597 0.734095
vt 0.221699 0.673769
vt 0.217736 0.695538
vt 0.389154 0.753620
vt 0.211935 0.686979
vt 0.203082 0.657843
vt 0.141257 0.590157
vt 0.152259 0.767294
vt 0.177419 0.757861
vt 0.211785 0.709101
vt 0.021236 0.636541
vt 0.007660 0.664009
vt 0.089579 0.588124
vt 0.070278 0.564753
vt 0.048278 0.560517
vt 0.089388 0.566969
vt 0.044799 0.603894
vt 0.067912 0.763951
vt 0.035402 0.750549
vt 0.009047 0.722359
vt 0.049500 0.587385
vt 0.205030 0.728920
vt 0.140516 0.565165
vt 0.146228 0.561751
vt 0.142945 0.563608
vt 0.138794 0.566188
vt 0.214074 0.247503
vt 0.212047 0.234442
vt 0.211869 0.257317
vt 0.986377 0.798768
vt 0.988524 0.834246
vt 0.988549 0.797469
vt 0.097134 0.083257
vt 0.097177 0.077228
vt 0.097088 0.080320
vt 0.589128 0.104894
vt 0.586956 0.105373
vt 0.588059 0.123063
vt 0.818206 0.031359
vt 0.816034 0.031355
vt 0.816013 0.046822
vt 0.986318 0.712016
vt 0.988500 0.740931
vt 0.988493 0.698375
vt 0.986360 0.834252
vt 0.213900 0.289339
vt 0.211856 0.328346
vt 0.214034 0.330123
vt 0.211791 0.284948
vt 0.986333 0.683184
vt 0.988521 0.673435
vt 0.588861 0.088765
vt 0.587383 0.088138
vt 0.986381 0.660493
vt 0.214011 0.267446
vt 0.986336 0.753098
vt 0.097031 0.091847
vt 0.099201 0.091111
vt 0.818184 0.054537
vt 0.816034 0.070781
vt 0.362468 0.020611
vt 0.360296 0.020624
vt 0.362460 0.037732
vt 0.360289 0.037833
vt 0.214218 0.234449
vt 0.878118 0.237283
vt 0.880269 0.165830
vt 0.878056 0.184822
vt 0.880245 0.238434
vt 0.878107 0.268300
vt 0.880388 0.274938
vt 0.878371 0.292959
vt 0.878167 0.145597
vt 0.880542 0.118857
vt 0.818206 0.070786
vt 0.947772 0.931448
vt 0.948834 0.922135
vt 0.946662 0.921865
vt 0.097051 0.126443
vt 0.099216 0.126442
vt 0.099215 0.107472
vt 0.097046 0.107164
vt 0.988553 0.660500
vt 0.948846 0.898543
vt 0.946674 0.898554
vt 0.362466 0.060035
vt 0.360299 0.060044
vt 0.878371 0.118894
vt 0.212034 0.380558
vt 0.214206 0.380718
vt 0.880542 0.292947
vt 0.233088 0.644025
vt 0.261022 0.566896
vt 0.248831 0.596198
vt 0.241892 0.568854
vt 0.312544 0.607127
vt 0.378082 0.559363
vt 0.422876 0.664007
vt 0.181310 0.605048
vt 0.182709 0.590092
vt 0.188674 0.568861
vt 0.086816 0.563796
vt 0.079253 0.562732
vt 0.093489 0.594091
vt 0.090134 0.584061
vt 0.052462 0.559371
vt 0.098809 0.077566
vt 0.211968 0.417468
vt 0.214129 0.417470
vt 0.291348 0.566412
vt 0.485340 0.762806
vt 0.467856 0.754466
vt 0.484534 0.765562
vt 0.588830 0.592455
vt 0.602184 0.594510
vt 0.597562 0.591161
vt 0.584316 0.588060
vt 0.565772 0.748986
vt 0.539217 0.762242
vt 0.539895 0.764980
vt 0.567280 0.751291
vt 0.611149 0.592283
vt 0.619458 0.585947
vt 0.611225 0.589194
vt 0.500258 0.767133
vt 0.499864 0.770007
vt 0.616488 0.720295
vt 0.597800 0.725914
vt 0.599694 0.727642
vt 0.616236 0.722785
vt 0.444465 0.713408
vt 0.440758 0.710229
vt 0.452087 0.735678
vt 0.633026 0.721167
vt 0.519818 0.767175
vt 0.519962 0.770049
vt 0.487940 0.565669
vt 0.511485 0.563648
vt 0.507152 0.560361
vt 0.490778 0.561761
vt 0.472674 0.568906
vt 0.466143 0.576199
vt 0.435556 0.679349
vt 0.435539 0.638417
vt 0.433339 0.637712
vt 0.438848 0.613292
vt 0.458571 0.578786
vt 0.558808 0.575445
vt 0.528972 0.564241
vt 0.543767 0.797136
vt 0.571419 0.809169
vt 0.544550 0.794422
vt 0.473356 0.804672
vt 0.479386 0.796911
vt 0.461629 0.812727
vt 0.602621 0.967522
vt 0.595301 0.970404
vt 0.624891 0.974810
vt 0.489958 0.794504
vt 0.500756 0.788675
vt 0.505031 0.790747
vt 0.600813 0.835693
vt 0.618725 0.841971
vt 0.618553 0.839463
vt 0.602793 0.834049
vt 0.447229 0.842367
vt 0.445341 0.840881
vt 0.524573 0.791455
vt 0.524829 0.788586
vt 0.525985 0.992124
vt 0.499145 0.994751
vt 0.498692 0.997493
vt 0.480730 0.990490
vt 0.479770 0.993113
vt 0.463639 0.980500
vt 0.462205 0.982846
vt 0.435441 0.917065
vt 0.437024 0.876105
vt 0.433217 0.917686
vt 0.449545 0.964820
vt 0.437794 0.942329
vt 0.447710 0.966724
vt 0.632654 0.581782
vt 0.633056 0.579317
vt 0.631962 0.838860
vt 0.459236 0.819388
vt 0.569796 0.811424
vt 0.609113 0.971932
vt 0.455587 0.736797
vt 0.544130 0.572411
vt 0.447513 0.592247
vt 0.451463 0.591298
vt 0.469133 0.752022
vt 0.632790 0.723646
vt 0.586430 0.969066
vt 0.582349 0.973078
vt 0.554186 0.982784
vt 0.556400 0.984714
vt 0.525911 0.994897
vt 0.660058 0.232784
vt 0.657427 0.232712
vt 0.660090 0.244121
vt 0.166961 0.377281
vt 0.210651 0.387951
vt 0.210650 0.369195
vt 0.733487 0.226163
vt 0.733441 0.251893
vt 0.743160 0.227789
vt 0.732041 0.353711
vt 0.731928 0.316808
vt 0.688285 0.337466
vt 0.609682 0.362446
vt 0.609839 0.408845
vt 0.653453 0.394857
vt 0.653381 0.370202
vt 0.166902 0.279122
vt 0.166943 0.334965
vt 0.210300 0.300553
vt 0.210599 0.342576
vt 0.166850 0.261911
vt 0.210633 0.254434
vt 0.210646 0.245245
vt 0.712920 0.892891
vt 0.713331 0.956172
vt 0.756389 0.924090
vt 0.756569 0.888194
vt 0.173258 0.240052
vt 0.167279 0.239708
vt 0.196552 0.240765
vt 0.756957 0.974337
vt 0.751901 0.998050
vt 0.756891 0.991182
vt 0.609729 0.259000
vt 0.653365 0.285146
vt 0.653430 0.254919
vt 0.756930 0.952356
vt 0.166951 0.415344
vt 0.712934 0.858494
vt 0.756627 0.855151
vt 0.688511 0.369599
vt 0.713374 0.819289
vt 0.406850 0.380731
vt 0.406720 0.345351
vt 0.363039 0.354986
vt 0.653527 0.408765
vt 0.732103 0.261384
vt 0.688335 0.275742
vt 0.732544 0.225734
vt 0.688869 0.225762
vt 0.688556 0.244845
vt 0.733426 0.332671
vt 0.733436 0.371012
vt 0.777116 0.341615
vt 0.609840 0.234071
vt 0.653526 0.234065
vt 0.609666 0.295874
vt 0.406854 0.311367
vt 0.407163 0.279816
vt 0.363175 0.312430
vt 0.733454 0.391610
vt 0.777143 0.391609
vt 0.763068 0.262882
vt 0.777143 0.259535
vt 0.750949 0.235253
vt 0.748056 0.260916
vt 0.760281 0.259565
vt 0.777121 0.298334
vt 0.733437 0.292819
vt 0.407127 0.239328
vt 0.397629 0.240793
vt 0.390203 0.247633
vt 0.626374 0.975500
vt 0.625835 0.977443
vt 0.632193 0.979433
vt 0.630720 0.977501
vt 0.625338 0.976835
vt 0.616762 0.971559
vt 0.713150 0.982892
vt 0.713072 0.996786
vt 0.742826 0.995357
vt 0.407272 0.260320
vt 0.632095 0.841358
vt 0.380717 0.242065
vt 0.363535 0.243309
vt 0.363624 0.255980
vt 0.395685 0.280432
vt 0.389445 0.276396
vt 0.744589 0.264182
vt 0.746511 0.267942
vt 0.753775 0.269353
vt 0.732546 0.391674
vt 0.713238 0.974501
vt 0.653344 0.331897
vt 0.123609 0.043920
vt 0.126070 0.050925
vt 0.126757 0.013838
vt 0.124249 0.014394
vt 0.124092 0.020488
vt 0.144111 0.111233
vt 0.141411 0.111209
vt 0.142082 0.128474
vt 0.144692 0.128298
vt 0.144598 0.102236
vt 0.142318 0.102309
vt 0.143066 0.099619
vt 0.393564 0.281409
vt 0.363199 0.384540
vt 0.363579 0.407674
vt 0.407260 0.407547
vt 0.777124 0.368882
vt 0.757056 0.819383
vt 0.688868 0.391630
vt 0.210641 0.415335
vt 0.210581 0.274743
vt 0.205937 0.238573
vt 0.777096 0.230136
vt 0.759959 0.228926
vt 0.760457 0.266745
vt 0.363536 0.275033
vt 0.378976 0.277016
vt 0.126742 0.053070
vt 0.124501 0.052318
vt 0.124749 0.053509
vt 0.165837 0.089828
vt 0.164125 0.092670
vt 0.164766 0.096723
vt 0.657416 0.244047
vt 0.381189 0.280982
vt 0.497033 0.102195
vt 0.492474 0.093149
vt 0.493227 0.099984
vt 0.588717 0.271701
vt 0.588988 0.267586
vt 0.585675 0.266736
vt 0.585595 0.270510
vt 0.744993 0.265604
vt 0.748406 0.263473
vt 0.760836 0.262630
vt 0.592187 0.275091
vt 0.590581 0.267945
vt 0.589441 0.271826
vt 0.590206 0.275991
vt 0.126729 0.997028
vt 0.010320 0.887820
vt 0.003804 0.933642
vt 0.047420 0.814469
vt 0.078814 0.778168
vt 0.043721 0.780339
vt 0.044072 0.831346
vt 0.179849 0.823702
vt 0.184348 0.797159
vt 0.175698 0.786161
vt 0.182287 0.840702
vt 0.156763 0.776105
vt 0.362416 0.775148
vt 0.351441 0.778086
vt 0.306765 0.803855
vt 0.392831 0.980269
vt 0.413750 0.962446
vt 0.383424 0.814471
vt 0.387108 0.780333
vt 0.412674 0.872819
vt 0.386782 0.831358
vt 0.279009 0.781376
vt 0.247599 0.793550
vt 0.166211 0.775847
vt 0.264579 0.775904
vt 0.425412 0.900533
vt 0.068466 0.775145
vt 0.097015 0.777804
vt 0.089947 0.776318
vt 0.115083 0.781693
vt 0.024156 0.969957
vt 0.045573 0.984936
vt 0.213212 0.925719
vt 0.201228 0.876213
vt 0.145041 0.787167
vt 0.135213 0.801020
vt 0.190393 0.975164
vt 0.203777 0.960194
vt 0.210349 0.945627
vt 0.069919 0.992909
vt 0.010792 0.952769
vt 0.002866 0.914201
vt 0.165477 0.989513
vt 0.334440 0.777360
vt 0.315531 0.782112
vt 0.428208 0.922434
vt 0.293050 0.996177
vt 0.340807 0.996145
vt 0.229615 0.876215
vt 0.219867 0.905263
vt 0.287145 0.788310
vt 0.248560 0.840690
vt 0.220493 0.945628
vt 0.229109 0.962896
vt 0.241150 0.976060
vt 0.259025 0.987278
vt 0.250995 0.823703
vt 0.133375 0.799977
vt 0.131487 0.799515
vt 0.125323 0.802277
vt 0.424190 0.942987
vt 0.336984 0.776467
vt 0.344148 0.775468
vt 0.506042 0.774870
vt 0.506049 0.773191
vt 0.505834 0.773835
vt 0.297468 0.799952
vt 0.295724 0.801052
vt 0.299354 0.799488
vt 0.305427 0.802251
vt 0.871373 0.485936
vt 0.872398 0.473255
vt 0.870225 0.472218
vt 0.495216 0.315038
vt 0.495065 0.346077
vt 0.497290 0.326679
vt 0.608988 0.022214
vt 0.606816 0.022151
vt 0.608962 0.042534
vt 0.990773 0.686187
vt 0.988603 0.686189
vt 0.988598 0.718488
vt 0.990769 0.718696
vt 0.283510 0.248886
vt 0.281339 0.248886
vt 0.281371 0.272900
vt 0.283486 0.272884
vt 0.988597 0.659637
vt 0.885560 0.610891
vt 0.887670 0.611224
vt 0.887661 0.598935
vt 0.885421 0.598931
vt 0.886540 0.594506
vt 0.990772 0.814974
vt 0.988597 0.834247
vt 0.990769 0.834248
vt 0.988601 0.806488
vt 0.606792 0.042322
vt 0.607899 0.050581
vt 0.497399 0.393625
vt 0.495162 0.383530
vt 0.496592 0.416909
vt 0.497203 0.361846
vt 0.988601 0.764690
vt 0.990773 0.771872
vt 0.885443 0.627995
vt 0.887616 0.628649
vt 0.885639 0.620327
vt 0.408253 0.470951
vt 0.410373 0.486217
vt 0.410706 0.415624
vt 0.408288 0.518259
vt 0.410539 0.527366
vt 0.408575 0.411071
vt 0.409872 0.395405
vt 0.872453 0.433417
vt 0.870292 0.433406
vt 0.929439 0.535541
vt 0.931595 0.535532
vt 0.930499 0.531555
vt 0.885415 0.663634
vt 0.887585 0.663623
vt 0.887624 0.642012
vt 0.885453 0.641550
vt 0.408786 0.555599
vt 0.410957 0.555580
vt 0.990769 0.659504
vt 0.497679 0.292010
vt 0.495507 0.292015
vt 0.818182 0.004573
vt 0.816010 0.004583
vt 0.816010 0.030699
vt 0.818181 0.030688
vt 0.121844 0.798662
vt 0.109577 0.778885
vt 0.025613 0.859884
vt 0.210975 0.905260
vt 0.049927 0.777207
vt 0.309014 0.798649
vt 0.321265 0.778887
vt 0.368739 0.991368
vt 0.246035 0.800970
vt 0.380931 0.777215
vt 0.217631 0.925720
vt 0.274130 0.776127
vt 0.885930 0.612024
vt 0.885466 0.613589
vt 0.779331 0.765743
vt 0.779662 0.770348
vt 0.795570 0.771374
vt 0.779430 0.642541
vt 0.778221 0.638119
vt 0.759071 0.641915
vt 0.743656 0.545054
vt 0.743666 0.547125
vt 0.748259 0.543048
vt 0.771000 0.550893
vt 0.444861 0.292729
vt 0.444976 0.280419
vt 0.443700 0.280753
vt 0.784674 0.516553
vt 0.791937 0.532531
vt 0.792158 0.517141
vt 0.492337 0.373449
vt 0.494029 0.356838
vt 0.479437 0.356117
vt 0.482099 0.373011
vt 0.793065 0.415990
vt 0.783364 0.435743
vt 0.792852 0.435311
vt 0.785768 0.490267
vt 0.784879 0.513166
vt 0.792382 0.493245
vt 0.792128 0.512052
vt 0.490464 0.380907
vt 0.487142 0.372993
vt 0.483274 0.382976
vt 0.492337 0.373462
vt 0.494115 0.356839
vt 0.494337 0.337881
vt 0.488909 0.334500
vt 0.477366 0.372787
vt 0.469144 0.381271
vt 0.480670 0.341247
vt 0.479216 0.315550
vt 0.471299 0.329417
vt 0.461975 0.416234
vt 0.473358 0.395212
vt 0.470633 0.276294
vt 0.479316 0.297705
vt 0.453153 0.273509
vt 0.456681 0.358859
vt 0.453302 0.393497
vt 0.444637 0.413750
vt 0.448273 0.274891
vt 0.448372 0.312650
vt 0.438521 0.356724
vt 0.436321 0.335214
vt 0.753373 0.425138
vt 0.749256 0.439921
vt 0.771275 0.449058
vt 0.770742 0.422779
vt 0.771120 0.436303
vt 0.771967 0.474690
vt 0.771805 0.457998
vt 0.751580 0.497592
vt 0.770386 0.532677
vt 0.771719 0.514565
vt 0.749884 0.531096
vt 0.741991 0.426056
vt 0.741976 0.437668
vt 0.746926 0.425770
vt 0.771837 0.730104
vt 0.766691 0.698578
vt 0.767458 0.753279
vt 0.754863 0.691602
vt 0.760148 0.751664
vt 0.769144 0.668231
vt 0.761126 0.643323
vt 0.779320 0.765481
vt 0.769737 0.762496
vt 0.776839 0.730042
vt 0.942462 0.732742
vt 0.940925 0.756039
vt 0.948661 0.733312
vt 0.940895 0.770773
vt 0.948662 0.771497
vt 0.772587 0.698367
vt 0.775618 0.678644
vt 0.072165 0.251051
vt 0.072360 0.264509
vt 0.078763 0.251213
vt 0.078762 0.270510
vt 0.775000 0.658938
vt 0.794514 0.641797
vt 0.773248 0.669028
vt 0.772587 0.698367
vt 0.784839 0.700831
vt 0.774489 0.712636
vt 0.784885 0.719414
vt 0.776804 0.729921
vt 0.789905 0.739614
vt 0.778894 0.739754
vt 0.795119 0.766531
vt 0.789939 0.739614
vt 0.805297 0.752060
vt 0.792608 0.674803
vt 0.784831 0.700921
vt 0.792398 0.700451
vt 0.804949 0.674177
vt 0.784914 0.719541
vt 0.795358 0.726546
vt 0.791038 0.711699
vt 0.795119 0.766530
vt 0.795555 0.771373
vt 0.805137 0.771131
vt 0.805682 0.766450
vt 0.794519 0.641797
vt 0.806800 0.643260
vt 0.771966 0.474688
vt 0.783329 0.474520
vt 0.771582 0.449047
vt 0.771805 0.457998
vt 0.779046 0.457919
vt 0.771915 0.510529
vt 0.770752 0.422776
vt 0.771122 0.436303
vt 0.774611 0.417588
vt 0.783318 0.474520
vt 0.783540 0.457830
vt 0.770448 0.532677
vt 0.782723 0.535484
vt 0.479531 0.356118
vt 0.480572 0.344708
vt 0.486998 0.311106
vt 0.479314 0.297706
vt 0.479230 0.315541
vt 0.486367 0.298101
vt 0.475765 0.414029
vt 0.479018 0.394936
vt 0.480863 0.372677
vt 0.487333 0.321724
vt 0.479020 0.394924
vt 0.473365 0.395206
vt 0.477364 0.372799
vt 0.780627 0.435862
vt 0.784917 0.451037
vt 0.778894 0.739713
vt 0.438661 0.373836
vt 0.791666 0.449874
vt 0.792851 0.435333
vt 0.792611 0.674806
vt 0.773241 0.669014
vt 0.494102 0.318815
vt 0.494388 0.313718
vt 0.440309 0.404832
vt 0.444723 0.279160
vt 0.490902 0.275875
vt 0.770447 0.532683
vt 0.787584 0.555568
vt 0.782745 0.535489
vt 0.771075 0.550915
vt 0.793464 0.637902
vt 0.794519 0.641795
vt 0.806777 0.643245
vt 0.806961 0.640126
vt 0.778173 0.638149
vt 0.794514 0.641795
vt 0.793866 0.638467
vt 0.791839 0.555301
vt 0.792008 0.532497
vt 0.749884 0.531098
vt 0.770319 0.532680
vt 0.772101 0.656169
vt 0.759691 0.643525
vt 0.439468 0.409242
vt 0.805684 0.766450
vt 0.779662 0.770349
vt 0.779320 0.765793
vt 0.770061 0.766359
vt 0.769740 0.762511
vt 0.742003 0.422189
vt 0.741991 0.426054
vt 0.750305 0.425422
vt 0.750605 0.421358
vt 0.439468 0.409242
vt 0.440327 0.405107
vt 0.438530 0.403441
vt 0.438118 0.407115
vt 0.779627 0.869221
vt 0.796640 0.869064
vt 0.779788 0.864590
vt 0.797061 0.864259
vt 0.539564 0.280218
vt 0.542817 0.282562
vt 0.538880 0.278265
vt 0.564386 0.273844
vt 0.014543 0.405624
vt 0.012428 0.403666
vt 0.012167 0.407023
vt 0.013826 0.409643
vt 0.577205 0.309126
vt 0.583368 0.308239
vt 0.583207 0.292718
vt 0.568948 0.407546
vt 0.584923 0.408996
vt 0.584752 0.389708
vt 0.574386 0.389243
vt 0.575502 0.290073
vt 0.584951 0.268945
vt 0.581657 0.268477
vt 0.058018 0.308750
vt 0.050934 0.306430
vt 0.059594 0.315946
vt 0.045704 0.316151
vt 0.041427 0.293949
vt 0.038711 0.326735
vt 0.043306 0.275353
vt 0.029984 0.272590
vt 0.047746 0.368757
vt 0.042157 0.366078
vt 0.047475 0.391415
vt 0.026850 0.359450
vt 0.012677 0.275076
vt 0.021190 0.294969
vt 0.023100 0.415510
vt 0.007353 0.329792
vt 0.005610 0.353980
vt 0.017185 0.375923
vt 0.551352 0.400493
vt 0.565638 0.402480
vt 0.566139 0.388869
vt 0.566923 0.376115
vt 0.545544 0.385707
vt 0.547042 0.376050
vt 0.566443 0.376112
vt 0.548146 0.328488
vt 0.567124 0.367431
vt 0.566614 0.315549
vt 0.545819 0.294897
vt 0.564627 0.293445
vt 0.539867 0.400016
vt 0.779239 0.905604
vt 0.770032 0.884302
vt 0.774806 0.905586
vt 0.771134 0.921309
vt 0.764205 0.884390
vt 0.759392 0.920869
vt 0.759411 0.920870
vt 0.758763 0.940461
vt 0.760404 0.964994
vt 0.771142 0.921358
vt 0.768828 0.942852
vt 0.771166 0.966333
vt 0.771200 0.966457
vt 0.760372 0.964990
vt 0.765294 0.992032
vt 0.775078 0.979453
vt 0.534540 0.401684
vt 0.531036 0.389852
vt 0.531074 0.403768
vt 0.962837 0.736292
vt 0.962028 0.755316
vt 0.969525 0.755218
vt 0.969895 0.736160
vt 0.969531 0.755296
vt 0.962025 0.755364
vt 0.961191 0.776962
vt 0.962579 0.800327
vt 0.969702 0.799363
vt 0.969702 0.799368
vt 0.962579 0.800421
vt 0.969893 0.811448
vt 0.963372 0.817613
vt 0.780077 0.993094
vt 0.794724 0.993696
vt 0.794661 0.966922
vt 0.777477 0.976573
vt 0.776723 0.965715
vt 0.794664 0.966922
vt 0.806285 0.961450
vt 0.785420 0.922003
vt 0.780970 0.921639
vt 0.776416 0.934756
vt 0.776936 0.921577
vt 0.787592 0.908643
vt 0.780497 0.890097
vt 0.794665 0.883466
vt 0.793730 0.935192
vt 0.792372 0.923932
vt 0.796661 0.909198
vt 0.787710 0.909216
vt 0.796642 0.869064
vt 0.807041 0.869128
vt 0.806496 0.864502
vt 0.794574 0.989358
vt 0.808168 0.992367
vt 0.806656 0.883494
vt 0.794663 0.883462
vt 0.577163 0.367230
vt 0.576547 0.315632
vt 0.577091 0.367493
vt 0.567176 0.367431
vt 0.564387 0.273835
vt 0.565638 0.402480
vt 0.575512 0.290255
vt 0.564632 0.293503
vt 0.059637 0.337529
vt 0.054462 0.377890
vt 0.047469 0.391419
vt 0.053731 0.391025
vt 0.047756 0.368713
vt 0.046606 0.294451
vt 0.045697 0.316117
vt 0.061202 0.367856
vt 0.055313 0.316465
vt 0.041444 0.293994
vt 0.576816 0.389354
vt 0.578211 0.374034
vt 0.777935 0.880697
vt 0.547042 0.376040
vt 0.583683 0.375228
vt 0.584752 0.389694
vt 0.566614 0.315549
vt 0.576590 0.315611
vt 0.776718 0.965726
vt 0.061218 0.367847
vt 0.061437 0.375163
vt 0.007649 0.296078
vt 0.007906 0.284245
vt 0.012431 0.403628
vt 0.013825 0.409646
vt 0.017698 0.414046
vt 0.053730 0.391026
vt 0.057788 0.414617
vt 0.564622 0.293394
vt 0.796327 0.997963
vt 0.808366 0.995740
vt 0.808149 0.992372
vt 0.794725 0.993791
vt 0.796414 0.997924
vt 0.780093 0.993095
vt 0.780592 0.997608
vt 0.040187 0.412857
vt 0.583289 0.292760
vt 0.546280 0.294874
vt 0.564626 0.293428
vt 0.763360 0.992452
vt 0.777477 0.976580
vt 0.780362 0.996721
vt 0.762941 0.994022
vt 0.007841 0.279383
vt 0.807041 0.869128
vt 0.531141 0.408414
vt 0.541188 0.404072
vt 0.541156 0.400128
vt 0.531074 0.403781
vt 0.007840 0.279382
vt 0.006408 0.281462
vt 0.007972 0.284186
vt 0.796639 0.869064
vt 0.779626 0.869229
vt 0.935468 0.231543
vt 0.936561 0.214007
vt 0.935557 0.218481
vt 0.934874 0.211614
vt 0.934097 0.211713
vt 0.933141 0.224024
vt 0.720718 0.219344
vt 0.732309 0.223009
vt 0.720936 0.218793
vt 0.711079 0.217371
vt 0.936597 0.195689
vt 0.590461 0.374605
vt 0.588499 0.346808
vt 0.589690 0.372271
vt 0.588880 0.354739
vt 0.695371 0.201851
vt 0.701696 0.210824
vt 0.704473 0.212657
vt 0.700748 0.208933
vt 0.709465 0.216709
vt 0.847335 0.644228
vt 0.850469 0.639499
vt 0.849723 0.642249
vt 0.940336 0.171917
vt 0.940435 0.163526
vt 0.939924 0.184442
vt 0.590751 0.405387
vt 0.588774 0.405424
vt 0.588444 0.374790
vt 0.587868 0.374519
vt 0.588148 0.405420
vt 0.938487 0.163627
vt 0.937872 0.163640
vt 0.937489 0.190224
vt 0.586863 0.354706
vt 0.589123 0.322214
vt 0.588952 0.296184
vt 0.587942 0.304126
vt 0.703403 0.209479
vt 0.709797 0.215216
vt 0.712603 0.216207
vt 0.939089 0.195793
vt 0.932693 0.243083
vt 0.695786 0.165804
vt 0.693232 0.172138
vt 0.699226 0.162218
vt 0.724224 0.154210
vt 0.724257 0.154826
vt 0.733786 0.154123
vt 0.588797 0.277407
vt 0.588471 0.282248
vt 0.590193 0.277418
vt 0.934848 0.268985
vt 0.938589 0.285928
vt 0.939831 0.285578
vt 0.936607 0.267774
vt 0.588666 0.395697
vt 0.588876 0.409024
vt 0.590198 0.407834
vt 0.589798 0.374039
vt 0.937567 0.151219
vt 0.939567 0.157467
vt 0.938954 0.151264
vt 0.939447 0.287728
vt 0.939082 0.190012
vt 0.939812 0.161721
vt 0.848794 0.642209
vt 0.843243 0.644893
vt 0.848991 0.642781
vt 0.711803 0.216114
vt 0.703864 0.210124
vt 0.702696 0.210877
vt 0.709844 0.216733
vt 0.693749 0.196036
vt 0.692550 0.196656
vt 0.710765 0.153840
vt 0.733784 0.154069
vt 0.733760 0.152667
vt 0.820120 0.588328
vt 0.833200 0.589073
vt 0.826981 0.587028
vt 0.841183 0.589326
vt 0.588442 0.374556
vt 0.586967 0.345271
vt 0.588349 0.346882
vt 0.587330 0.321834
vt 0.588705 0.321976
vt 0.586787 0.302366
vt 0.588111 0.302863
vt 0.590216 0.409085
vt 0.808249 0.588180
vt 0.808248 0.586817
vt 0.933448 0.231356
vt 0.933058 0.250111
vt 0.934486 0.250859
vt 0.934612 0.236161
vt 0.733536 0.221560
vt 0.722842 0.219105
vt 0.732900 0.222813
vt 0.934731 0.211716
vt 0.935888 0.214588
vt 0.829817 0.648925
vt 0.810641 0.648174
vt 0.831393 0.649927
vt 0.810671 0.649567
vt 0.847754 0.635162
vt 0.848678 0.642164
vt 0.849636 0.634228
vt 0.849779 0.635842
vt 0.850182 0.639545
vt 0.691272 0.185304
vt 0.689946 0.185379
vt 0.720370 0.217068
vt 0.936843 0.292491
vt 0.938163 0.292321
vt 0.694255 0.169046
vt 0.691607 0.171546
vt 0.853612 0.602880
vt 0.854836 0.597437
vt 0.853499 0.619224
vt 0.702548 0.157100
vt 0.696013 0.163394
vt 0.851818 0.594717
vt 0.852118 0.594550
vt 0.852470 0.594355
vt 0.710138 0.155290
vt 0.852262 0.594606
vt 0.852859 0.594138
vt 0.827624 0.588861
vt 0.820120 0.588343
vt 0.820109 0.588952
vt 0.802362 0.019512
vt 0.807134 0.020924
vt 0.814745 0.019888
vt 0.803480 0.007498
vt 0.814971 0.006433
vt 0.819722 0.015609
vt 0.831828 0.048511
vt 0.824199 0.020886
vt 0.818388 0.048822
vt 0.831882 0.016216
vt 0.824672 0.015063
vt 0.445174 0.008712
vt 0.446315 0.020740
vt 0.457650 0.008226
vt 0.458115 0.021726
vt 0.494906 0.015770
vt 0.482770 0.049214
vt 0.487228 0.043915
vt 0.481377 0.015319
vt 0.494906 0.048573
vt 0.487709 0.049751
vt 0.559256 0.033540
vt 0.550549 0.027546
vt 0.554909 0.035594
vt 0.559164 0.010653
vt 0.544803 0.009362
vt 0.545052 0.032981
vt 0.768473 0.067422
vt 0.776267 0.024049
vt 0.761832 0.024487
vt 0.772044 0.057241
vt 0.776527 0.056641
vt 0.761733 0.054054
vt 0.193200 0.017485
vt 0.201886 0.011584
vt 0.197537 0.009533
vt 0.201731 0.034535
vt 0.187482 0.035976
vt 0.187713 0.012086
vt 0.263915 0.068582
vt 0.256163 0.024645
vt 0.249504 0.068102
vt 0.259669 0.034888
vt 0.264174 0.035506
vt 0.249459 0.038021
vt 0.931919 0.900400
vt 0.933257 0.899593
vt 0.933597 0.896976
vt 0.362782 0.026328
vt 0.376343 0.013095
vt 0.362746 0.013071
vt 0.919971 0.711278
vt 0.933684 0.699608
vt 0.918651 0.698525
vt 0.932301 0.686086
vt 0.917719 0.681413
vt 0.376341 0.053593
vt 0.363354 0.054235
vt 0.244140 0.056065
vt 0.231366 0.068434
vt 0.244302 0.067178
vt 0.934648 0.728316
vt 0.921064 0.729534
vt 0.230993 0.055238
vt 0.245743 0.029993
vt 0.231572 0.025652
vt 0.815466 0.050695
vt 0.802002 0.050336
vt 0.802110 0.064144
vt 0.814725 0.064282
vt 0.933150 0.543668
vt 0.920563 0.542683
vt 0.919508 0.559593
vt 0.933875 0.547541
vt 0.933705 0.560964
vt 0.918133 0.574618
vt 0.933135 0.574142
vt 0.924842 0.594916
vt 0.917151 0.591149
vt 0.815818 0.022281
vt 0.802868 0.021543
vt 0.458048 0.034984
vt 0.444899 0.036075
vt 0.459651 0.061885
vt 0.446191 0.066507
vt 0.815505 0.067996
vt 0.930932 0.644182
vt 0.934206 0.643175
vt 0.930841 0.642597
vt 0.622524 0.016276
vt 0.620617 0.014736
vt 0.618649 0.014602
vt 0.919017 0.654811
vt 0.933919 0.652845
vt 0.918761 0.623732
vt 0.919512 0.628552
vt 0.926851 0.627873
vt 0.934092 0.626452
vt 0.959178 0.009022
vt 0.959866 0.001615
vt 0.957954 0.003765
vt 0.925408 0.596041
vt 0.917412 0.607730
vt 0.932156 0.604524
vt 0.931724 0.587920
vt 0.917872 0.665025
vt 0.932723 0.668102
vt 0.926241 0.661318
vt 0.926976 0.659455
vt 0.926267 0.611095
vt 0.925049 0.613235
vt 0.911303 0.832572
vt 0.924838 0.843794
vt 0.925854 0.828290
vt 0.926255 0.813487
vt 0.911219 0.818583
vt 0.922464 0.801278
vt 0.907441 0.802212
vt 0.964476 0.302656
vt 0.977829 0.288441
vt 0.964485 0.275225
vt 0.277139 0.030949
vt 0.276884 0.026632
vt 0.265000 0.023316
vt 0.976496 0.303197
vt 0.978037 0.270520
vt 0.911706 0.840445
vt 0.960963 0.875888
vt 0.967771 0.892662
vt 0.974598 0.892673
vt 0.149646 0.109727
vt 0.164558 0.128436
vt 0.163850 0.110081
vt 0.964922 0.842025
vt 0.964722 0.846671
vt 0.974466 0.849793
vt 0.974598 0.841923
vt 0.974430 0.871568
vt 0.156424 0.097936
vt 0.156487 0.101239
vt 0.163260 0.097945
vt 0.977184 0.307528
vt 0.058725 0.259103
vt 0.063778 0.266908
vt 0.056075 0.253817
vt 0.964952 0.255531
vt 0.965416 0.258641
vt 0.276826 0.176427
vt 0.279947 0.167638
vt 0.278867 0.169732
vt 0.991725 0.491592
vt 0.989444 0.490961
vt 0.987316 0.490349
vt 0.150945 0.178054
vt 0.164351 0.178430
vt 0.163903 0.166408
vt 0.158010 0.178162
vt 0.560042 0.003943
vt 0.561022 0.005738
vt 0.561021 0.004000
vt 0.997765 0.418922
vt 0.996373 0.424051
vt 0.997297 0.425488
vt 0.155905 0.166749
vt 0.157582 0.167197
vt 0.156741 0.168210
vt 0.037377 0.247143
vt 0.046553 0.248936
vt 0.034047 0.245096
vt 0.922251 0.788160
vt 0.907293 0.788746
vt 0.145675 0.139895
vt 0.153359 0.154921
vt 0.160767 0.155647
vt 0.160538 0.142212
vt 0.239855 0.207060
vt 0.250403 0.197099
vt 0.262175 0.187983
vt 0.051918 0.252317
vt 0.925378 0.777663
vt 0.910027 0.777984
vt 0.914051 0.785977
vt 0.915658 0.785569
vt 0.153912 0.156421
vt 0.152259 0.155369
vt 0.145821 0.155173
vt 0.056306 0.067753
vt 0.065503 0.068050
vt 0.069411 0.065899
vt 0.070122 0.028647
vt 0.995710 0.999485
vt 0.990798 0.967311
vt 0.994990 0.999736
vt 0.055390 0.027392
vt 0.054796 0.061892
vt 0.711948 0.811528
vt 0.710517 0.845954
vt 0.711658 0.849258
vt 0.429389 0.066372
vt 0.429326 0.036645
vt 0.429183 0.028745
vt 0.443987 0.037569
vt 0.443782 0.028281
vt 0.070121 0.026508
vt 0.589094 0.039940
vt 0.588951 0.024853
vt 0.586467 0.040518
vt 0.712108 0.852171
vt 0.431062 0.028090
vt 0.993590 0.956733
vt 0.992724 0.959918
vt 0.995021 0.957405
vt 0.994162 0.956690
vt 0.984899 0.671592
vt 0.985591 0.684396
vt 0.985267 0.668543
vt 0.587537 0.023720
vt 0.939534 0.747420
vt 0.938732 0.745353
vt 0.938895 0.748445
vt 0.984435 0.669182
vt 0.938444 0.735409
vt 0.591243 0.294076
vt 0.592186 0.293601
vt 0.591523 0.281100
vt 0.444236 0.027891
vt 0.428062 0.028551
vt 0.986039 0.668421
vt 0.985952 0.684823
vt 0.428640 0.028148
vt 0.995357 0.957422
vt 0.497946 0.375551
vt 0.497898 0.373752
vt 0.497750 0.374303
vt 0.943882 0.428861
vt 0.944773 0.429876
vt 0.945005 0.426225
vt 0.917489 0.410430
vt 0.918128 0.410506
vt 0.918735 0.407215
vt 0.214816 0.298489
vt 0.214814 0.300434
vt 0.215217 0.301620
vt 0.933620 0.900852
vt 0.942538 0.534618
vt 0.943749 0.535304
vt 0.943194 0.531945
vt 0.942818 0.532951
vt 0.938312 0.533713
vt 0.938988 0.535195
vt 0.939434 0.531556
vt 0.941940 0.534538
vt 0.964137 0.014871
vt 0.964039 0.002212
vt 0.962763 0.011146
vt 0.956598 0.411767
vt 0.970270 0.415200
vt 0.965798 0.411570
vt 0.563204 0.046266
vt 0.564062 0.080849
vt 0.563388 0.049887
vt 0.955029 0.417280
vt 0.955062 0.449904
vt 0.426370 0.046139
vt 0.426937 0.044300
vt 0.425894 0.009499
vt 0.424595 0.013141
vt 0.579087 0.079651
vt 0.577609 0.042606
vt 0.577870 0.049261
vt 0.993952 0.244141
vt 0.992667 0.250498
vt 0.989861 0.281864
vt 0.991296 0.282860
vt 0.969556 0.450023
vt 0.969490 0.454143
vt 0.426696 0.004785
vt 0.425065 0.006359
vt 0.992665 0.292131
vt 0.993324 0.290022
vt 0.963181 0.455370
vt 0.956554 0.457550
vt 0.958774 0.456948
vt 0.565049 0.036265
vt 0.578689 0.041105
vt 0.994296 0.291138
vt 0.756584 0.788684
vt 0.756461 0.773942
vt 0.755958 0.774897
vt 0.998034 0.854560
vt 0.998801 0.841982
vt 0.997279 0.850202
vt 0.997251 0.842909
vt 0.755779 0.777145
vt 0.824291 0.864080
vt 0.825103 0.870852
vt 0.825435 0.864428
vt 0.823601 0.877627
vt 0.825451 0.878081
vt 0.572592 0.037271
vt 0.579325 0.039707
vt 0.998497 0.857113
vt 0.757172 0.773556
vt 0.211407 0.323121
vt 0.211647 0.322928
vt 0.211365 0.321095
vt 0.215045 0.296036
vt 0.214387 0.296152
vt 0.214922 0.296403
vt 0.411528 0.240924
vt 0.411456 0.237745
vt 0.410271 0.240233
vt 0.824913 0.879226
vt 0.825318 0.875412
vt 0.823639 0.878455
vt 0.826121 0.878925
vt 0.561428 0.773387
vt 0.560054 0.773430
vt 0.561791 0.775092
vt 0.925292 0.659151
vt 0.933274 0.614686
vt 0.924517 0.675765
vt 0.925858 0.677287
vt 0.924688 0.677467
vt 0.923777 0.596595
vt 0.933572 0.628386
vt 0.958373 0.014535
vt 0.932113 0.629178
vt 0.921967 0.630881
vt 0.932481 0.629984
vt 0.920071 0.645114
vt 0.921144 0.642999
vt 0.622305 0.005106
vt 0.621020 0.002154
vt 0.243692 0.023759
vt 0.234841 0.023044
vt 0.457010 0.067998
vt 0.458138 0.023664
vt 0.445195 0.022438
vt 0.934271 0.712149
vt 0.376268 0.026439
vt 0.926650 0.612730
vt 0.917905 0.774428
vt 0.926328 0.770676
vt 0.147695 0.161692
vt 0.912612 0.765295
vt 0.914281 0.787004
vt 0.919504 0.775432
vt 0.918124 0.775743
vt 0.996457 0.413290
vt 0.998497 0.411715
vt 0.561699 0.015307
vt 0.926251 0.764051
vt 0.913575 0.762755
vt 0.991841 0.477731
vt 0.989219 0.479567
vt 0.265224 0.065480
vt 0.268495 0.068095
vt 0.277347 0.067379
vt 0.228794 0.060924
vt 0.230495 0.029712
vt 0.215763 0.053984
vt 0.227859 0.023534
vt 0.216865 0.025139
vt 0.149602 0.101214
vt 0.961081 0.895673
vt 0.967955 0.896004
vt 0.219260 0.063057
vt 0.216225 0.068435
vt 0.219517 0.067696
vt 0.961380 0.846899
vt 0.149467 0.124673
vt 0.264627 0.035863
vt 0.279386 0.061023
vt 0.912192 0.843469
vt 0.978054 0.258495
vt 0.858642 0.626239
vt 0.884599 0.598466
vt 0.858167 0.626191
vt 0.876260 0.643747
vt 0.623755 0.048472
vt 0.617703 0.045307
vt 0.619390 0.050336
vt 0.623721 0.018131
vt 0.609686 0.041792
vt 0.615032 0.053090
vt 0.609415 0.017368
vt 0.978034 0.222268
vt 0.983080 0.179096
vt 0.968698 0.179624
vt 0.982379 0.217475
vt 0.968592 0.217774
vt 0.972652 0.215619
vt 0.978495 0.743727
vt 0.984567 0.740687
vt 0.980177 0.738799
vt 0.984536 0.771001
vt 0.970476 0.747092
vt 0.975857 0.736002
vt 0.970211 0.771590
vt 0.721944 0.024037
vt 0.726837 0.067800
vt 0.726165 0.028848
vt 0.712465 0.028477
vt 0.712497 0.067041
vt 0.716557 0.030651
vt 0.647565 0.774131
vt 0.644080 0.775063
vt 0.647906 0.775716
vt 0.647552 0.778267
vt 0.644014 0.779087
vt 0.646405 0.779913
vt 0.934304 0.535797
vt 0.934222 0.535294
vt 0.934276 0.537135
vt 0.932738 0.539767
vt 0.934318 0.540847
vt 0.671583 0.240204
vt 0.667352 0.241969
vt 0.670932 0.242889
vt 0.671196 0.238375
vt 0.668552 0.238374
vt 0.670130 0.243937
vt 0.950731 0.733190
vt 0.949425 0.733683
vt 0.950715 0.734353
vt 0.949414 0.737380
vt 0.950766 0.737921
vt 0.699345 0.776210
vt 0.696109 0.774574
vt 0.698684 0.778924
vt 0.694966 0.778255
vt 0.697705 0.780061
vt 0.951883 0.147239
vt 0.950667 0.147390
vt 0.951893 0.148253
vt 0.950461 0.150786
vt 0.951704 0.151106
vt 0.951948 0.152073
vt 0.699160 0.774814
vt 0.642643 0.775771
vt 0.638638 0.775309
vt 0.642200 0.778257
vt 0.638654 0.779087
vt 0.641045 0.779913
vt 0.852090 0.066391
vt 0.850545 0.066988
vt 0.851950 0.069574
vt 0.850674 0.070702
vt 0.852026 0.071102
vt 0.642243 0.774135
vt 0.648577 0.775794
vt 0.649264 0.778836
vt 0.652551 0.775090
vt 0.649168 0.774127
vt 0.652627 0.779087
vt 0.650528 0.780121
vt 0.933863 0.906841
vt 0.932059 0.903528
vt 0.933788 0.907556
vt 0.933621 0.904619
vt 0.933842 0.902061
vt 0.659234 0.774874
vt 0.659204 0.775918
vt 0.660158 0.774114
vt 0.663177 0.777837
vt 0.659781 0.779059
vt 0.660624 0.780028
vt 0.947251 0.151724
vt 0.947017 0.149638
vt 0.945687 0.150869
vt 0.659038 0.777618
vt 0.945836 0.147586
vt 0.947224 0.147444
vt 0.690403 0.778904
vt 0.692604 0.774473
vt 0.689763 0.775741
vt 0.690127 0.774416
vt 0.693798 0.777861
vt 0.691129 0.779960
vt 0.689591 0.777451
vt 0.949591 0.151903
vt 0.949595 0.148171
vt 0.948038 0.150780
vt 0.948170 0.147586
vt 0.949537 0.147300
vt 0.636817 0.778663
vt 0.632591 0.775525
vt 0.633312 0.779071
vt 0.636792 0.774868
vt 0.634448 0.780122
vt 0.933663 0.640933
vt 0.933657 0.637019
vt 0.932234 0.636461
vt 0.932129 0.640124
vt 0.632437 0.777493
vt 0.933610 0.636010
vt 0.633364 0.773907
vt 0.667413 0.774954
vt 0.665994 0.780130
vt 0.668267 0.778405
vt 0.664893 0.779149
vt 0.664203 0.776056
vt 0.945416 0.907056
vt 0.945425 0.906009
vt 0.943818 0.905748
vt 0.945410 0.903335
vt 0.944308 0.902325
vt 0.945365 0.902373
vt 0.664599 0.774416
vt 0.654528 0.778733
vt 0.654320 0.774675
vt 0.653985 0.775775
vt 0.658191 0.775973
vt 0.654902 0.774094
vt 0.657587 0.779443
vt 0.655391 0.779960
vt 0.946211 0.540352
vt 0.944762 0.539896
vt 0.946286 0.541288
vt 0.944969 0.536449
vt 0.946222 0.537305
vt 0.946204 0.536205
vt 0.674379 0.776188
vt 0.677576 0.774565
vt 0.674810 0.774416
vt 0.679153 0.777709
vt 0.675080 0.778957
vt 0.675920 0.779982
vt 0.943037 0.906356
vt 0.941243 0.904664
vt 0.943097 0.907312
vt 0.943047 0.903386
vt 0.943070 0.902152
vt 0.685258 0.774194
vt 0.688963 0.777828
vt 0.687788 0.774696
vt 0.684612 0.775586
vt 0.684976 0.778378
vt 0.686228 0.779894
vt 0.944927 0.152026
vt 0.944894 0.148399
vt 0.943693 0.151544
vt 0.943349 0.148155
vt 0.944899 0.147100
vt 0.680218 0.778849
vt 0.683799 0.775861
vt 0.680482 0.774158
vt 0.683282 0.779180
vt 0.681291 0.780100
vt 0.948526 0.540371
vt 0.947095 0.539896
vt 0.948619 0.541288
vt 0.947303 0.536449
vt 0.948556 0.537305
vt 0.679728 0.774974
vt 0.679459 0.777617
vt 0.948537 0.536205
s 1
usemtl Scene_-_Root
f 1/1/1 3/2/2 2/3/3
f 1/1/1 4/4/4 3/2/2
f 5/5/5 9/6/6 6/7/7
f 6/7/7 9/6/6 8/8/8
f 7/9/9 1/1/1 10/10/10
f 9/6/6 11/11/11 8/8/8
f 1/1/1 2/3/3 10/10/10
f 17/12/12 16/13/13 15/14/14
f 14/15/15 21/16/16 20/17/17
f 19/18/18 22/19/19 18/20/20
f 12/21/21 23/22/22 13/23/23
f 16/13/13 24/24/24 15/14/14
f 22/19/19 25/25/25 18/20/20
f 12/21/21 26/26/26 23/22/22
f 12/21/21 27/27/27 26/26/26
f 16/13/13 29/28/28 24/24/24
f 21/16/16 31/29/29 20/17/17
f 16/13/13 32/30/30 29/28/28
f 28/31/31 32/30/30 16/13/13
f 31/29/29 34/32/32 20/17/17
f 33/33/33 35/34/34 22/19/19
f 26/26/26 36/35/35 37/36/36
f 27/27/27 36/35/35 26/26/26
f 20/17/17 34/32/32 38/37/37
f 20/17/17 38/37/37 30/38/38
f 28/31/31 39/39/39 32/30/30
f 22/19/19 40/40/40 25/25/25
f 35/34/34 40/40/40 22/19/19
f 34/32/32 41/41/41 38/37/37
f 35/34/34 42/42/42 40/40/40
f 36/35/35 43/43/43 37/36/36
f 34/32/32 44/44/44 41/41/41
f 32/30/30 39/39/39 45/45/45
f 42/42/42 47/46/46 40/40/40
f 35/34/34 48/47/47 42/42/42
f 43/43/43 49/48/48 37/36/36
f 44/44/44 50/49/49 41/41/41
f 39/39/39 51/50/50 45/45/45
f 46/51/51 51/50/50 39/39/39
f 43/43/43 52/52/52 49/48/48
f 43/43/43 53/53/53 52/52/52
f 44/44/44 54/54/54 50/49/49
f 51/50/50 55/55/55 45/45/45
f 42/42/42 56/56/56 47/46/46
f 53/53/53 58/57/57 52/52/52
f 56/56/56 60/58/58 61/59/59
f 56/56/56 61/59/59 62/60/60
f 42/42/42 60/58/58 56/56/56
f 57/61/61 60/58/58 42/42/42
f 50/49/49 66/62/62 65/63/63
f 50/49/49 65/63/63 59/64/64
f 54/54/54 66/62/62 50/49/49
f 63/65/65 64/66/66 70/67/67
f 66/62/62 71/68/68 65/63/63
f 67/69/69 72/70/70 68/71/71
f 67/69/69 69/72/72 72/70/70
f 60/58/58 73/73/73 61/59/59
f 70/67/67 64/66/66 75/74/74
f 71/68/68 77/75/75 65/63/63
f 69/72/72 78/76/76 72/70/70
f 73/73/73 74/77/77 79/78/78
f 60/58/58 74/77/77 73/73/73
f 71/68/68 80/79/79 77/75/75
f 64/66/66 76/80/80 75/74/74
f 82/81/81 86/82/82 83/83/83
f 85/84/84 89/85/85 88/86/86
f 85/84/84 88/86/86 84/87/87
f 74/77/77 90/88/88 79/78/78
f 81/89/89 91/90/90 74/77/77
f 80/79/79 87/91/91 77/75/75
f 89/85/85 92/92/92 88/86/86
f 74/77/77 91/90/90 90/88/88
f 86/82/82 94/93/93 83/83/83
f 83/83/83 97/94/94 93/95/95
f 80/79/79 98/96/96 87/91/91
f 87/91/91 99/97/97 95/98/98
f 92/92/92 100/99/99 88/86/86
f 91/90/90 101/100/100 90/88/88
f 96/101/101 101/100/100 91/90/90
f 83/83/83 94/93/93 97/94/94
f 98/96/96 99/97/97 87/91/91
f 94/93/93 102/102/102 97/94/94
f 98/96/96 103/103/103 99/97/97
f 92/92/92 104/104/104 100/99/99
f 92/92/92 105/105/105 104/104/104
f 101/100/100 106/106/106 107/107/107
f 96/101/101 106/106/106 101/100/100
f 102/102/102 109/108/108 97/94/94
f 102/102/102 110/109/109 109/108/108
f 103/103/103 111/110/110 99/97/97
f 108/111/111 106/106/106 96/101/101
f 103/103/103 112/112/112 111/110/110
f 106/106/106 113/113/113 107/107/107
f 114/114/114 115/115/115 116/116/116
f 112/112/112 117/117/117 111/110/110
f 112/112/112 119/118/118 117/117/117
f 118/119/119 121/120/120 120/121/121
f 117/117/117 125/122/122 124/123/123
f 119/118/118 126/124/124 125/122/122
f 119/118/118 125/122/122 117/117/117
f 120/121/121 121/120/120 127/125/125
f 106/106/106 128/126/126 113/113/113
f 106/106/106 129/127/127 128/126/126
f 122/128/128 130/129/129 129/127/127
f 122/128/128 129/127/127 106/106/106
f 115/115/115 131/130/130 116/116/116
f 115/115/115 123/131/131 131/130/130
f 132/132/132 133/133/133 134/134/134
f 126/124/124 135/135/135 125/122/122
f 121/120/120 136/136/136 127/125/125
f 137/137/137 138/138/138 139/139/139
f 129/127/127 140/140/140 128/126/126
f 133/133/133 141/141/141 134/134/134
f 138/138/138 142/142/142 139/139/139
f 134/134/134 141/141/141 143/143/143
f 135/135/135 145/144/144 125/122/122
f 129/127/127 146/145/145 140/140/140
f 125/122/122 145/144/144 144/146/146
f 129/127/127 147/147/147 146/145/145
f 141/141/141 148/148/148 143/143/143
f 145/144/144 151/149/149 144/146/146
f 142/142/142 152/150/150 149/151/151
f 138/138/138 153/152/152 142/142/142
f 147/147/147 154/153/153 146/145/145
f 141/141/141 155/154/154 148/148/148
f 150/155/155 155/154/154 141/141/141
f 153/152/152 152/150/150 142/142/142
f 145/144/144 158/156/156 151/149/149
f 147/147/147 159/157/157 154/153/153
f 156/158/158 158/156/156 145/144/144
f 153/152/152 160/159/159 152/150/150
f 157/160/160 159/157/157 147/147/147
f 155/154/154 161/161/161 148/148/148
f 158/156/156 162/162/162 151/149/149
f 152/150/150 163/163/163 164/164/164
f 157/160/160 165/165/165 159/157/157
f 155/154/154 166/166/166 161/161/161
f 160/159/159 163/163/163 152/150/150
f 158/156/156 168/167/167 162/162/162
f 165/165/165 167/168/168 159/157/157
f 158/156/156 169/169/169 168/167/167
f 163/163/163 176/170/170 164/164/164
f 166/166/166 175/171/171 161/161/161
f 169/169/169 172/172/172 168/167/167
f 165/165/165 174/173/173 167/168/168
f 170/174/174 174/173/173 165/165/165
f 173/175/175 176/170/170 163/163/163
f 174/173/173 177/176/176 167/168/168
f 166/166/166 178/177/177 175/171/171
f 171/178/178 178/177/177 166/166/166
f 169/169/169 179/179/179 172/172/172
f 180/180/180 181/181/181 182/182/182
f 173/175/175 189/183/183 176/170/170
f 174/173/173 183/184/184 177/176/176
f 171/178/178 187/185/185 178/177/177
f 179/179/179 190/186/186 188/187/187
f 179/179/179 188/187/187 172/172/172
f 181/181/181 191/188/188 182/182/182
f 174/173/173 193/189/189 183/184/184
f 186/190/190 194/191/191 185/192/192
f 186/190/190 196/193/193 194/191/191
f 188/187/187 197/194/194 195/195/195
f 181/181/181 198/196/196 191/188/188
f 188/187/187 200/197/197 197/194/194
f 190/186/186 201/198/198 200/197/197
f 190/186/186 200/197/197 188/187/187
f 183/184/184 203/199/199 202/200/200
f 183/184/184 202/200/200 199/201/201
f 193/189/189 203/199/199 183/184/184
f 196/193/193 211/202/202 194/191/191
f 198/196/196 207/203/203 191/188/188
f 208/204/204 209/205/205 210/206/206
f 200/197/197 212/207/207 204/208/208
f 200/197/197 204/208/208 197/194/194
f 206/209/209 213/210/210 205/211/211
f 206/209/209 214/212/212 213/210/210
f 209/205/205 216/213/213 210/206/206
f 206/209/209 217/214/214 214/212/212
f 203/199/199 215/215/215 202/200/200
f 216/213/213 222/216/216 210/206/206
f 212/207/207 219/217/217 204/208/208
f 215/215/215 220/218/218 202/200/200
f 204/208/208 219/217/217 218/219/219
f 215/215/215 221/220/220 220/218/218
f 216/213/213 223/221/221 222/216/216
f 218/219/219 227/222/222 226/223/223
f 219/217/217 227/222/222 218/219/219
f 217/214/214 233/224/224 214/212/212
f 221/220/220 228/225/225 220/218/218
f 225/226/226 230/227/227 222/216/216
f 223/221/221 225/226/226 222/216/216
f 229/228/228 228/225/225 221/220/220
f 223/221/221 231/229/229 225/226/226
f 224/230/230 233/224/224 217/214/214
f 229/228/228 235/231/231 228/225/225
f 227/222/222 236/232/232 226/223/223
f 224/230/230 237/233/233 233/224/224
f 228/225/225 238/234/234 234/235/235
f 227/222/222 239/236/236 236/232/232
f 232/237/237 239/236/236 227/222/222
f 233/224/224 240/238/238 241/239/239
f 237/233/233 240/238/238 233/224/224
f 235/231/231 238/234/234 228/225/225
f 231/229/229 246/240/240 225/226/226
f 235/231/231 245/241/241 244/242/242
f 235/231/231 244/242/242 238/234/234
f 242/243/243 247/244/244 246/240/240
f 242/243/243 246/240/240 231/229/229
f 239/236/236 248/245/245 236/232/232
f 243/246/246 250/247/247 237/233/233
f 239/236/236 251/248/248 248/245/245
f 237/233/233 253/249/249 240/238/238
f 250/247/247 253/249/249 237/233/233
f 247/244/244 255/250/250 246/240/240
f 239/236/236 256/251/251 251/248/248
f 249/252/252 256/251/251 239/236/236
f 240/238/238 253/249/249 252/253/253
f 246/240/240 258/254/254 254/255/255
f 255/250/250 258/254/254 246/240/240
f 255/250/250 257/256/256 258/254/254
f 256/251/251 259/257/257 251/248/248
f 250/247/247 260/258/258 253/249/249
f 245/241/241 262/259/259 244/242/242
f 245/241/241 263/260/260 262/259/259
f 261/261/261 263/260/260 245/241/241
f 256/251/251 265/262/262 259/257/257
f 260/258/258 266/263/263 253/249/249
f 262/259/259 263/260/260 267/264/264
f 257/256/256 268/265/265 258/254/254
f 264/266/266 269/267/267 265/262/262
f 264/266/266 265/262/262 256/251/251
f 266/263/263 270/268/268 253/249/249
f 272/269/269 273/270/270 274/271/271
f 266/263/263 275/272/272 270/268/268
f 276/273/273 277/274/274 278/275/275
f 263/260/260 279/276/276 267/264/264
f 271/277/277 279/276/276 263/260/260
f 269/267/267 282/278/278 281/279/279
f 269/267/267 281/279/279 265/262/262
f 275/272/272 283/280/280 270/268/268
f 271/277/277 285/281/281 279/276/276
f 280/282/282 286/283/283 268/265/284
f 273/270/270 288/284/285 287/285/286
f 273/270/270 287/285/286 274/271/271
f 277/274/274 284/286/287 289/287/288
f 277/274/274 289/287/288 278/275/275
f 285/281/281 290/288/289 279/276/276
f 291/289/290 292/290/291 285/281/281
f 285/281/281 294/291/292 290/288/289
f 285/281/281 295/292/293 294/291/292
f 292/290/291 295/292/293 285/281/281
f 287/285/286 296/293/294 297/294/295
f 288/284/285 296/293/294 287/285/286
f 282/278/278 298/295/296 281/279/279
f 284/286/287 299/296/297 289/287/288
f 300/297/298 301/298/299 302/299/300
f 281/279/279 303/300/301 293/301/302
f 298/295/296 303/300/301 281/279/279
f 299/296/297 304/302/303 289/287/288
f 305/303/304 306/304/305 307/305/306
f 301/298/299 308/306/307 302/299/300
f 298/295/296 309/307/308 303/300/301
f 306/304/305 312/308/309 307/305/306
f 294/291/292 313/309/310 310/310/311
f 295/292/293 313/309/310 294/291/292
f 303/300/301 316/311/312 311/312/313
f 309/307/308 316/311/312 303/300/301
f 313/309/310 317/313/314 310/310/311
f 314/314/315 317/313/314 313/309/310
f 301/298/299 318/315/316 308/306/307
f 316/311/312 325/316/317 311/312/313
f 306/304/305 319/317/318 312/308/309
f 320/318/319 319/317/318 306/304/305
f 314/314/315 323/319/320 317/313/314
f 318/315/316 324/320/321 308/306/307
f 321/321/322 325/316/317 316/311/312
f 319/317/318 326/322/323 322/323/324
f 320/318/319 326/322/323 319/317/318
f 318/315/316 330/324/325 324/320/321
f 321/321/322 327/325/326 325/316/317
f 323/319/320 329/326/327 317/313/314
f 321/321/322 331/327/328 327/325/326
f 328/328/329 326/322/323 320/318/319
f 323/319/320 332/329/330 329/326/327
f 325/316/317 327/325/326 336/330/331
f 318/315/316 333/331/332 330/324/325
f 332/329/330 334/332/333 329/326/327
f 333/331/332 335/333/334 330/324/325
f 326/322/323 337/334/335 338/335/336
f 328/328/329 337/334/335 326/322/323
f 332/329/330 339/336/337 334/332/333
f 333/331/332 341/337/338 335/333/334
f 341/337/338 344/338/339 335/333/334
f 327/325/326 345/339/340 336/330/331
f 327/325/326 346/340/341 345/339/340
f 340/341/342 346/340/341 327/325/326
f 337/334/335 347/342/343 348/343/344
f 337/334/335 348/343/344 338/335/336
f 342/344/345 347/342/343 337/334/335
f 334/332/333 349/345/346 343/346/347
f 339/336/337 350/347/348 349/345/346
f 339/336/337 349/345/346 334/332/333
f 344/338/339 352/348/349 353/349/350
f 341/337/338 352/348/349 344/338/339
f 346/340/341 354/350/351 345/339/340
f 342/344/345 355/351/352 347/342/343
f 349/345/346 356/352/353 343/346/347
f 349/345/346 359/353/354 356/352/353
f 360/354/355 362/355/356 361/356/357
f 346/340/341 364/357/358 354/350/351
f 366/358/359 365/359/360 357/360/361
f 357/360/361 365/359/360 358/361/362
f 359/353/354 367/362/363 356/352/353
f 354/350/351 364/357/358 363/363/364
f 365/359/360 375/364/365 358/361/362
f 362/355/356 369/365/366 361/356/357
f 363/363/364 371/366/367 370/367/368
f 364/357/358 372/368/369 363/363/364
f 373/369/370 374/370/371 380/371/372
f 365/359/360 376/372/373 375/364/365
f 359/353/354 377/373/374 367/362/363
f 368/374/375 377/373/374 359/353/354
f 369/365/366 379/375/376 378/376/377
f 369/365/366 378/376/377 361/356/357
f 372/368/369 371/366/367 363/363/364
f 374/370/371 381/377/378 380/371/372
f 382/378/379 383/379/380 384/380/381
f 372/368/369 386/381/382 371/366/367
f 367/362/363 377/373/374 387/382/383
f 381/377/378 389/383/384 380/371/372
f 383/379/380 390/384/385 384/380/381
f 386/381/382 391/385/386 371/366/367
f 377/373/374 392/386/387 387/382/383
f 388/387/388 392/386/387 377/373/374
f 383/379/380 393/388/389 390/384/385
f 371/366/367 394/389/390 385/390/391
f 371/366/367 391/385/386 394/389/390
f 381/377/378 395/391/392 389/383/384
f 392/386/387 396/392/393 387/382/383
f 393/388/389 397/393/394 390/384/385
f 391/385/386 398/394/395 394/389/390
f 395/391/392 399/395/396 389/383/384
f 392/386/387 401/396/397 396/392/393
f 398/394/395 402/397/398 394/389/390
f 396/392/393 401/396/397 400/398/399
f 393/388/389 404/399/400 397/393/394
f 395/391/392 403/400/401 399/395/396
f 404/399/400 405/401/402 397/393/394
f 401/396/397 407/402/403 400/398/399
f 401/396/397 409/403/404 407/402/403
f 404/399/400 410/404/405 405/401/402
f 398/394/395 411/405/406 402/397/398
f 403/400/401 412/406/407 399/395/396
f 406/407/408 412/406/407 403/400/401
f 398/394/395 408/408/409 414/409/410
f 398/394/395 414/409/410 411/405/406
f 406/407/408 415/410/411 412/406/407
f 406/407/408 416/411/412 415/410/411
f 409/403/404 417/412/413 407/402/403
f 410/404/405 418/413/414 405/401/402
f 413/414/415 418/413/414 410/404/405
f 408/408/409 420/415/416 414/409/410
f 408/408/409 421/416/417 420/415/416
f 416/411/412 422/417/418 415/410/411
f 409/403/404 424/418/419 423/419/420
f 409/403/404 423/419/420 417/412/413
f 421/416/417 425/420/421 420/415/416
f 413/414/415 430/421/422 418/413/414
f 419/422/423 426/423/424 413/414/415
f 425/420/421 431/424/425 420/415/416
f 422/417/418 428/425/426 427/426/427
f 422/417/418 427/426/427 415/410/411
f 424/418/419 432/427/428 423/419/420
f 413/414/415 426/423/424 430/421/422
f 429/428/429 432/427/428 424/418/419
f 426/423/424 435/429/430 430/421/422
f 426/423/424 434/430/431 435/429/430
f 428/425/426 436/431/432 433/432/433
f 428/425/426 433/432/433 427/426/427
f 425/420/421 439/433/434 438/434/435
f 425/420/421 438/434/435 431/424/425
f 432/427/428 440/435/436 437/436/437
f 429/428/429 440/435/436 432/427/428
f 470/437/438 442/438/439 469/439/440
f 449/440/441 448/441/442 459/442/443
f 448/441/442 450/443/444 459/442/443
f 448/441/442 463/444/445 450/443/444
f 454/445/446 455/446/447 460/447/448
f 455/446/447 456/448/449 460/447/448
f 452/449/450 454/445/446 460/447/448
f 452/449/450 460/447/448 453/450/451
f 451/451/452 447/452/453 448/441/442
f 448/441/442 447/452/453 463/444/445
f 465/453/454 449/440/441 466/454/455
f 465/453/454 448/441/442 449/440/441
f 462/455/456 452/449/450 453/450/451
f 446/456/457 457/457/458 456/448/449
f 446/456/457 464/458/459 457/457/458
f 453/450/451 467/459/460 445/460/461
f 462/455/456 453/450/451 445/460/461
f 460/447/448 458/461/462 461/462/463
f 460/447/448 461/462/463 453/450/451
f 456/448/449 458/461/462 460/447/448
f 456/448/449 457/457/458 458/461/462
f 471/463/464 443/464/465 444/465/466
f 471/463/464 444/465/466 468/466/467
f 470/437/438 441/467/468 442/438/439
f 467/459/460 453/450/451 461/462/463
f 480/468/469 477/469/469 476/470/470
f 481/471/470 480/468/469 483/472/470
f 481/471/470 483/472/470 482/473/469
f 480/468/469 484/474/471 483/472/470
f 480/468/469 476/470/470 484/474/471
f 489/475/472 491/476/472 490/477/472
f 528/478/473 529/479/473 530/480/473
f 528/478/473 530/480/473 531/481/473
f 532/482/474 533/483/474 534/484/474
f 532/482/474 534/484/474 535/485/474
f 536/486/475 537/487/475 538/488/475
f 536/486/475 538/488/475 539/489/475
f 544/490/476 545/491/476 546/492/476
f 544/490/476 546/492/476 547/493/476
f 548/494/473 549/478/473 550/481/473
f 548/494/473 550/481/473 551/495/473
f 556/484/477 557/483/477 558/496/477
f 556/484/477 558/496/477 559/497/477
f 561/498/478 564/499/478 560/500/478
f 564/499/478 561/498/478 563/501/478
f 563/501/478 561/498/478 562/502/478
f 571/503/479 574/504/479 570/505/479
f 574/504/479 571/503/479 573/506/479
f 573/506/479 571/503/479 572/507/479
f 576/505/479 579/508/479 575/509/479
f 579/508/479 576/505/479 578/510/479
f 578/510/479 576/505/479 577/504/479
f 540/511/480 541/512/480 542/513/480
f 540/511/480 542/513/480 543/514/481
f 552/504/482 553/506/483 554/515/484
f 552/504/482 554/515/484 555/510/483
f 566/516/485 569/501/485 565/502/485
f 569/501/485 566/516/485 568/517/486
f 568/517/486 566/516/485 567/518/485
f 583/519/487 595/520/488 587/521/489
f 592/522/490 586/523/491 589/524/492
f 615/525/493 603/526/494 607/527/495
f 606/528/496 612/522/497 609/529/498
f 623/530/499 624/531/500 625/532/501
f 623/530/499 625/532/501 626/533/502
f 628/534/503 629/535/502 630/536/499
f 628/534/503 630/536/499 631/537/504
f 632/538/505 633/539/506 634/540/507
f 632/538/505 634/540/507 635/541/508
f 636/542/509 637/543/510 638/544/511
f 636/542/509 638/544/511 639/545/512
f 642/546/513 643/547/514 644/548/515
f 642/546/513 644/548/515 645/549/516
f 646/550/517 647/551/508 648/552/505
f 646/550/517 648/552/505 649/553/506
f 650/554/518 651/555/519 652/556/520
f 650/554/518 652/556/520 653/557/521
f 654/558/522 655/559/512 656/560/509
f 654/558/522 656/560/509 657/561/510
f 590/562/523 584/563/524 586/523/491
f 583/519/487 582/564/525 597/565/526
f 594/566/527 585/567/528 587/521/489
f 593/568/529 589/524/492 588/569/530
f 663/570/531 664/571/532 665/572/533
f 663/570/531 665/572/533 666/573/534
f 668/534/535 669/574/536 670/575/537
f 668/534/535 670/575/537 671/576/538
f 672/577/539 673/578/540 674/579/541
f 672/577/539 674/579/541 675/580/542
f 676/581/543 677/582/544 678/583/545
f 676/581/543 678/583/545 679/584/546
f 682/585/547 683/586/548 684/548/549
f 682/585/547 684/548/549 685/547/550
f 686/550/541 687/553/551 688/552/539
f 686/550/541 688/552/539 689/551/552
f 690/554/549 691/587/553 692/556/554
f 690/554/549 692/556/554 693/588/555
f 694/589/556 695/561/557 696/590/558
f 694/589/556 696/590/558 697/591/559
f 610/592/560 606/528/496 604/593/561
f 603/526/494 617/594/562 602/595/563
f 614/596/564 607/527/495 605/597/565
f 613/598/566 608/599/567 609/529/498
f 595/520/488 583/519/487 596/600/568
f 590/562/523 586/523/491 591/601/569
f 594/566/527 587/521/489 595/520/488
f 593/568/529 588/569/530 601/602/570
f 584/563/524 590/562/523 600/603/571
f 585/567/528 594/566/527 598/604/572
f 583/519/487 597/565/526 596/600/568
f 589/524/492 593/568/529 592/522/490
f 582/564/525 585/567/528 599/605/573
f 599/605/573 585/567/528 598/604/572
f 588/569/530 584/563/524 600/603/571
f 588/569/530 600/603/571 601/602/570
f 586/523/491 592/522/490 591/601/569
f 597/565/526 582/564/525 599/605/573
f 603/526/494 615/525/493 616/606/574
f 606/528/496 610/592/560 611/607/575
f 607/527/495 614/596/564 615/525/493
f 608/599/567 613/598/566 621/608/576
f 610/592/560 604/593/561 620/609/577
f 614/596/564 605/597/565 618/610/578
f 617/594/562 603/526/494 616/606/574
f 613/598/566 609/529/498 612/522/497
f 605/597/565 602/595/563 619/611/579
f 605/597/565 619/611/579 618/610/578
f 604/593/561 608/599/567 620/609/577
f 620/609/577 608/599/567 621/608/576
f 612/522/497 606/528/496 611/607/575
f 602/595/563 617/594/562 619/611/579
f 710/612/580 711/613/580 712/614/580
f 710/612/580 712/614/580 713/615/580
f 702/616/581 703/617/582 704/618/582
f 702/616/581 704/618/582 705/619/581
f 706/620/583 707/621/584 708/622/585
f 706/620/583 708/622/585 709/623/585
f 714/624/586 715/625/587 716/626/588
f 714/624/586 716/626/588 717/627/589
f 718/628/590 719/629/590 720/630/590
f 718/628/590 720/630/590 721/631/590
f 722/632/591 723/633/591 724/634/591
f 722/632/591 724/634/591 725/635/591
f 756/636/592 757/637/593 758/638/594
f 756/636/592 758/638/594 759/639/595
f 761/640/596 762/641/597 763/642/598
f 761/640/596 763/642/598 764/643/599
f 765/644/600 766/645/601 767/646/602
f 765/644/600 767/646/602 768/647/603
f 769/648/604 770/649/605 771/650/606
f 769/648/604 771/650/606 772/651/607
f 775/652/608 776/653/609 777/654/610
f 775/652/608 777/654/610 778/655/611
f 779/656/612 780/657/613 781/658/614
f 779/656/612 781/658/614 782/659/615
f 783/660/616 784/661/617 785/662/618
f 783/660/616 785/662/618 786/663/619
f 787/664/620 788/665/621 789/666/622
f 787/664/620 789/666/622 790/667/623
f 740/668/624 727/669/625 741/670/626
f 727/669/625 740/668/624 731/671/627
f 735/672/628 730/673/629 734/674/630
f 734/674/630 730/673/629 736/675/631
f 739/676/632 746/677/633 731/671/627
f 739/676/632 731/671/627 740/668/624
f 752/678/634 735/672/628 734/674/630
f 752/678/634 734/674/630 738/679/635
f 732/680/636 753/681/637 752/678/634
f 752/678/634 753/681/637 751/682/638
f 728/683/639 735/672/628 749/684/640
f 749/684/640 735/672/628 750/685/641
f 744/686/642 729/687/643 746/677/633
f 744/686/642 746/677/633 745/688/644
f 727/669/625 743/689/645 742/690/646
f 727/669/625 742/690/646 741/670/626
f 752/678/634 738/679/635 733/691/647
f 733/691/647 738/679/635 737/692/648
f 726/693/649 729/687/643 748/694/650
f 748/694/650 729/687/643 744/686/642
f 743/689/645 746/677/633 742/690/646
f 742/690/646 746/677/633 739/676/632
f 735/672/628 752/678/634 750/685/641
f 750/685/641 752/678/634 751/682/638
f 732/680/636 728/683/639 749/684/640
f 732/680/636 749/684/640 753/681/637
f 730/673/629 737/692/648 736/675/631
f 737/692/648 730/673/629 733/691/647
f 743/689/645 726/693/649 748/694/650
f 743/689/645 748/694/650 747/695/651
f 746/677/633 743/689/645 747/695/651
f 746/677/633 747/695/651 745/688/644
f 882/696/652 883/697/653 884/698/654
f 879/699/655 850/700/656 880/701/657
f 890/702/658 862/703/659 878/704/660
f 850/700/656 872/705/661 880/701/657
f 878/704/660 903/706/662 883/697/653
f 903/706/662 876/707/663 956/708/664
f 832/709/665 833/710/666 834/711/667
f 836/712/668 837/713/669 838/714/670
f 901/715/671 839/716/672 840/717/673
f 893/718/674 847/719/675 848/720/676
f 854/721/677 855/722/678 856/723/679
f 854/721/677 856/723/679 857/724/680
f 863/725/681 864/726/681 865/727/682
f 863/725/681 865/727/682 866/728/682
f 880/701/657 869/729/683 870/730/684
f 880/701/657 870/730/684 871/731/685
f 862/703/659 875/732/686 876/707/663
f 862/703/659 876/707/663 878/704/660
f 881/733/687 880/701/657 871/731/685
f 889/734/688 862/703/659 890/702/658
f 889/734/688 848/720/676 862/703/659
f 891/735/689 853/736/690 892/737/691
f 853/736/690 849/738/692 892/737/691
f 892/737/691 849/738/692 850/700/656
f 892/737/691 850/700/656 879/699/655
f 893/718/674 848/720/676 889/734/688
f 894/739/693 831/740/694 895/741/695
f 896/742/696 845/743/697 846/744/698
f 896/742/696 846/744/698 897/745/699
f 835/746/700 843/747/701 844/748/702
f 835/746/700 844/748/702 898/749/703
f 899/750/704 841/751/705 900/752/706
f 841/751/705 842/753/707 900/752/706
f 901/715/671 902/754/708 839/716/672
f 860/755/709 861/756/709 877/757/709
f 878/704/660 876/707/663 903/706/662
f 878/704/660 883/697/653 882/696/652
f 880/701/657 881/733/687 904/758/710
f 880/701/657 904/758/710 905/759/711
f 880/701/657 872/705/661 869/729/683
f 873/760/712 874/761/713 868/762/714
f 906/763/715 907/764/716 851/765/717
f 906/763/715 851/765/717 908/766/718
f 909/767/719 910/768/720 911/769/721
f 909/767/719 911/769/721 912/770/722
f 913/771/723 914/772/724 915/773/725
f 918/774/726 909/767/719 912/770/722
f 907/764/716 919/775/727 852/776/728
f 920/777/729 921/778/730 922/779/731
f 923/780/732 924/781/733 925/782/734
f 907/764/716 852/776/728 851/765/717
f 924/781/733 918/774/735 925/782/734
f 910/768/720 913/771/723 915/773/725
f 910/768/720 915/773/725 911/769/721
f 926/783/736 927/784/737 928/785/738
f 929/786/739 926/783/736 928/785/738
f 930/787/740 931/788/741 932/789/742
f 933/790/743 934/791/744 935/792/745
f 933/790/743 935/792/745 936/793/746
f 833/710/666 937/794/747 834/711/667
f 938/795/748 939/796/749 940/797/750
f 938/795/748 940/797/750 941/798/751
f 944/799/752 942/800/753 943/801/754
f 945/802/755 946/803/756 947/804/757
f 948/805/758 930/787/740 932/789/742
f 949/806/759 945/802/755 947/804/757
f 942/800/753 950/807/760 943/801/754
f 917/808/761 906/763/715 908/766/718
f 951/809/762 836/712/668 838/714/670
f 919/775/763 920/777/729 922/779/731
f 953/810/764 895/741/695 952/811/765
f 952/811/765 895/741/695 831/740/694
f 954/812/766 883/697/653 903/706/662
f 905/759/711 904/758/710 955/813/767
f 957/814/768 958/815/769 959/816/770
f 957/814/768 959/816/770 960/817/771
f 961/818/772 962/819/773 963/820/774
f 961/818/772 963/820/774 964/821/775
f 965/822/776 966/823/777 967/824/778
f 965/822/776 967/824/778 968/825/779
f 969/826/780 970/827/781 971/828/782
f 969/826/780 971/828/782 972/829/783
f 973/830/784 974/831/785 975/832/786
f 973/830/784 975/832/786 976/833/787
f 978/834/788 980/835/789 979/836/790
f 978/834/788 979/836/790 977/837/791
f 1083/838/792 1082/839/793 1061/840/794
f 1079/841/795 1078/842/796 1057/843/797
f 983/844/798 1056/845/799 984/846/800
f 983/844/798 984/846/800 985/847/801
f 986/848/802 1058/849/803 990/850/804
f 986/848/802 990/850/804 989/851/805
f 981/852/806 982/853/807 991/854/808
f 981/852/806 991/854/808 992/855/809
f 988/856/810 987/857/811 993/858/812
f 988/856/810 993/858/812 994/859/813
f 989/851/805 990/850/804 995/860/814
f 985/847/801 984/846/800 998/861/815
f 985/847/801 998/861/815 1031/862/816
f 999/863/817 1000/864/818 1034/865/819
f 999/863/817 1034/865/819 1033/866/820
f 995/860/814 990/850/804 1028/867/821
f 1008/868/822 1009/869/823 1010/870/824
f 1013/871/825 1014/872/826 1026/873/827
f 1013/871/825 1026/873/827 1015/874/828
f 1016/875/829 1020/876/830 1021/877/831
f 1016/875/829 1021/877/831 1017/878/832
f 1011/879/833 1022/880/834 1023/881/835
f 1011/879/833 1023/881/835 1012/882/836
f 1019/883/837 1024/884/838 1025/885/839
f 1019/883/837 1025/885/839 1018/886/840
f 1020/876/830 1027/887/841 1028/867/821
f 1020/876/830 1028/867/821 1021/877/831
f 1014/872/826 1031/862/816 1032/888/842
f 1014/872/826 1032/888/842 1026/873/827
f 1031/862/816 998/861/815 1032/888/842
f 1027/887/841 995/860/814 1028/867/821
f 1037/889/843 1003/890/844 1044/891/845
f 1006/892/846 1007/893/847 1045/894/848
f 1006/892/846 1045/894/848 1046/895/849
f 1040/896/850 1041/897/851 1043/898/852
f 1040/896/850 1043/898/852 1042/899/853
f 1010/870/824 1009/869/823 1053/900/854
f 1042/899/853 1043/898/852 1052/901/855
f 1042/899/853 1052/901/855 1051/902/856
f 1027/887/841 1007/893/847 1006/892/846
f 1027/887/841 1006/892/846 995/860/814
f 1035/903/857 1038/904/858 1039/905/859
f 1035/903/857 1039/905/859 1036/906/860
f 998/861/815 1003/890/844 1037/889/843
f 998/861/815 1037/889/843 1032/888/842
f 1001/907/861 1002/908/862 1005/909/863
f 1001/907/861 1005/909/863 1004/910/864
f 986/848/802 1057/843/797 1058/849/803
f 983/844/798 1061/840/794 1056/845/799
f 983/844/798 1083/838/792 1061/840/794
f 1062/911/865 1084/912/866 1085/913/867
f 1062/911/865 1085/913/867 1063/914/868
f 1057/843/797 1078/842/796 1058/849/803
f 1064/915/869 1065/916/870 1066/917/871
f 1067/918/872 1071/919/873 1068/920/874
f 1065/916/870 1072/921/875 1066/917/871
f 1073/922/876 1074/923/877 1075/924/878
f 1072/921/875 1076/925/879 1066/917/871
f 1069/926/880 1077/927/881 1070/928/882
f 1016/875/829 1017/878/832 1078/842/796
f 1016/875/829 1078/842/796 1079/841/795
f 1013/871/825 1015/874/828 1082/839/793
f 1013/871/825 1082/839/793 1083/838/792
f 1086/929/883 1087/930/884 1088/931/885
f 1061/840/794 1082/839/793 1067/918/872
f 1061/840/794 1067/918/872 1068/920/874
f 1079/841/795 1057/843/797 1069/926/880
f 1079/841/795 1069/926/880 1070/928/882
f 1088/931/885 1087/930/884 1089/932/886
f 1067/918/872 1094/933/887 1071/919/873
f 1077/927/881 1095/934/888 1096/935/889
f 1077/927/881 1096/935/889 1070/928/882
f 1090/936/890 1092/937/891 1093/938/892
f 1090/936/890 1093/938/892 1091/939/893
f 1074/923/877 1103/940/894 1075/924/878
f 1092/937/891 1101/941/895 1102/942/896
f 1092/937/891 1102/942/896 1093/938/892
f 1106/943/897 1107/944/898 1108/945/898
f 1109/946/899 1110/947/900 1111/948/900
f 1112/949/901 1113/950/902 1114/951/902
f 1115/952/903 1116/953/904 1118/954/905
f 1119/955/906 1120/956/907 1121/957/908
f 1120/956/907 1122/958/909 1121/957/908
f 1126/959/910 1120/956/907 1124/960/911
f 1120/956/907 1119/955/906 1125/961/912
f 1119/955/906 1127/962/913 1117/963/914
f 1127/962/913 1126/959/910 1123/964/915
f 1128/965/916 1129/966/917 1130/967/918
f 1128/965/916 1130/967/918 1131/968/919
f 1127/962/913 1119/955/906 1132/969/920
f 1119/955/906 1121/957/908 1132/969/920
f 1120/956/907 1126/959/910 1122/958/909
f 1126/959/910 1133/970/921 1122/958/909
f 1126/959/910 1127/962/913 1133/970/921
f 1127/962/913 1132/969/920 1133/970/921
f 1144/971/922 1145/972/923 1146/973/924
f 1144/971/922 1146/973/924 1147/974/925
f 1148/975/926 1143/976/927 1142/977/928
f 1149/978/929 1150/979/930 1151/980/931
f 1153/981/932 1152/982/933 1156/983/934
f 1155/984/935 1153/981/932 1156/983/934
f 1154/985/936 1162/986/937 1163/987/938
f 1164/988/939 1165/989/940 1166/990/941
f 1159/991/942 1154/985/936 1163/987/938
f 1153/981/932 1155/984/935 1172/992/943
f 1135/993/944 1134/994/945 1175/995/946
f 1136/996/947 1145/972/923 1144/971/922
f 1137/997/948 1136/996/947 1144/971/922
f 1141/998/949 1140/999/950 1128/965/916
f 1140/999/950 1174/1000/951 1129/966/917
f 1173/1001/952 1135/993/944 1175/995/946
f 1139/1002/953 1138/1003/954 1176/1004/955
f 1128/965/916 1140/999/950 1129/966/917
f 1177/1005/956 1178/1006/956 1183/1007/956
f 1190/1008/957 1185/1009/958 1186/1010/959
f 1184/1011/960 1185/1009/958 1190/1008/957
f 1192/1012/961 1191/1013/961 1195/1014/961
f 1196/1015/962 1197/1016/962 1179/1017/962
f 1180/1018/963 1182/1019/964 1181/1020/965
f 1182/1019/964 1189/1021/966 1188/1022/967
f 1182/1019/964 1188/1022/967 1187/1023/968
f 1193/1024/969 1180/1018/963 1194/1025/970
f 1198/1026/971 1202/1027/972 1182/1019/964
f 1198/1026/971 1182/1019/964 1180/1018/963
f 1202/1027/972 1206/1028/973 1189/1021/966
f 1202/1027/972 1189/1021/966 1182/1019/964
f 1206/1028/973 1201/1029/974 1193/1024/969
f 1206/1028/973 1193/1024/969 1189/1021/966
f 1201/1029/974 1198/1026/971 1180/1018/963
f 1201/1029/974 1180/1018/963 1193/1024/969
f 1230/1030/975 1221/1031/976 1219/1032/977
f 1230/1030/975 1220/1033/978 1221/1031/976
f 1222/1034/979 1212/1035/980 1213/1036/981
f 1209/1037/982 1215/1038/983 1214/1039/984
f 1210/1040/985 1209/1037/982 1214/1039/984
f 1205/1041/986 1204/1042/987 1216/1043/988
f 1216/1043/988 1204/1042/987 1217/1044/989
f 1227/1045/990 1224/1046/991 1225/1047/992
f 1216/1043/988 1217/1044/989 1229/1048/993
f 1244/1049/994 1232/1050/995 1207/1051/996
f 1207/1051/996 1232/1050/995 1208/1052/997
f 1228/1053/998 1233/1054/999 1203/1055/1000
f 1228/1053/998 1203/1055/1000 1211/1056/1001
f 1233/1054/999 1241/1057/1002 1218/1058/1003
f 1233/1054/999 1218/1058/1003 1203/1055/1000
f 1227/1045/990 1225/1047/992 1237/1059/1004
f 1232/1060/1005 1238/1061/1006 1243/1062/1007
f 1239/1063/1008 1236/1064/1009 1240/1065/1010
f 1241/1057/1002 1226/1066/1011 1218/1058/1003
f 1226/1066/1011 1242/1067/1012 1218/1058/1003
f 1226/1066/1011 1228/1053/998 1211/1056/1001
f 1226/1066/1011 1211/1056/1001 1234/1068/1013
f 1239/1063/1008 1244/1049/994 1236/1064/1009
f 1236/1064/1009 1244/1049/994 1207/1051/996
f 1238/1061/1006 1239/1063/1008 1240/1065/1010
f 1222/1034/979 1213/1036/981 1223/1069/1014
f 1238/1061/1006 1240/1065/1010 1243/1062/1007
f 1226/1066/1011 1234/1068/1013 1242/1067/1012
f 1199/1070/1015 1235/1071/1016 1245/1072/1017
f 1199/1070/1015 1245/1072/1017 1200/1073/1018
f 1251/1074/1019 1252/1075/1020 1249/1076/1021
f 1251/1074/1019 1249/1076/1021 1250/1077/1022
f 1257/1078/1023 1255/1079/1023 1256/1080/1023
f 1261/1081/1024 1260/1082/1024 1266/1083/1024
f 1268/1084/1025 1265/1085/1026 1267/1086/1027
f 1268/1084/1025 1267/1086/1027 1271/1087/1028
f 1254/1088/1029 1259/1089/1030 1258/1090/1031
f 1259/1089/1030 1263/1091/1032 1262/1092/1033
f 1263/1091/1032 1253/1093/1034 1269/1094/1035
f 1272/1095/1036 1278/1096/1037 1254/1088/1029
f 1272/1095/1036 1254/1088/1029 1253/1093/1034
f 1278/1096/1037 1279/1097/1038 1259/1089/1030
f 1278/1096/1037 1259/1089/1030 1254/1088/1029
f 1279/1097/1038 1272/1095/1036 1263/1091/1032
f 1279/1097/1038 1263/1091/1032 1259/1089/1030
f 1282/1098/1039 1272/1095/1036 1279/1097/1038
f 1272/1095/1036 1253/1093/1034 1263/1091/1032
f 1275/1099/1040 1278/1096/1037 1272/1095/1036
f 1306/1100/1041 1293/1101/1042 1294/1102/1043
f 1293/1101/1042 1295/1103/1044 1294/1102/1043
f 1294/1102/1043 1295/1103/1044 1296/1104/1045
f 1297/1105/1046 1287/1106/1047 1288/1107/1048
f 1299/1108/1049 1297/1105/1046 1288/1107/1048
f 1284/1109/1050 1283/1110/1051 1290/1111/1052
f 1284/1109/1050 1290/1111/1052 1289/1112/1053
f 1283/1110/1051 1301/1113/1054 1290/1111/1052
f 1276/1114/1055 1292/1115/1056 1291/1116/1057
f 1276/1114/1055 1302/1117/1058 1292/1115/1056
f 1277/1118/1059 1276/1114/1055 1291/1116/1057
f 1304/1119/1060 1298/1120/1061 1303/1121/1062
f 1303/1121/1062 1298/1120/1061 1300/1122/1063
f 1291/1116/1057 1292/1115/1056 1305/1123/1064
f 1321/1124/1065 1307/1125/1066 1281/1126/1067
f 1321/1124/1065 1281/1126/1067 1280/1127/1068
f 1307/1125/1066 1313/1128/1069 1281/1126/1067
f 1308/1129/1070 1286/1130/1071 1285/1131/1072
f 1308/1129/1070 1311/1132/1073 1320/1133/1074
f 1308/1129/1070 1320/1133/1074 1286/1130/1071
f 1307/1125/1066 1314/1134/1075 1315/1135/1076
f 1307/1125/1066 1315/1135/1076 1313/1128/1069
f 1316/1136/1077 1312/1137/1078 1323/1138/1079
f 1310/1139/1080 1308/1129/1070 1285/1131/1072
f 1312/1137/1081 1321/1124/1065 1280/1127/1068
f 1314/1134/1075 1316/1136/1077 1323/1138/1079
f 1314/1134/1075 1323/1138/1079 1315/1135/1076
f 1274/1140/1082 1324/1141/1083 1322/1142/1084
f 1273/1143/1085 1324/1141/1083 1274/1140/1082
f 1358/1144/1086 1327/1145/1087 1326/1146/1088
f 1330/1147/1089 1361/1148/1090 1331/1149/1091
f 1331/1149/1091 1361/1148/1090 1364/1150/1092
f 1338/1151/1093 1333/1152/1094 1360/1153/1095
f 1332/1154/1096 1338/1151/1093 1360/1153/1095
f 1332/1154/1096 1360/1153/1095 1365/1155/1097
f 1329/1156/1098 1328/1157/1099 1336/1158/1100
f 1329/1156/1098 1336/1158/1100 1337/1159/1101
f 1335/1160/1102 1334/1161/1103 1344/1162/1104
f 1335/1160/1102 1344/1162/1104 1345/1163/1105
f 1338/1151/1093 1332/1154/1096 1343/1164/1106
f 1326/1146/1088 1327/1145/1087 1346/1165/1107
f 1346/1165/1107 1327/1145/1087 1347/1166/1108
f 1327/1145/1087 1341/1167/1109 1347/1166/1108
f 1342/1168/1110 1340/1169/1111 1348/1170/1112
f 1340/1169/1111 1349/1171/1113 1348/1170/1112
f 1343/1172/1114 1352/1173/1115 1354/1174/1116
f 1355/1175/1117 1356/1176/1118 1380/1177/1119
f 1380/1177/1119 1356/1176/1118 1381/1178/1120
f 1343/1172/1114 1354/1174/1116 1371/1179/1121
f 1353/1180/1122 1343/1172/1114 1371/1179/1121
f 1353/1180/1122 1371/1179/1121 1379/1181/1123
f 1347/1166/1124 1357/1182/1125 1382/1183/1126
f 1358/1144/1086 1359/1184/1127 1327/1145/1087
f 1360/1153/1095 1370/1185/1128 1365/1155/1097
f 1358/1144/1086 1369/1186/1129 1359/1184/1127
f 1367/1187/1130 1368/1188/1131 1366/1189/1132
f 1362/1190/1133 1373/1191/1134 1374/1192/1135
f 1362/1190/1133 1374/1192/1135 1363/1193/1136
f 1370/1185/1128 1371/1194/1137 1372/1195/1138
f 1370/1185/1128 1372/1195/1138 1365/1155/1097
f 1358/1144/1086 1375/1196/1139 1369/1186/1129
f 1375/1196/1139 1382/1197/1140 1369/1186/1129
f 1367/1187/1130 1376/1198/1141 1368/1188/1131
f 1377/1199/1142 1350/1200/1143 1378/1201/1144
f 1378/1201/1144 1350/1200/1143 1351/1202/1145
f 1384/1203/1146 1385/1204/473 1386/1205/1147
f 1382/1183/1126 1357/1182/1125 1383/1206/1148
f 1445/1207/1149 1447/1208/1150 1446/1209/1151
f 1390/1210/1152 1389/1211/1153 1396/1212/1154
f 1390/1210/1152 1396/1212/1154 1397/1213/1155
f 1395/1214/1156 1394/1215/1157 1405/1216/1158
f 1395/1214/1156 1405/1216/1158 1406/1217/1159
f 1398/1218/1160 1392/1219/1161 1404/1220/1162
f 1399/1221/1163 1398/1218/1160 1404/1220/1162
f 1387/1222/1164 1388/1223/1165 1407/1224/1166
f 1407/1224/1166 1388/1223/1165 1408/1225/1167
f 1388/1223/1165 1402/1226/1168 1409/1227/1169
f 1388/1223/1165 1409/1227/1169 1408/1225/1167
f 1403/1228/1170 1401/1229/1171 1410/1230/1172
f 1401/1229/1171 1411/1231/1173 1410/1230/1172
f 1404/1220/1174 1414/1232/1175 1416/1233/1176
f 1412/1234/1177 1413/1235/1178 1439/1236/1179
f 1417/1237/1180 1418/1238/1181 1441/1239/1182
f 1441/1239/1182 1418/1238/1181 1442/1240/1183
f 1404/1220/1174 1416/1233/1176 1432/1241/1184
f 1415/1242/1185 1404/1220/1174 1432/1241/1184
f 1415/1242/1185 1432/1241/1184 1440/1243/1186
f 1407/1224/1166 1408/1225/1167 1443/1244/1187
f 1387/1222/1164 1419/1245/1188 1420/1246/1189
f 1387/1222/1164 1420/1246/1189 1388/1223/1165
f 1421/1247/1190 1425/1248/1191 1391/1249/1192
f 1421/1247/1190 1391/1249/1192 1393/1250/1193
f 1422/1251/1194 1392/1219/1161 1398/1218/1160
f 1422/1251/1194 1398/1218/1160 1426/1252/1195
f 1419/1245/1188 1431/1253/1196 1420/1246/1189
f 1429/1254/1197 1430/1255/1198 1428/1256/1199
f 1423/1257/1200 1434/1258/1201 1435/1259/1202
f 1423/1257/1200 1435/1259/1202 1424/1260/1203
f 1427/1261/1204 1432/1241/1205 1426/1252/1206
f 1426/1252/1206 1432/1241/1205 1433/1262/1207
f 1419/1245/1188 1436/1263/1208 1431/1253/1196
f 1436/1263/1208 1443/1244/1209 1431/1253/1196
f 1429/1254/1197 1437/1264/1210 1430/1255/1198
f 1439/1236/1179 1413/1235/1178 1438/1265/1211
f 1443/1244/1187 1408/1225/1167 1444/1266/1212
f 1450/1267/1213 1451/1268/1214 1452/1269/1215
f 1453/1270/1216 1455/1271/1217 1454/1272/1218
f 1455/1271/1217 1456/1273/1219 1454/1272/1218
f 1461/1274/1220 1462/1275/1221 1463/1276/1222
f 1461/1274/1220 1464/1277/1223 1462/1275/1221
f 1462/1275/1221 1465/1278/1224 1463/1276/1222
f 1456/1279/1225 1467/1280/1226 1466/1281/1227
f 1466/1281/1227 1467/1280/1226 1468/1282/1228
f 1457/1283/1229 1458/1284/1230 1473/1285/1231
f 1465/1286/1232 1464/1287/1233 1479/1288/1234
f 1465/1286/1232 1479/1288/1234 1480/1289/1235
f 1476/1290/1236 1477/1291/1237 1484/1292/1238
f 1480/1289/1239 1485/1293/1240 1483/1294/1241
f 1480/1289/1239 1483/1294/1241 1481/1295/1242
f 1481/1295/1242 1483/1294/1241 1482/1296/1243
f 1468/1297/1244 1487/1298/1245 1488/1299/1246
f 1486/1300/1247 1468/1297/1244 1488/1299/1246
f 1488/1301/1248 1491/1302/1249 1492/1303/1250
f 1491/1302/1249 1487/1298/1251 1492/1303/1250
f 1492/1303/1250 1487/1298/1251 1493/1304/1252
f 1496/1305/1253 1497/1306/1254 1490/1307/1255
f 1503/1308/1256 1504/1309/1257 1505/1310/1258
f 1482/1296/1243 1483/1294/1241 1511/1311/1259
f 1482/1296/1243 1511/1311/1259 1512/1312/1260
f 1494/1313/1261 1493/1314/1262 1513/1315/1263
f 1494/1313/1261 1513/1315/1263 1514/1316/1264
f 1515/1317/1265 1516/1318/1266 1517/1319/1267
f 1518/1320/1268 1519/1321/1269 1522/1322/1270
f 1518/1320/1268 1522/1322/1270 1523/1323/1271
f 1512/1312/1260 1511/1311/1259 1516/1324/1272
f 1514/1316/1264 1513/1315/1263 1524/1325/1273
f 1514/1316/1264 1524/1325/1273 1525/1326/1274
f 1533/1327/1275 1504/1328/1276 1528/1329/1277
f 1526/1330/1278 1527/1331/1279 1529/1332/1280
f 1530/1333/1281 1531/1334/1282 1532/1335/1283
f 1506/1336/1284 1527/1331/1279 1526/1330/1278
f 1521/1337/1285 1534/1338/1286 1535/1339/1287
f 1523/1323/1271 1522/1322/1270 1536/1340/1288
f 1517/1319/1267 1516/1318/1266 1537/1341/1289
f 1517/1319/1267 1537/1341/1289 1538/1342/1290
f 1532/1335/1283 1539/1343/1291 1540/1344/1292
f 1530/1333/1281 1532/1335/1283 1540/1344/1292
f 1541/1345/1293 1542/1346/1294 1545/1347/1295
f 1546/1348/1296 1542/1346/1294 1541/1345/1293
f 1547/1349/1297 1548/1350/1298 1546/1351/1299
f 1551/1352/1300 1498/1353/1301 1501/1354/1302
f 1561/1355/1303 1562/1356/1303 1563/1357/1303
f 1561/1355/1303 1563/1357/1303 1564/1358/1303
f 1567/1359/1304 1568/1360/1304 1569/1361/1304
f 1567/1359/1304 1569/1361/1304 1570/1362/1304
f 1587/1363/1304 1588/1364/1304 1596/1365/1304
f 1587/1363/1304 1596/1365/1304 1597/1366/1305
f 1563/1357/1303 1562/1356/1303 1606/1367/1303
f 1563/1357/1303 1606/1367/1303 1607/1368/1306
f 1573/1369/1307 1574/1370/1304 1609/1371/1304
f 1573/1369/1307 1609/1371/1304 1610/1372/1308
f 1561/1355/1303 1564/1358/1303 1603/1373/1309
f 1561/1355/1303 1603/1373/1309 1602/1374/1310
f 1631/1375/1311 1658/1376/1312 1632/1377/1313
f 1660/1378/1314 1633/1379/1315 1634/1380/1316
f 1660/1378/1314 1634/1380/1316 1635/1381/1314
f 1631/1375/1311 1632/1377/1313 1636/1382/1311
f 1633/1379/1315 1637/1383/1317 1634/1380/1316
f 1638/1384/1312 1631/1375/1311 1636/1382/1311
f 1633/1379/1315 1639/1385/1317 1637/1383/1317
f 1638/1384/1312 1636/1382/1311 1640/1386/1312
f 1639/1385/1317 1641/1387/1315 1637/1383/1317
f 1642/1388/1311 1638/1384/1312 1640/1386/1312
f 1639/1385/1317 1643/1389/1315 1641/1387/1315
f 1642/1388/1311 1640/1386/1312 1644/1390/1318
f 1643/1389/1315 1645/1391/1315 1641/1387/1315
f 1643/1389/1315 1646/1392/1316 1645/1391/1315
f 1647/1393/1319 1642/1388/1311 1644/1390/1318
f 1647/1393/1319 1644/1390/1318 1648/1394/1319
f 1646/1392/1316 1649/1395/1316 1645/1391/1315
f 1646/1392/1316 1650/1396/1316 1649/1395/1316
f 1651/1397/1318 1647/1393/1319 1648/1394/1319
f 1651/1397/1318 1648/1394/1319 1652/1398/1318
f 1650/1396/1316 1653/1399/1320 1649/1395/1316
f 1654/1400/1312 1651/1397/1318 1652/1398/1318
f 1654/1400/1312 1652/1398/1318 1655/1401/1312
f 1650/1396/1316 1656/1402/1321 1657/1403/1321
f 1650/1396/1316 1657/1403/1321 1653/1399/1320
f 1658/1376/1312 1654/1400/1312 1655/1401/1312
f 1658/1376/1312 1655/1401/1312 1659/1404/1312
f 1656/1402/1321 1660/1378/1314 1661/1405/1322
f 1656/1402/1321 1661/1405/1322 1657/1403/1321
f 1660/1378/1314 1635/1381/1314 1661/1405/1322
f 1658/1376/1312 1659/1404/1312 1632/1377/1313
f 1593/1406/1323 1594/1407/1323 1595/1408/1324
f 1583/1409/1325 1584/1410/1325 1608/1411/1326
f 1598/1412/1327 1599/1413/1327 1611/1414/1328
f 1600/1415/1329 1601/1416/1329 1612/1417/1330
f 1613/1418/1331 1604/1419/1332 1605/1420/1333
f 1613/1418/1331 1605/1420/1333 1614/1421/1334
f 1615/1422/1335 1616/1423/1336 1617/1424/1337
f 1615/1422/1335 1617/1424/1337 1618/1425/1338
f 1674/1426/1339 1627/1427/1340 1628/1428/1341
f 1662/1429/1342 1664/1430/1343 1665/1431/1344
f 1662/1429/1342 1665/1431/1344 1663/1432/1345
f 1666/1433/1346 1668/1434/1347 1667/1435/1348
f 1668/1434/1347 1669/1436/1349 1667/1435/1348
f 1670/1437/1350 1672/1438/1351 1673/1439/1352
f 1670/1437/1350 1673/1439/1352 1671/1440/1353
f 1674/1426/1339 1628/1428/1341 1675/1441/1354
f 1709/1442/1355 1707/1443/1356 1708/1444/1357
f 1709/1442/1355 1708/1444/1357 1710/1445/1358
f 1713/1446/1359 1711/1447/1360 1712/1448/1361
f 1713/1446/1359 1712/1448/1361 1714/1449/1362
f 1715/1450/1363 1716/1451/1364 1717/1452/1365
f 1718/1453/1366 1715/1450/1363 1717/1452/1365
f 1629/1454/1367 1719/1455/1368 1720/1456/1369
f 1629/1454/1367 1720/1456/1369 1630/1457/1370
f 1978/1458/1371 1912/1459/1372 1731/1460/1373
f 1977/1461/1374 1735/1462/1375 1736/1463/1376
f 1977/1461/1374 1736/1463/1376 1733/1464/1377
f 1731/1460/1373 1912/1459/1372 1737/1465/1378
f 1733/1464/1377 1736/1463/1376 1739/1466/1379
f 1733/1464/1377 1739/1466/1379 1740/1467/1380
f 1733/1464/1377 1740/1467/1380 2004/1468/1381
f 2004/1468/1381 1740/1467/1380 1749/1469/1382
f 1750/1470/1383 1742/1471/1384 1748/1472/1385
f 1750/1470/1383 1748/1472/1385 1751/1473/1386
f 1742/1471/1384 1741/1474/1387 1748/1472/1385
f 1747/1475/1388 1732/1476/1389 1753/1477/1390
f 1753/1477/1390 1903/1478/1391 1754/1479/1392
f 1751/1473/1386 1748/1472/1385 1755/1480/1393
f 1954/1481/1394 1746/1482/1395 1752/1483/1396
f 1755/1480/1393 1748/1472/1385 1756/1484/1397
f 1752/1483/1396 1758/1485/1398 1759/1486/1399
f 1759/1486/1399 1758/1485/1398 1760/1487/1400
f 1754/1479/1392 1761/1488/1401 1762/1489/1402
f 1756/1484/1397 1748/1472/1385 1757/1490/1403
f 1756/1484/1397 1757/1490/1403 1763/1491/1404
f 1764/1492/1405 1765/1493/1406 1995/1494/1407
f 1995/1494/1407 1765/1493/1406 1766/1495/1408
f 1767/1496/1409 1764/1492/1405 1995/1494/1407
f 1762/1489/1402 1761/1488/1401 1895/1497/1410
f 1762/1489/1402 1895/1497/1410 1771/1498/1411
f 1772/1499/1412 1770/1500/1413 1773/1501/1414
f 1771/1498/1411 1895/1497/1410 1894/1502/1415
f 1896/1503/1416 1766/1495/1408 1775/1504/1417
f 1771/1498/1411 1894/1502/1415 1888/1505/1418
f 1771/1498/1411 1888/1505/1418 1779/1506/1419
f 1778/1507/1420 1777/1508/1421 1780/1509/1422
f 1896/1503/1416 1775/1504/1417 1783/1510/1423
f 1896/1503/1416 1783/1510/1423 1784/1511/1424
f 1775/1504/1417 1776/1512/1425 1783/1510/1423
f 1779/1506/1419 1888/1505/1418 1891/1513/1426
f 1779/1506/1419 1891/1513/1426 1787/1514/1427
f 1785/1515/1428 1778/1507/1420 1780/1509/1422
f 1785/1515/1428 1780/1509/1422 1788/1516/1429
f 1788/1516/1429 1780/1509/1422 1790/1517/1430
f 1787/1514/1427 1891/1513/1426 1880/1518/1431
f 1787/1514/1427 1880/1518/1431 1791/1519/1432
f 1790/1517/1430 1780/1509/1422 1789/1520/1433
f 1989/1521/1434 1794/1522/1435 1795/1523/1436
f 1989/1521/1434 1795/1523/1436 1873/1524/1437
f 1791/1519/1432 1876/1525/1438 1801/1526/1439
f 1873/1524/1437 1795/1523/1436 1797/1527/1440
f 1873/1524/1437 1797/1527/1440 1986/1528/1441
f 1986/1528/1441 1797/1527/1440 1800/1529/1442
f 1804/1530/1443 1805/1531/1444 1806/1532/1445
f 1986/1528/1441 1800/1529/1442 1807/1533/1446
f 1808/1534/1447 1799/1535/1448 1805/1531/1444
f 1808/1534/1447 1805/1531/1444 1804/1530/1443
f 1799/1535/1448 1798/1536/1449 1805/1531/1444
f 1945/1537/1450 1802/1538/1451 1813/1539/1452
f 1945/1537/1450 1813/1539/1452 1944/1540/1453
f 1969/1541/1454 1814/1542/1455 1815/1543/1456
f 1806/1532/1445 1805/1531/1444 1817/1544/1457
f 1818/1545/1458 1811/1546/1459 1812/1547/1460
f 1818/1545/1458 1812/1547/1460 1853/1548/1461
f 1853/1548/1461 1812/1547/1460 1819/1549/1462
f 1853/1548/1461 1819/1549/1462 1982/1550/1463
f 1819/1549/1462 1820/1551/1464 1982/1550/1463
f 1983/1552/1465 1822/1553/1466 1937/1554/1467
f 1828/1555/1468 1825/1556/1469 1830/1557/1470
f 1937/1554/1467 1822/1553/1466 1823/1558/1471
f 1937/1554/1467 1823/1558/1471 1980/1559/1472
f 1831/1560/1473 1833/1561/1474 1834/1562/1475
f 1831/1560/1473 1834/1562/1475 1832/1563/1476
f 1981/1564/1477 1835/1565/1478 1837/1566/1479
f 1981/1564/1477 1837/1566/1479 1979/1567/1480
f 1835/1565/1478 1836/1568/1481 1837/1566/1479
f 1842/1569/1482 1838/1570/1483 1843/1571/1484
f 1844/1572/1485 1845/1573/1486 1838/1570/1483
f 1864/1574/1487 1865/1575/1488 1857/1576/1489
f 1882/1577/1490 1883/1578/1491 1878/1579/1492
f 1902/1580/1493 1897/1581/1494 1898/1582/1495
f 1902/1580/1493 1899/1583/1496 1897/1581/1494
f 1908/1584/1497 1909/1585/1498 1907/1586/1499
f 1838/1570/1483 1840/1587/1500 1917/1588/1501
f 1856/1589/1502 1847/1590/1503 1826/1591/1504
f 1852/1592/1505 1856/1589/1502 1826/1591/1504
f 1852/1592/1505 1826/1591/1504 1816/1593/1506
f 1844/1572/1485 1838/1570/1483 1917/1588/1501
f 1862/1594/1507 1852/1592/1505 1816/1593/1506
f 1844/1572/1485 1920/1595/1508 1810/1596/1509
f 1844/1572/1485 1917/1588/1501 1920/1595/1508
f 1859/1597/1510 1862/1594/1507 1816/1593/1506
f 1859/1597/1510 1816/1593/1506 1809/1598/1511
f 1868/1599/1512 1859/1597/1510 1809/1598/1511
f 1921/1600/1513 1844/1572/1485 1805/1531/1444
f 1805/1531/1444 1844/1572/1485 1810/1596/1509
f 1874/1601/1514 1868/1599/1512 1809/1598/1511
f 1874/1601/1514 1809/1598/1511 1803/1602/1515
f 1922/1603/1516 1921/1600/1513 1805/1531/1444
f 1922/1603/1516 1805/1531/1444 1798/1536/1449
f 1872/1604/1517 1874/1601/1514 1803/1602/1515
f 1872/1604/1517 1803/1602/1515 1801/1526/1439
f 1872/1604/1517 1801/1526/1439 1876/1525/1438
f 1923/1605/1518 1924/1606/1519 1879/1607/1520
f 1925/1608/1521 1879/1607/1520 1924/1606/1519
f 1923/1605/1518 1922/1603/1516 1798/1536/1449
f 1924/1606/1519 1923/1605/1518 1798/1536/1449
f 1878/1579/1492 1879/1607/1520 1925/1608/1521
f 1880/1518/1431 1876/1525/1438 1791/1519/1432
f 1882/1577/1490 1878/1579/1492 1926/1609/1522
f 1878/1579/1492 1925/1608/1521 1926/1609/1522
f 1882/1577/1490 1926/1609/1522 1927/1610/1523
f 1884/1611/1524 1927/1610/1523 1928/1612/1525
f 1884/1611/1524 1882/1577/1490 1927/1610/1523
f 1929/1613/1526 1928/1612/1525 1768/1614/1527
f 1929/1613/1526 1768/1614/1527 1757/1490/1403
f 1929/1613/1526 1884/1611/1524 1928/1612/1525
f 1903/1478/1391 1761/1488/1401 1754/1479/1392
f 1930/1615/1528 1757/1490/1403 1748/1472/1385
f 1930/1615/1528 1929/1613/1526 1757/1490/1403
f 1931/1616/1529 1930/1615/1528 1748/1472/1385
f 1910/1617/1530 1903/1478/1391 1753/1477/1390
f 1910/1617/1530 1753/1477/1390 1732/1476/1389
f 1932/1618/1531 1931/1616/1529 1741/1474/1387
f 1741/1474/1387 1931/1616/1529 1748/1472/1385
f 1914/1619/1532 1732/1476/1389 1747/1475/1388
f 1933/1620/1533 1932/1618/1531 1741/1474/1387
f 1933/1620/1533 1934/1621/1534 1932/1618/1531
f 1914/1619/1532 1747/1475/1388 1745/1622/1535
f 1935/1623/1536 1918/1624/1537 1919/1625/1538
f 1935/1623/1536 1919/1625/1538 1936/1626/1539
f 1855/1627/1540 1937/1554/1467 1848/1628/1541
f 1828/1555/1468 1830/1557/1470 1938/1629/1542
f 1939/1630/1543 1829/1631/1544 1940/1632/1545
f 1969/1541/1454 1815/1543/1456 1827/1633/1546
f 1860/1634/1547 1941/1635/1548 1942/1636/1549
f 1869/1637/1550 1941/1635/1548 1860/1634/1547
f 1946/1638/1551 1802/1538/1451 1945/1537/1450
f 1948/1639/1552 1792/1640/1553 1793/1641/1554
f 1948/1639/1552 1793/1641/1554 1965/1642/1555
f 1887/1643/1556 1790/1517/1430 1881/1644/1557
f 1949/1645/1558 1786/1646/1559 1947/1647/1560
f 1950/1648/1561 1782/1649/1562 1949/1645/1558
f 1949/1645/1558 1782/1649/1562 1786/1646/1559
f 1957/1650/1563 1774/1651/1564 1951/1652/1565
f 1950/1648/1561 1781/1653/1566 1782/1649/1562
f 1773/1501/1414 1774/1651/1564 1957/1650/1563
f 1954/1481/1394 1752/1483/1396 1899/1583/1496
f 1899/1583/1496 1752/1483/1396 1759/1486/1399
f 1953/1654/1567 1772/1499/1412 1773/1501/1414
f 1956/1655/1568 1746/1482/1395 1954/1481/1394
f 1978/1458/1371 1730/1656/1569 1955/1657/1570
f 1978/1458/1371 1955/1657/1570 1912/1459/1372
f 1956/1655/1568 1954/1481/1394 1909/1585/1498
f 1909/1585/1498 1954/1481/1394 1907/1586/1499
f 1912/1459/1372 1955/1657/1570 1913/1658/1571
f 1907/1586/1499 1954/1481/1394 1902/1580/1493
f 1900/1659/1572 1953/1654/1567 1893/1660/1573
f 1902/1580/1493 1954/1481/1394 1899/1583/1496
f 1893/1660/1573 1953/1654/1567 1773/1501/1414
f 1892/1661/1574 1957/1650/1563 1885/1662/1575
f 1892/1661/1574 1773/1501/1414 1957/1650/1563
f 1893/1660/1573 1773/1501/1414 1892/1661/1574
f 1885/1662/1575 1957/1650/1563 1886/1663/1576
f 1878/1579/1492 1958/1664/1577 1959/1665/1578
f 1960/1666/1579 1949/1645/1558 1947/1647/1560
f 1961/1667/1580 1949/1645/1558 1962/1668/1581
f 1962/1668/1581 1949/1645/1558 1960/1666/1579
f 1883/1578/1491 1958/1664/1577 1878/1579/1492
f 1878/1579/1492 1959/1665/1578 1963/1669/1582
f 1960/1666/1579 1947/1647/1560 1964/1670/1583
f 1871/1671/1584 1948/1639/1552 1965/1642/1555
f 1871/1671/1584 1965/1642/1555 1870/1672/1585
f 1878/1579/1492 1963/1669/1582 1966/1673/1586
f 1866/1674/1587 1967/1675/1588 1867/1676/1589
f 1865/1575/1488 1968/1677/1590 1945/1537/1450
f 1865/1575/1488 1945/1537/1450 1857/1576/1489
f 1968/1677/1590 1946/1638/1551 1945/1537/1450
f 1870/1672/1585 1967/1675/1588 1866/1674/1587
f 1870/1672/1585 1965/1642/1555 1967/1675/1588
f 1851/1678/1591 1969/1541/1454 1846/1679/1592
f 1857/1576/1489 1945/1537/1450 1944/1540/1453
f 1857/1576/1489 1944/1540/1453 1858/1680/1593
f 1846/1679/1592 1969/1541/1454 1827/1633/1546
f 1970/1681/1594 1828/1555/1468 1971/1682/1595
f 1845/1573/1486 1972/1683/1596 1838/1570/1483
f 1828/1555/1468 1938/1629/1542 1971/1682/1595
f 1839/1684/1597 1939/1630/1543 1940/1632/1545
f 1972/1683/1596 1973/1685/1598 1838/1570/1483
f 1838/1570/1483 1973/1685/1598 1974/1686/1599
f 1838/1570/1483 1842/1569/1482 1841/1687/1600
f 1838/1570/1483 1841/1687/1600 1840/1587/1500
f 1975/1688/1601 1935/1623/1536 1936/1626/1539
f 1975/1688/1601 1936/1626/1539 1976/1689/1602
f 1937/1554/1467 1980/1559/1472 1848/1628/1541
f 1849/1690/1603 1981/1564/1477 1979/1567/1480
f 1849/1690/1603 1979/1567/1480 1850/1691/1604
f 1743/1692/1605 1831/1560/1473 1832/1563/1476
f 1743/1692/1605 1832/1563/1476 1738/1693/1606
f 1853/1548/1461 1982/1550/1463 1854/1694/1607
f 1855/1627/1540 1983/1552/1465 1937/1554/1467
f 1863/1695/1608 1818/1545/1458 1853/1548/1461
f 1943/1696/1609 1818/1545/1458 1863/1695/1608
f 1875/1697/1610 1984/1698/1611 1985/1699/1612
f 1875/1697/1610 1985/1699/1612 1869/1637/1550
f 1869/1637/1550 1985/1699/1612 1941/1635/1548
f 1985/1699/1612 1987/1700/1613 1988/1701/1614
f 1985/1699/1612 1988/1701/1614 1941/1635/1548
f 1877/1702/1615 1989/1521/1434 1873/1524/1437
f 1887/1643/1556 1788/1516/1429 1790/1517/1430
f 1887/1643/1556 1990/1703/1616 1788/1516/1429
f 1889/1704/1617 1896/1503/1416 1991/1705/1618
f 1890/1706/1619 1990/1703/1616 1887/1643/1556
f 1896/1503/1416 1784/1511/1424 1991/1705/1618
f 1990/1703/1616 1992/1707/1620 1788/1516/1429
f 1995/1494/1407 1766/1495/1408 1896/1503/1416
f 1993/1708/1621 1994/1709/1622 1904/1710/1623
f 1952/1711/1624 1995/1494/1407 1901/1712/1625
f 1996/1713/1626 1997/1714/1627 1767/1496/1409
f 1996/1713/1626 1767/1496/1409 1995/1494/1407
f 1901/1712/1625 1995/1494/1407 1896/1503/1416
f 1906/1715/1628 1993/1708/1621 1904/1710/1623
f 1911/1716/1629 1999/1717/1630 1993/1708/1621
f 1911/1716/1629 1993/1708/1621 1906/1715/1628
f 1999/1717/1630 1998/1718/1631 1993/1708/1621
f 1911/1716/1629 2000/1719/1632 1999/1717/1630
f 2000/1719/1632 2001/1720/1633 2002/1721/1634
f 2000/1719/1632 2002/1721/1634 1999/1717/1630
f 1916/1722/1635 2003/1723/1636 2000/1719/1632
f 1916/1722/1635 2000/1719/1632 1911/1716/1629
f 2004/1468/1381 1749/1469/1382 2005/1724/1637
f 1733/1464/1377 2004/1468/1381 1734/1725/1638
f 1915/1726/1639 1977/1461/1374 1733/1464/1377
f 1730/1656/1569 1978/1458/1371 1744/1727/1640
f 2006/1728/1641 2007/1729/1642 2008/1730/1643
f 2006/1728/1641 2008/1730/1643 2009/1731/1644
f 2010/1732/1645 2011/1733/1646 2012/1734/1647
f 2010/1732/1645 2012/1734/1647 2013/1735/1648
f 2014/1736/1649 2015/1737/1650 2016/1738/1651
f 2014/1736/1649 2016/1738/1651 2017/1739/1652
f 2018/1740/1653 2019/1741/1654 2020/1742/1655
f 2018/1740/1653 2020/1742/1655 2021/1743/1656
f 2022/1744/1657 2023/1745/1658 2024/1746/1659
f 2022/1744/1657 2024/1746/1659 2025/1747/1660
f 2029/1748/1661 2033/1749/1662 2031/1750/1663
f 2029/1748/1661 2031/1750/1663 2026/1751/1664
f 2087/1752/1665 2091/1753/1666 2092/1754/1667
f 2035/1755/1668 2036/1756/1668 2041/1757/1668
f 2042/1758/1669 2044/1759/1670 2046/1760/1671
f 2042/1758/1669 2043/1761/1672 2044/1759/1670
f 2047/1762/1673 2048/1763/1673 2051/1764/1673
f 2052/1765/1674 2053/1766/1674 2037/1767/1674
f 2038/1768/1675 2040/1769/1676 2039/1770/1677
f 2055/1771/1678 2040/1769/1676 2038/1768/1675
f 2040/1769/1676 2049/1772/1679 2045/1773/1680
f 2049/1772/1679 2056/1774/1681 2050/1775/1682
f 2056/1774/1681 2055/1771/1678 2054/1776/1683
f 2055/1771/1678 2038/1768/1675 2054/1776/1683
f 2055/1771/1678 2063/1777/1684 2040/1769/1676
f 2063/1777/1684 2066/1778/1685 2040/1769/1676
f 2040/1769/1676 2066/1778/1685 2049/1772/1679
f 2066/1778/1685 2057/1779/1686 2056/1774/1681
f 2066/1778/1685 2056/1774/1681 2049/1772/1679
f 2057/1779/1686 2055/1771/1678 2056/1774/1681
f 2058/1780/1687 2060/1781/1688 2061/1782/1689
f 2059/1783/1690 2058/1780/1687 2061/1782/1689
f 2124/1784/1691 2078/1785/1692 2077/1786/1693
f 2077/1786/1693 2078/1785/1692 2081/1787/1694
f 2083/1788/1695 2073/1789/1696 2072/1790/1697
f 2082/1791/1698 2083/1788/1695 2072/1790/1697
f 2085/1792/1699 2084/1793/1700 2079/1794/1701
f 2079/1794/1701 2084/1793/1700 2086/1795/1702
f 2079/1794/1701 2086/1795/1702 2080/1796/1703
f 2077/1786/1693 2081/1787/1694 2075/1797/1704
f 2093/1798/1705 2088/1799/1706 2094/1800/1707
f 2088/1799/1706 2089/1801/1708 2094/1800/1707
f 2076/1802/1709 2102/1803/1710 2103/1804/1711
f 2107/1805/1712 2108/1806/1713 2109/1807/1714
f 2107/1805/1712 2109/1807/1714 2110/1808/1715
f 2095/1809/1716 2096/1810/1717 2111/1811/1718
f 2095/1809/1716 2111/1811/1718 2112/1812/1719
f 2101/1813/1720 2113/1814/1721 2100/1815/1721
f 2106/1816/1722 2115/1817/1723 2116/1818/1724
f 2089/1801/1708 2103/1804/1711 2114/1819/1725
f 2089/1801/1708 2076/1802/1709 2103/1804/1711
f 2089/1801/1708 2114/1819/1725 2094/1800/1707
f 2075/1797/1704 2081/1787/1694 2106/1816/1722
f 2081/1787/1694 2097/1820/1726 2115/1817/1723
f 2106/1816/1722 2081/1787/1694 2115/1817/1723
f 2087/1752/1665 2092/1754/1667 2118/1821/1727
f 2121/1822/1728 2062/1823/1729 2120/1824/1730
f 2064/1825/1731 2062/1823/1729 2121/1822/1728
f 2068/1826/1732 2123/1827/1733 2122/1828/1734
f 2067/1829/1735 2065/1830/1736 2124/1784/1691
f 2069/1831/1737 2068/1826/1732 2122/1828/1734
f 2065/1830/1736 2125/1832/1738 2124/1784/1691
f 2071/1833/1739 2070/1834/1740 2059/1783/1690
f 2122/1828/1734 2123/1827/1733 2126/1835/1741
f 2124/1784/1691 2125/1832/1738 2078/1785/1692
f 2059/1783/1690 2070/1834/1740 2127/1836/1742
f 2059/1783/1690 2127/1836/1742 2058/1780/1687
f 2139/1837/1743 2133/1838/1744 2134/1839/1745
f 2129/1840/1746 2130/1841/1747 2131/1842/1748
f 2139/1837/1743 2132/1843/1749 2133/1838/1744
f 2154/1844/1750 2135/1845/1751 2314/1846/1752
f 2314/1846/1752 2135/1845/1751 2136/1847/1753
f 2137/1848/1754 2142/1849/1755 2129/1840/1746
f 2138/1850/1756 2137/1848/1754 2129/1840/1746
f 2129/1840/1746 2142/1849/1755 2144/1851/1757
f 2144/1851/1757 2142/1849/1755 2145/1852/1758
f 2129/1840/1746 2144/1851/1757 2130/1841/1747
f 2146/1853/1759 2147/1854/1760 2148/1855/1761
f 2146/1853/1759 2148/1855/1761 2158/1856/1762
f 2158/1856/1762 2148/1855/1761 2159/1857/1763
f 2158/1856/1762 2159/1857/1763 2160/1858/1764
f 2163/1859/1765 2164/1860/1766 2165/1861/1767
f 2160/1858/1764 2159/1857/1763 2167/1862/1768
f 2160/1858/1764 2167/1862/1768 2168/1863/1769
f 2171/1864/1770 2176/1865/1771 2175/1866/1772
f 2176/1865/1771 2177/1867/1773 2175/1866/1772
f 2168/1863/1769 2167/1862/1768 2166/1868/1774
f 2168/1863/1769 2166/1868/1774 2183/1869/1775
f 2143/1870/1776 2169/1871/1777 2184/1872/1778
f 2185/1873/1779 2186/1874/1780 2187/1875/1781
f 2185/1873/1779 2187/1875/1781 2275/1876/1782
f 2275/1876/1782 2187/1875/1781 2170/1877/1783
f 2275/1876/1782 2170/1877/1783 2276/1878/1784
f 2190/1879/1785 2191/1880/1786 2192/1881/1787
f 2190/1879/1785 2192/1881/1787 2193/1882/1788
f 2191/1880/1786 2179/1883/1789 2192/1881/1787
f 2293/1884/1790 2197/1885/1791 2164/1860/1766
f 2293/1884/1790 2164/1860/1766 2400/1886/1792
f 2197/1885/1791 2199/1887/1793 2451/1888/1794
f 2401/1889/1795 2402/1890/1796 2202/1891/1797
f 2178/1892/1798 2145/1852/1758 2204/1893/1799
f 2400/1886/1792 2164/1860/1766 2208/1894/1800
f 2164/1860/1766 2209/1895/1801 2208/1894/1800
f 2403/1896/1802 2406/1897/1803 2210/1898/1804
f 2403/1896/1802 2210/1898/1804 2203/1899/1805
f 2211/1900/1806 2347/1901/1807 2213/1902/1808
f 2211/1900/1806 2213/1902/1808 2212/1903/1809
f 2214/1904/1810 2215/1905/1811 2216/1906/1812
f 2206/1907/1813 2229/1908/1814 2224/1909/1815
f 2206/1907/1813 2221/1910/1816 2229/1908/1814
f 2214/1904/1810 2216/1906/1812 2230/1911/1817
f 2212/1903/1809 2213/1902/1808 2237/1912/1818
f 2212/1903/1809 2237/1912/1818 2236/1913/1819
f 2224/1909/1815 2229/1908/1814 2238/1914/1820
f 2224/1909/1815 2238/1914/1820 2225/1915/1821
f 2225/1915/1821 2238/1914/1820 2239/1916/1822
f 2232/1917/1823 2241/1918/1824 2240/1919/1825
f 2232/1917/1823 2240/1919/1825 2233/1920/1826
f 2227/1921/1827 2242/1922/1828 2243/1923/1829
f 2227/1921/1827 2243/1923/1829 2245/1924/1830
f 2228/1925/1831 2244/1926/1832 2473/1927/1833
f 2473/1927/1833 2244/1926/1832 2247/1928/1834
f 2240/1919/1825 2251/1929/1835 2252/1930/1836
f 2233/1920/1826 2240/1919/1825 2252/1930/1836
f 2233/1920/1826 2252/1930/1836 2249/1931/1837
f 2245/1924/1830 2243/1923/1829 2248/1932/1838
f 2245/1924/1830 2248/1932/1838 2246/1933/1839
f 2253/1934/1840 2254/1935/1841 2255/1936/1842
f 2256/1937/1843 2257/1938/1844 2258/1939/1845
f 2257/1938/1844 2260/1940/1846 2259/1941/1847
f 2261/1942/1848 2262/1943/1849 2264/1944/1850
f 2255/1936/1842 2254/1935/1841 2262/1943/1849
f 2255/1936/1842 2262/1943/1849 2261/1942/1848
f 2259/1941/1847 2260/1940/1846 2265/1945/1851
f 2259/1941/1847 2265/1945/1851 2266/1946/1852
f 2267/1947/1853 2268/1948/1854 2269/1949/1855
f 2264/1944/1850 2262/1943/1849 2271/1950/1856
f 2274/1951/1857 2277/1952/1858 2278/1953/1859
f 2279/1954/1860 2280/1955/1861 2281/1956/1862
f 2285/1957/1863 2286/1958/1864 2287/1959/1865
f 2285/1957/1863 2287/1959/1865 2462/1960/1866
f 2290/1961/1867 2291/1962/1868 2464/1963/1869
f 2296/1964/1870 2155/1965/1871 2313/1966/1872
f 2296/1964/1870 2313/1966/1872 2297/1967/1873
f 2178/1892/1798 2204/1893/1799 2299/1968/1874
f 2179/1883/1789 2178/1892/1798 2299/1968/1874
f 2179/1883/1789 2299/1968/1874 2192/1881/1787
f 2171/1864/1770 2175/1866/1772 2263/1969/1875
f 2135/1845/1751 2150/1970/1876 2305/1971/1877
f 2150/1970/1876 2149/1972/1878 2305/1971/1877
f 2305/1971/1877 2149/1972/1878 2306/1973/1879
f 2135/1845/1751 2305/1971/1877 2136/1847/1753
f 2308/1974/1880 2309/1975/1881 2310/1976/1882
f 2309/1975/1881 2311/1977/1883 2312/1978/1884
f 2309/1975/1881 2312/1978/1884 2310/1976/1882
f 2130/1841/1747 2171/1864/1770 2263/1969/1875
f 2131/1842/1748 2130/1841/1747 2263/1969/1875
f 2313/1966/1872 2154/1844/1750 2314/1846/1752
f 2315/1979/1885 2316/1980/1886 2317/1981/1887
f 2257/1938/1844 2318/1982/1888 2260/1940/1846
f 2319/1983/1889 2301/1984/1890 2147/1854/1760
f 2319/1983/1889 2147/1854/1760 2146/1853/1759
f 2145/1852/1758 2142/1849/1755 2204/1893/1799
f 2137/1848/1754 2138/1850/1756 2321/1985/1891
f 2194/1986/1892 2195/1987/1893 2304/1988/1894
f 2303/1989/1895 2194/1986/1892 2304/1988/1894
f 2140/1990/1896 2322/1991/1897 2320/1992/1898
f 2140/1990/1896 2320/1992/1898 2141/1993/1899
f 2326/1994/1900 2327/1995/1901 2328/1996/1902
f 2326/1994/1900 2328/1996/1902 2325/1997/1903
f 2252/1930/1836 2251/1929/1835 2329/1998/1904
f 2252/1930/1836 2329/1998/1904 2330/1999/1905
f 2325/1997/1903 2328/1996/1902 2324/2000/1906
f 2388/2001/1907 2333/2002/1908 2336/2003/1909
f 2213/1902/1808 2347/1901/1807 2350/2004/1910
f 2345/2005/1911 2348/2006/1912 2353/2007/1913
f 2353/2007/1913 2348/2006/1912 2356/2008/1914
f 2353/2007/1913 2356/2008/1914 2354/2009/1915
f 2220/2010/1916 2219/2011/1917 2346/2012/1918
f 2220/2010/1916 2346/2012/1918 2355/2013/1919
f 2348/2006/1912 2349/2014/1920 2356/2008/1914
f 2357/2015/1921 2358/2016/1922 2359/2017/1923
f 2357/2015/1921 2360/2018/1924 2358/2016/1922
f 2361/2019/1925 2362/2020/1926 2364/2021/1927
f 2362/2020/1926 2365/2022/1928 2364/2021/1927
f 2365/2022/1928 2366/2023/1929 2364/2021/1927
f 2359/2017/1923 2358/2016/1922 2369/2024/1930
f 2358/2016/1922 2363/2025/1931 2369/2024/1930
f 2208/1894/1800 2209/1895/1801 2338/2026/1932
f 2338/2026/1932 2209/1895/1801 2373/2027/1933
f 2203/1899/1805 2210/1898/1804 2342/2028/1934
f 2203/1899/1805 2342/2028/1934 2341/2029/1935
f 2384/2030/1936 2343/2031/1937 2379/2032/1938
f 2343/2031/1937 2380/2033/1939 2379/2032/1938
f 2339/2034/1940 2384/2030/1941 2383/2035/1942
f 2387/2036/1943 2388/2001/1907 2375/2037/1944
f 2387/2036/1943 2375/2037/1944 2374/2038/1945
f 2389/2039/1946 2377/2040/1947 2376/2041/1948
f 2381/2042/1949 2389/2039/1946 2376/2041/1948
f 2386/2043/1950 2385/2044/1951 2390/2045/1952
f 2385/2044/1951 2391/2046/1953 2390/2045/1952
f 2378/2047/1954 2392/2048/1955 2393/2049/1956
f 2382/2050/1957 2394/2051/1958 2395/2052/1959
f 2343/2031/1937 2344/2053/1960 2396/2054/1961
f 2343/2031/1937 2396/2054/1961 2380/2033/1939
f 2333/2002/1908 2397/2055/1962 2336/2003/1909
f 2333/2002/1908 2334/2056/1963 2398/2057/1964
f 2333/2002/1908 2398/2057/1964 2397/2055/1962
f 2164/1860/1766 2197/1885/1791 2407/2058/1965
f 2412/2059/1966 2410/2060/1967 2411/2061/1968
f 2413/2062/1969 2302/2063/1970 2415/2064/1971
f 2282/2065/1972 2283/2066/1973 2414/2067/1974
f 2315/1979/1885 2416/2068/1975 2316/1980/1886
f 2406/1897/1803 2302/2063/1970 2418/2069/1976
f 2419/2070/1977 2295/2071/1978 2165/1861/1767
f 2165/1861/1767 2295/2071/1978 2298/2072/1979
f 2300/2073/1980 2315/1979/1885 2289/2074/1981
f 2289/2074/1981 2315/1979/1885 2317/1981/1887
f 2155/1965/1871 2154/1844/1750 2313/1966/1872
f 2463/2075/1982 2290/1961/1867 2464/1963/1869
f 2462/1960/1866 2287/1959/1865 2283/2066/1973
f 2462/1960/1866 2283/2066/1973 2282/2065/1972
f 2184/1872/1778 2198/2076/1983 2284/2077/1984
f 2143/1870/1776 2184/1872/1778 2284/2077/1984
f 2419/2070/1977 2164/1860/1766 2421/2078/1985
f 2421/2078/1985 2164/1860/1766 2422/2079/1986
f 2311/1977/1883 2300/2073/1980 2289/2074/1981
f 2311/1977/1883 2289/2074/1981 2312/1978/1884
f 2281/1956/1862 2280/1955/1861 2288/2080/1987
f 2277/1952/1858 2286/1958/1864 2285/1957/1863
f 2276/1878/1784 2170/1877/1783 2169/1871/1777
f 2276/1878/1784 2169/1871/1777 2143/1870/1776
f 2156/2081/1988 2448/2082/1989 2157/2083/1990
f 2453/2084/1991 2426/2085/1992 2427/2086/1993
f 2453/2084/1991 2427/2086/1993 2454/2087/1994
f 2455/2088/1995 2440/2089/1996 2426/2085/1992
f 2455/2088/1995 2426/2085/1992 2453/2084/1991
f 2437/2090/1997 2438/2091/1998 2432/2092/1999
f 2431/2093/2000 2437/2090/1997 2432/2092/1999
f 2427/2086/1993 2456/2094/2001 2454/2087/1994
f 2197/1885/1791 2422/2079/1986 2407/2058/1965
f 2441/2095/2002 2457/2096/2003 2433/2097/2004
f 2436/2098/2005 2443/2099/2006 2441/2095/2002
f 2436/2098/2005 2441/2095/2002 2433/2097/2004
f 2432/2092/1999 2438/2091/1998 2443/2099/2006
f 2432/2092/1999 2443/2099/2006 2436/2098/2005
f 2459/2100/2007 2440/2089/1996 2455/2088/1995
f 2434/2101/2008 2458/2102/2009 2197/1885/1791
f 2197/1885/1791 2458/2102/2009 2422/2079/1986
f 2458/2102/2009 2421/2078/1985 2422/2079/1986
f 2448/2082/1989 2420/2103/2010 2423/2104/2011
f 2448/2082/1989 2423/2104/2011 2157/2083/1990
f 2164/1860/1766 2419/2070/1977 2165/1861/1767
f 2415/2064/1971 2302/2063/1970 2406/1897/1803
f 2415/2064/1971 2406/1897/1803 2403/1896/1802
f 2282/2065/1972 2414/2067/1974 2405/2105/2012
f 2464/1963/1869 2291/1962/1868 2404/2106/2013
f 2197/1885/1791 2293/1884/1790 2199/1887/1793
f 2199/1887/1793 2293/1884/1790 2417/2107/2014
f 2415/2064/1971 2403/1896/1802 2292/2108/2015
f 2464/1963/1869 2404/2106/2013 2294/2109/2016
f 2282/2065/1972 2405/2105/2012 2460/2110/2017
f 2278/1953/1859 2277/1952/1858 2285/1957/1863
f 2281/1956/1862 2288/2080/1987 2461/2111/2018
f 2344/2053/1960 2339/2112/2019 2396/2054/1961
f 2466/2113/2020 2382/2050/1957 2395/2052/1959
f 2465/2114/2021 2392/2048/1955 2378/2047/1954
f 2334/2056/1963 2387/2036/1943 2374/2038/1945
f 2334/2056/1963 2374/2038/1945 2398/2057/1964
f 2372/2115/2022 2337/2116/2023 2340/2117/2024
f 2388/2001/1907 2336/2003/1909 2375/2037/1944
f 2461/2111/2018 2288/2080/1987 2463/2075/2025
f 2469/2118/2026 2271/1950/1856 2272/2119/2027
f 2264/1944/1850 2271/1950/1856 2469/2118/2026
f 2266/1946/2028 2268/1948/1854 2267/1947/1853
f 2470/2120/2029 2267/1947/1853 2269/1949/1855
f 2318/1982/1888 2257/1938/1844 2256/1937/1843
f 2472/2121/2030 2234/2122/2031 2250/2123/2032
f 2243/1923/1829 2467/2124/2033 2248/1932/1838
f 2231/2125/2034 2234/2122/2031 2472/2121/2030
f 2475/2126/2035 2205/2127/2036 2222/2128/2037
f 2350/2004/1910 2474/2129/2038 2213/1902/1808
f 2164/1860/1766 2163/1859/1765 2209/1895/1801
f 2307/2130/2039 2161/2131/2040 2162/2132/2041
f 2540/2133/2042 2476/2134/2043 2477/2135/2044
f 2485/2136/2045 2478/2137/2046 2479/2138/2047
f 2503/2139/2048 2480/2140/2049 2481/2141/2050
f 2480/2140/2049 2482/2142/2051 2481/2141/2050
f 2481/2141/2050 2482/2142/2051 2483/2143/2052
f 2484/2144/2053 2540/2133/2042 2673/2145/2054
f 2673/2145/2054 2540/2133/2042 2488/2146/2055
f 2479/2138/2047 2491/2147/2056 2492/2148/2057
f 2517/2149/2058 2493/2150/2059 2494/2151/2060
f 2479/2138/2047 2492/2148/2057 2485/2136/2045
f 2540/2133/2042 2477/2135/2044 2495/2152/2061
f 2495/2152/2061 2496/2153/2062 2488/2146/2055
f 2540/2133/2042 2495/2152/2061 2488/2146/2055
f 2505/2154/2063 2506/2155/2064 2507/2156/2065
f 2512/2157/2066 2511/2158/2067 2513/2159/2068
f 2525/2160/2069 2526/2161/2070 2520/2162/2071
f 2520/2162/2071 2526/2161/2070 2527/2163/2072
f 2520/2162/2071 2527/2163/2072 2528/2164/2073
f 2516/2165/2074 2562/2166/2075 2533/2167/2076
f 2562/2166/2075 2534/2168/2077 2533/2167/2076
f 2533/2167/2076 2514/2169/2078 2515/2170/2079
f 2516/2165/2074 2533/2167/2076 2515/2170/2079
f 2533/2167/2076 2538/2171/2080 2539/2172/2081
f 2533/2167/2076 2539/2172/2081 2514/2169/2078
f 2541/2173/2082 2542/2174/2083 2543/2175/2084
f 2544/2176/2085 2545/2177/2086 2546/2178/2087
f 2544/2176/2085 2546/2178/2087 2547/2179/2088
f 2547/2179/2088 2546/2178/2087 2529/2180/2089
f 2518/2181/2090 2548/2182/2091 2508/2183/2092
f 2654/2184/2093 2569/2185/2094 2513/2159/2068
f 2654/2184/2093 2513/2159/2068 2813/2186/2095
f 2639/2187/2096 2497/2188/2097 2536/2189/2098
f 2639/2187/2096 2536/2189/2098 2535/2190/2099
f 2754/2191/2100 2558/2192/2101 2557/2193/2102
f 2562/2166/2075 2563/2194/2103 2534/2168/2077
f 2529/2180/2089 2564/2195/2104 2496/2153/2062
f 2569/2185/2094 2568/2196/2105 2513/2159/2068
f 2513/2159/2068 2568/2196/2105 2570/2197/2106
f 2560/2198/2107 2559/2199/2108 2571/2200/2109
f 2560/2198/2107 2571/2200/2109 2561/2201/2110
f 2572/2202/2111 2573/2203/2112 2574/2204/2113
f 2572/2202/2111 2574/2204/2113 2575/2205/2114
f 2576/2206/2115 2577/2207/2116 2578/2208/2117
f 2579/2209/2118 2580/2210/2119 2581/2211/2120
f 2579/2209/2118 2581/2211/2120 2582/2212/2121
f 2566/2213/2122 2587/2214/2123 2589/2215/2124
f 2566/2213/2122 2589/2215/2124 2583/2216/2125
f 2576/2206/2115 2590/2217/2126 2577/2207/2116
f 2573/2203/2112 2596/2218/2127 2574/2204/2113
f 2573/2203/2112 2595/2219/2128 2596/2218/2127
f 2587/2214/2123 2597/2220/2129 2589/2215/2124
f 2587/2214/2123 2588/2221/2130 2597/2220/2129
f 2593/2222/2131 2599/2223/2132 2598/2224/2133
f 2600/2225/2134 2593/2222/2131 2598/2224/2133
f 2601/2226/2135 2602/2227/2136 2603/2228/2137
f 2601/2226/2135 2608/2229/2138 2602/2227/2136
f 2586/2230/2139 2604/2231/2140 2605/2232/2141
f 2604/2231/2140 2606/2233/2142 2605/2232/2141
f 2607/2234/2143 2610/2235/2144 2609/2236/2145
f 2613/2237/2146 2686/2238/2147 2615/2239/2148
f 2615/2239/2148 2686/2238/2147 2685/2240/2149
f 2599/2223/2132 2614/2241/2150 2616/2242/2151
f 2599/2223/2132 2616/2242/2151 2598/2224/2133
f 2608/2229/2138 2607/2234/2143 2609/2236/2145
f 2608/2229/2138 2609/2236/2145 2611/2243/2152
f 2608/2229/2138 2611/2243/2152 2617/2244/2153
f 2608/2229/2138 2617/2244/2153 2602/2227/2136
f 2618/2245/2154 2619/2246/2155 2620/2247/2156
f 2831/2248/2157 2621/2249/2158 2622/2250/2159
f 2622/2250/2159 2623/2251/2160 2624/2252/2161
f 2623/2251/2160 2625/2253/2162 2624/2252/2161
f 2626/2254/2163 2627/2255/2164 2628/2256/2165
f 2626/2254/2163 2837/2257/2166 2627/2255/2164
f 2623/2251/2160 2630/2258/2167 2625/2253/2162
f 2838/2259/2168 2631/2260/2169 2632/2261/2170
f 2837/2257/2166 2634/2262/2171 2627/2255/2164
f 2637/2263/2172 2820/2264/2173 2638/2265/2174
f 2825/2266/2175 2643/2267/2176 2642/2268/2177
f 2833/2269/2178 2821/2270/2179 2646/2271/2180
f 2833/2269/2178 2646/2271/2180 2645/2272/2181
f 2824/2273/2182 2649/2274/2183 2650/2275/2184
f 2658/2276/2185 2657/2277/2186 2504/2278/2187
f 2529/2180/2089 2546/2178/2087 2659/2279/2188
f 2529/2180/2089 2659/2279/2188 2564/2195/2104
f 2521/2280/2189 2629/2281/2190 2525/2160/2069
f 2521/2280/2189 2525/2160/2069 2520/2162/2071
f 2661/2282/2191 2662/2283/2192 2663/2284/2193
f 2481/2141/2050 2483/2143/2052 2499/2285/2194
f 2483/2143/2052 2667/2286/2195 2498/2287/2196
f 2499/2285/2194 2483/2143/2052 2498/2287/2196
f 2508/2183/2092 2548/2182/2091 2562/2166/2075
f 2508/2183/2092 2562/2166/2075 2516/2165/2074
f 2669/2288/2197 2670/2289/2198 2671/2290/2199
f 2669/2288/2197 2671/2290/2199 2672/2291/2200
f 2497/2188/2097 2674/2292/2201 2537/2293/2202
f 2537/2293/2202 2674/2292/2201 2675/2294/2203
f 2537/2293/2202 2675/2294/2203 2676/2295/2204
f 2846/2296/2205 2490/2297/2206 2644/2298/2207
f 2846/2296/2205 2644/2298/2207 2677/2299/2208
f 2476/2134/2043 2629/2281/2190 2477/2135/2044
f 2477/2135/2044 2629/2281/2190 2521/2280/2189
f 2535/2190/2099 2678/2300/2209 2639/2187/2096
f 2639/2187/2096 2640/2301/2210 2497/2188/2097
f 2660/2302/2211 2648/2303/2212 2680/2304/2213
f 2648/2303/2212 2651/2305/2214 2680/2304/2213
f 2680/2304/2213 2651/2305/2214 2681/2306/2215
f 2517/2149/2058 2508/2183/2092 2493/2150/2059
f 2496/2153/2062 2564/2195/2104 2488/2146/2055
f 2664/2307/2216 2665/2308/2217 2549/2309/2218
f 2549/2309/2218 2665/2308/2217 2550/2310/2219
f 2486/2311/2220 2487/2312/2221 2683/2313/2222
f 2486/2311/2220 2683/2313/2222 2684/2314/2223
f 2741/2315/2224 2750/2316/2225 2687/2317/2226
f 2574/2204/2113 2702/2318/2227 2575/2205/2114
f 2698/2319/2228 2697/2320/2229 2705/2321/2230
f 2698/2319/2228 2705/2321/2230 2699/2322/2231
f 2580/2210/2119 2706/2323/2232 2707/2324/2233
f 2580/2210/2119 2707/2324/2233 2581/2211/2120
f 2709/2325/2234 2710/2326/2235 2711/2327/2236
f 2713/2328/2237 2712/2329/2238 2697/2320/2229
f 2697/2320/2229 2712/2329/2238 2705/2321/2230
f 2716/2330/2239 2717/2331/2240 2718/2332/2241
f 2714/2333/2242 2715/2334/2243 2708/2335/2244
f 2719/2336/2245 2720/2337/2246 2712/2329/2238
f 2819/2338/2247 2714/2333/2242 2708/2335/2244
f 2819/2338/2247 2708/2335/2244 2707/2324/2233
f 2725/2339/2248 2690/2340/2249 2691/2341/2250
f 2693/2342/2251 2726/2343/2252 2570/2197/2106
f 2568/2196/2105 2693/2342/2251 2570/2197/2106
f 2559/2199/2108 2694/2344/2253 2696/2345/2254
f 2559/2199/2108 2696/2345/2254 2571/2200/2109
f 2739/2346/2255 2732/2347/2256 2695/2348/2257
f 2695/2348/2257 2732/2347/2256 2735/2349/2258
f 2692/2350/2259 2736/2351/2260 2739/2346/2261
f 2740/2352/2262 2727/2353/2263 2728/2354/2264
f 2740/2352/2262 2728/2354/2264 2741/2315/2224
f 2734/2355/2265 2730/2356/2266 2742/2357/2267
f 2742/2357/2267 2730/2356/2266 2729/2358/2268
f 2737/2359/2269 2743/2360/2270 2738/2361/2271
f 2738/2361/2271 2743/2360/2270 2744/2362/2272
f 2731/2363/2273 2746/2364/2274 2745/2365/2275
f 2733/2366/2276 2748/2367/2277 2747/2368/2278
f 2695/2348/2257 2735/2349/2258 2749/2369/2279
f 2695/2348/2257 2749/2369/2279 2692/2350/2259
f 2692/2350/2259 2749/2369/2279 2736/2351/2260
f 2687/2317/2226 2750/2316/2225 2751/2370/2280
f 2687/2317/2226 2751/2370/2280 2752/2371/2281
f 2687/2317/2226 2752/2371/2281 2688/2372/2282
f 2755/2373/2283 2652/2374/2284 2560/2198/2107
f 2755/2373/2283 2560/2198/2107 2561/2201/2110
f 2755/2373/2283 2561/2201/2110 2757/2375/2285
f 2757/2375/2285 2561/2201/2110 2758/2376/2286
f 2513/2159/2068 2759/2377/2287 2813/2186/2095
f 2760/2378/2288 2761/2379/2289 2762/2380/2290
f 2763/2381/2291 2764/2382/2292 2765/2383/2293
f 2766/2384/2294 2769/2385/2295 2767/2386/2296
f 2769/2385/2295 2768/2387/2297 2661/2282/2191
f 2769/2385/2295 2661/2282/2191 2767/2386/2296
f 2767/2386/2296 2661/2282/2191 2663/2284/2193
f 2556/2388/2298 2772/2389/2299 2773/2390/2300
f 2766/2384/2294 2770/2391/2301 2769/2385/2295
f 2774/2392/2302 2661/2282/2191 2758/2376/2286
f 2511/2158/2067 2656/2393/2303 2655/2394/2304
f 2775/2395/2305 2511/2158/2067 2655/2394/2304
f 2657/2277/2186 2679/2396/2306 2503/2139/2048
f 2504/2278/2187 2657/2277/2186 2503/2139/2048
f 2647/2397/2307 2824/2273/2182 2650/2275/2184
f 2821/2270/2179 2825/2266/2175 2642/2268/2177
f 2821/2270/2179 2642/2268/2177 2646/2271/2180
f 2490/2297/2206 2846/2296/2205 2552/2398/2308
f 2490/2297/2206 2552/2398/2308 2553/2399/2309
f 2779/2400/2310 2553/2399/2309 2552/2398/2308
f 2672/2291/2200 2671/2290/2199 2648/2303/2212
f 2672/2291/2200 2648/2303/2212 2660/2302/2211
f 2638/2265/2174 2833/2269/2178 2645/2272/2181
f 2497/2188/2097 2640/2301/2210 2519/2401/2311
f 2640/2301/2210 2489/2402/2312 2519/2401/2311
f 2503/2139/2048 2679/2396/2306 2480/2140/2049
f 2809/2403/2313 2810/2404/2314 2786/2405/2315
f 2809/2403/2313 2786/2405/2315 2785/2406/2316
f 2811/2407/2317 2809/2403/2313 2785/2406/2316
f 2811/2407/2317 2785/2406/2316 2799/2408/2318
f 2790/2409/2319 2789/2410/2320 2795/2411/2321
f 2795/2411/2321 2789/2410/2320 2796/2412/2322
f 2786/2405/2315 2810/2404/2314 2812/2413/2323
f 2813/2186/2095 2759/2377/2287 2784/2414/2324
f 2792/2415/2325 2814/2416/2326 2815/2417/2327
f 2794/2418/2328 2797/2419/2329 2800/2420/2330
f 2794/2418/2328 2800/2420/2330 2802/2421/2331
f 2789/2410/2320 2794/2418/2328 2802/2421/2331
f 2789/2410/2320 2802/2421/2331 2796/2412/2322
f 2816/2422/2332 2811/2407/2317 2799/2408/2318
f 2818/2423/2333 2721/2424/2334 2722/2425/2335
f 2706/2323/2232 2819/2338/2247 2707/2324/2233
f 2713/2328/2237 2719/2336/2245 2712/2329/2238
f 2820/2264/2173 2833/2269/2178 2638/2265/2174
f 2780/2426/2336 2822/2427/2337 2647/2397/2307
f 2822/2427/2337 2823/2428/2338 2647/2397/2307
f 2829/2429/2339 2748/2367/2277 2733/2366/2276
f 2828/2430/2340 2731/2363/2273 2745/2365/2275
f 2688/2372/2282 2727/2353/2263 2740/2352/2262
f 2688/2372/2282 2752/2371/2281 2727/2353/2263
f 2741/2315/2224 2728/2354/2264 2750/2316/2225
f 2823/2428/2338 2824/2273/2182 2647/2397/2307
f 2834/2431/2341 2641/2432/2342 2636/2433/2343
f 2635/2434/2344 2834/2431/2341 2636/2433/2343
f 2835/2435/2345 2635/2434/2346 2634/2262/2171
f 2837/2257/2166 2835/2435/2345 2634/2262/2171
f 2630/2258/2347 2838/2259/2168 2632/2261/2170
f 2839/2436/2348 2631/2260/2169 2838/2259/2168
f 2619/2246/2155 2626/2254/2163 2628/2256/2165
f 2619/2246/2155 2628/2256/2165 2620/2247/2156
f 2831/2248/2157 2622/2250/2159 2624/2252/2161
f 2843/2437/2349 2612/2438/2350 2592/2439/2351
f 2591/2440/2352 2843/2437/2349 2592/2439/2351
f 2845/2441/2353 2584/2442/2354 2565/2443/2355
f 2702/2318/2227 2574/2204/2113 2844/2444/2356
f 2513/2159/2068 2570/2197/2106 2512/2157/2066
f 2668/2445/2357 2510/2446/2358 2509/2447/2359
f 2823/2428/2338 2827/2448/2360 2824/2273/2182
f 2825/2266/2175 2826/2449/2361 2756/2450/2362
f 2792/2415/2325 2813/2186/2095 2814/2416/2326
f 2813/2186/2095 2784/2414/2324 2814/2416/2326
f 2814/2416/2326 2784/2414/2324 2783/2451/2363
f 2507/2156/2065 2506/2155/2064 2777/2452/2364
f 2507/2156/2065 2777/2452/2364 2776/2453/2365
f 2513/2159/2068 2511/2158/2067 2775/2395/2305
f 2561/2201/2110 2774/2392/2302 2758/2376/2286
f 2825/2266/2175 2756/2450/2362 2643/2267/2176
f 2824/2273/2182 2827/2448/2360 2653/2454/2366
f 2824/2273/2182 2653/2454/2366 2771/2455/2367
f 2556/2388/2298 2773/2390/2300 2654/2184/2093
f 2813/2186/2095 2556/2388/2298 2654/2184/2093
f 2768/2387/2297 2769/2385/2295 2652/2374/2284
f 2768/2387/2297 2652/2374/2284 2755/2373/2283
f 2536/2189/2098 2497/2188/2097 2537/2293/2202
f 2552/2398/2308 2846/2296/2205 2847/2456/2368
f 2768/2387/2297 2758/2376/2286 2661/2282/2191
f 2489/2402/2312 2490/2297/2206 2519/2401/2311
f 2518/2181/2090 2517/2149/2058 2682/2457/2369
f 2663/2284/2193 2848/2458/2370 2767/2386/2296
f 2767/2386/2296 2849/2459/2371 2766/2384/2294
f 2852/2460/2372 2758/2376/2286 2768/2387/2297
f 2519/2401/2311 2490/2297/2206 2553/2399/2309
f 2666/2461/2373 2508/2183/2092 2516/2165/2074
f 2779/2400/2310 2552/2398/2308 2778/2462/2374
f 2508/2183/2092 2517/2149/2058 2518/2181/2090
f 2856/2463/2375 2877/2464/2376 2857/2465/2377
f 2857/2465/2377 2877/2464/2376 2896/2466/2378
f 2855/2467/2379 2854/2468/2380 2858/2469/2381
f 2861/2470/2382 2862/2471/2383 2863/2472/2384
f 2861/2470/2382 2863/2472/2384 2864/2473/2385
f 2859/2474/2386 2860/2475/2387 2865/2476/2388
f 2867/2477/2389 2868/2478/2390 2878/2479/2391
f 2867/2477/2389 2878/2479/2391 2869/2480/2392
f 2866/2481/2393 2870/2482/2394 2871/2483/2395
f 2873/2484/2396 2874/2485/2397 2875/2486/2398
f 2872/2487/2399 2873/2484/2396 2875/2486/2398
f 2880/2488/2400 2876/2489/2401 2904/2490/2402
f 2879/2491/2403 2880/2488/2400 2904/2490/2402
f 2896/2466/2378 2877/2464/2376 2878/2479/2391
f 2868/2478/2390 2896/2466/2378 2878/2479/2391
f 2881/2492/2404 2884/2493/2405 2863/2472/2384
f 2862/2471/2383 2881/2492/2404 2863/2472/2384
f 2887/2494/2406 2872/2487/2399 2875/2486/2398
f 2887/2494/2406 2875/2486/2398 2888/2495/2407
f 2885/2496/2408 2886/2497/2409 2889/2498/2410
f 2880/2488/2400 2917/2499/2411 2876/2489/2401
f 2916/2500/2412 2866/2481/2393 2871/2483/2395
f 2876/2489/2401 2917/2499/2411 2903/2501/2413
f 2873/2484/2396 2882/2502/2414 2874/2485/2397
f 2915/2503/2415 2859/2474/2386 2865/2476/2388
f 2874/2485/2397 2882/2502/2414 2914/2504/2416
f 2881/2492/2404 2913/2505/2417 2884/2493/2405
f 2919/2506/2418 2885/2496/2408 2889/2498/2410
f 2884/2493/2405 2913/2505/2417 2918/2507/2419
f 2904/2490/2402 2921/2508/2420 2893/2509/2421
f 2904/2490/2402 2893/2509/2421 2879/2491/2403
f 2920/2510/2422 2854/2468/2380 2855/2467/2379
f 2984/2511/2423 2930/2512/2424 2985/2513/2425
f 2988/2514/2426 3014/2515/2427 2925/2516/2428
f 2932/2517/2429 2933/2518/2430 2983/2519/2431
f 2980/2520/2432 2979/2521/2433 2936/2522/2434
f 2980/2520/2432 2936/2522/2434 2930/2512/2424
f 2984/2511/2423 2980/2520/2432 2930/2512/2424
f 2937/2523/2435 2938/2524/2436 2981/2525/2437
f 2981/2525/2437 2948/2526/2438 2949/2527/2439
f 2981/2525/2437 2949/2527/2439 2953/2528/2440
f 2962/2529/2441 2937/2523/2435 2981/2525/2437
f 2947/2530/2442 2981/2525/2437 2953/2528/2440
f 2965/2531/2443 2966/2532/2444 2936/2522/2434
f 2979/2521/2433 2965/2531/2443 2936/2522/2434
f 2936/2522/2434 2966/2532/2444 2922/2533/2445
f 2987/2534/2446 2975/2535/2447 2973/2536/2448
f 2975/2535/2447 2967/2537/2449 2973/2536/2448
f 2973/2536/2448 2967/2537/2449 3014/2515/2427
f 2975/2535/2447 2974/2538/2450 2967/2537/2449
f 2927/2539/2451 3067/2540/2452 2926/2541/2453
f 3065/2542/2454 2963/2543/2455 2964/2544/2456
f 2926/2541/2457 2923/2545/2458 2935/2546/2459
f 2972/2547/2460 2926/2541/2457 2935/2546/2459
f 2977/2548/2461 2978/2549/2462 2952/2550/2463
f 2986/2551/2464 2977/2548/2461 2952/2550/2463
f 2948/2526/2438 2981/2525/2437 2982/2552/2465
f 2947/2530/2442 2932/2517/2429 2983/2519/2431
f 2986/2551/2464 2952/2550/2463 2962/2529/2441
f 2981/2525/2437 2990/2553/2466 2982/2552/2465
f 2989/2554/2467 2937/2523/2435 2962/2529/2441
f 2952/2550/2463 2989/2554/2467 2962/2529/2441
f 2962/2529/2441 2981/2525/2437 2947/2530/2442
f 2932/2517/2429 2953/2528/2440 2991/2555/2468
f 2947/2530/2442 2953/2528/2440 2932/2517/2429
f 2981/2525/2437 2938/2524/2436 2990/2553/2466
f 3066/2556/2469 2963/2543/2455 3065/2542/2454
f 2976/2557/2470 2975/2535/2447 2987/2534/2446
f 2972/2547/2460 3016/2558/2471 2926/2541/2457
f 3057/2559/2472 3018/2560/2473 3019/2561/2474
f 3015/2562/2475 2968/2563/2476 3017/2564/2477
f 3015/2562/2475 3017/2564/2477 3013/2565/2478
f 3021/2566/2479 3026/2567/2480 3034/2568/2481
f 3036/2569/2482 3055/2570/2483 3040/2571/2484
f 3036/2569/2482 3040/2571/2484 3051/2572/2485
f 3027/2573/2486 3028/2574/2487 3052/2575/2488
f 3056/2576/2489 3057/2559/2472 3019/2561/2474
f 3039/2577/2490 3027/2573/2486 3052/2575/2488
f 3028/2574/2487 3058/2578/2491 3052/2575/2488
f 3054/2579/2492 3055/2570/2483 3036/2569/2482
f 3034/2568/2481 3046/2580/2493 3030/2581/2494
f 3021/2566/2479 3034/2568/2481 3030/2581/2494
f 3056/2576/2489 3019/2561/2474 3041/2582/2495
f 2979/2521/2433 2980/2520/2432 3025/2583/2496
f 2979/2521/2433 3025/2583/2496 3012/2584/2497
f 2928/2585/2498 2929/2586/2499 3020/2587/2500
f 2928/2585/2498 3020/2587/2500 3035/2588/2501
f 2930/2512/2424 2936/2522/2434 3022/2589/2502
f 2969/2590/2503 2970/2591/2504 3032/2592/2505
f 2969/2590/2503 3032/2592/2505 3031/2593/2506
f 2969/2590/2503 3031/2593/2506 3024/2594/2507
f 2936/2522/2434 3023/2595/2508 3022/2589/2502
f 3062/2596/2509 3063/2597/2510 3033/2598/2511
f 2972/2547/2460 3064/2599/2512 3016/2558/2471
f 2973/2536/2448 3014/2515/2427 2988/2514/2426
f 2967/2537/2449 2974/2538/2450 2924/2600/2513
f 3033/2598/2511 3063/2597/2510 3044/2601/2514
f 3070/2602/2515 3072/2603/2516 3071/2604/2517
f 3073/2605/2518 3069/2606/2519 3068/2607/2520
f 3073/2605/2518 3068/2607/2520 3072/2603/2516
f 3077/2608/2521 3074/2609/2522 3075/2610/2523
f 3077/2608/2521 3075/2610/2523 3076/2611/2524
f 3078/2612/2525 3077/2608/2521 3076/2611/2524
f 3079/2613/2526 3080/2614/2527 3081/2615/2528
f 3110/2616/2529 3129/2617/2530 3125/2618/2531
f 3129/2617/2530 3095/2619/2532 3125/2618/2531
f 3129/2617/2530 3110/2616/2529 3111/2620/2533
f 3129/2617/2530 3104/2621/2534 3093/2622/2535
f 3105/2623/2536 3092/2624/2537 3094/2625/2538
f 3093/2622/2535 3084/2626/2539 3095/2619/2532
f 3129/2617/2530 3093/2622/2535 3095/2619/2532
f 3095/2619/2532 3084/2626/2539 3096/2627/2540
f 3097/2628/2541 3098/2629/2542 3091/2630/2543
f 3083/2631/2544 3086/2632/2545 3109/2633/2546
f 3072/2603/2516 3099/2634/2547 3073/2605/2518
f 3072/2603/2516 3070/2602/2515 3099/2634/2547
f 3091/2630/2543 3083/2631/2544 3109/2633/2546
f 3105/2623/2536 3090/2635/2548 3092/2624/2537
f 3092/2624/2537 3090/2635/2548 3086/2632/2545
f 3098/2629/2542 3083/2631/2544 3091/2630/2543
f 3086/2632/2545 3090/2635/2548 3109/2633/2546
f 3081/2615/2528 3080/2614/2527 3106/2636/2549
f 3106/2636/2549 3100/2637/2550 3121/2638/2551
f 3124/2639/2552 3116/2640/2553 3117/2641/2554
f 3124/2639/2552 3117/2641/2554 3114/2642/2555
f 3124/2639/2552 3114/2642/2555 3101/2643/2556
f 3106/2636/2549 3080/2614/2527 3100/2637/2550
f 3123/2644/2557 3108/2645/2558 3116/2640/2553
f 3081/2615/2528 3106/2636/2549 3082/2646/2559
f 3111/2620/2533 3127/2647/2560 3129/2617/2530
f 3127/2647/2560 3128/2648/2561 3129/2617/2530
f 3124/2639/2552 3123/2644/2557 3116/2640/2553
f 3138/2649/2562 3132/2650/2563 3122/2651/2564
f 3145/2652/2565 3146/2653/2566 3143/2654/2567
f 3144/2655/2568 3145/2652/2565 3143/2654/2567
f 3173/2656/2569 3159/2657/2570 3160/2658/2571
f 3152/2659/2572 3167/2660/2573 3168/2661/2574
f 3152/2659/2575 3164/2662/2576 3162/2663/2575
f 3173/2656/2577 3174/2664/2578 3166/2665/2577
f 3185/2666/2579 3186/2667/2579 3192/2668/2580
f 3190/2669/2581 3189/2670/2581 3194/2671/2582
f 3195/2672/2583 3188/2673/2583 3200/2674/2584
f 3187/2675/2585 3195/2672/2585 3193/2676/2586
f 3205/2677/2587 3206/2678/2588 3218/2679/2589
f 3223/2680/2590 3224/2681/2591 3225/2682/2592
f 3226/2683/2593 3227/2684/2594 3228/2685/2595
f 3229/2686/2596 3230/2687/2597 3223/2680/2590
f 3230/2687/2597 3224/2681/2591 3223/2680/2590
f 3231/2688/2598 3232/2689/2599 3226/2683/2593
f 3226/2683/2593 3232/2689/2599 3227/2684/2594
f 3222/2690/2600 3206/2678/2588 3205/2677/2587
f 3220/2691/2601 3219/2692/2602 3212/2693/2603
f 3220/2691/2601 3212/2693/2603 3213/2694/2604
f 3235/2695/2605 3211/2696/2606 3210/2697/2605
f 3204/2698/2607 3234/2699/2608 3236/2700/2609
f 3204/2698/2607 3236/2700/2609 3233/2701/2610
f 3238/2702/2611 3239/2703/2612 3237/2704/2613
f 3241/2705/2614 3242/2706/2615 3240/2707/2616
f 3218/2679/2589 3243/2708/2617 3244/2709/2618
f 3218/2679/2589 3206/2678/2588 3243/2708/2617
f 3230/2687/2597 3229/2686/2596 3245/2710/2619
f 3232/2689/2599 3231/2688/2598 3246/2711/2620
f 3222/2690/2621 3221/2712/2622 3247/2713/2623
f 3222/2690/2621 3247/2713/2623 3248/2714/2624
f 3249/2715/2625 3250/2716/2626 3251/2717/2627
f 3249/2715/2625 3251/2717/2627 3252/2718/2628
f 3253/2719/2629 3254/2720/2630 3255/2721/2631
f 3253/2719/2629 3255/2721/2631 3256/2722/2632
f 3249/2715/2625 3252/2718/2628 3257/2723/2627
f 3250/2716/2626 3258/2724/2633 3259/2725/2633
f 3250/2716/2626 3259/2725/2633 3260/2726/2634
f 3253/2719/2629 3256/2722/2632 3261/2727/2635
f 3258/2724/2633 3262/2728/2636 3263/2729/2637
f 3258/2724/2633 3263/2729/2637 3264/2730/2628
f 3268/2731/2638 3253/2719/2629 3261/2727/2635
f 3268/2731/2638 3261/2727/2635 3269/2732/2639
f 3268/2731/2638 3269/2732/2639 3270/2733/2640
f 3254/2720/2630 3294/2734/2641 3255/2721/2631
f 3262/2728/2636 3295/2735/2642 3263/2729/2637
f 3254/2720/2630 3296/2736/2643 3297/2737/2644
f 3254/2720/2630 3297/2737/2644 3294/2734/2641
f 3296/2736/2643 3298/2738/2645 3297/2737/2644
f 3258/2724/2633 3264/2730/2628 3259/2725/2633
f 3296/2736/2643 3268/2731/2638 3270/2733/2640
f 3296/2736/2643 3270/2733/2640 3298/2738/2645
f 3250/2716/2626 3260/2726/2634 3251/2717/2627
f 3262/2728/2636 3249/2715/2625 3257/2723/2627
f 3262/2728/2636 3257/2723/2627 3295/2735/2642
f 3342/2739/2646 3343/2740/2647 3344/2741/2627
f 3342/2739/2646 3344/2741/2627 3345/2742/2648
f 3346/2743/2649 3347/2744/2648 3348/2745/2636
f 3349/2746/2650 3350/2747/2632 3351/2748/2651
f 3352/2749/2652 3353/2750/2630 3354/2751/2635
f 3352/2749/2652 3354/2751/2635 3355/2752/2652
f 3356/2753/2647 3357/2754/2647 3358/2755/2653
f 3359/2756/2654 3352/2749/2652 3360/2757/2631
f 3359/2756/2654 3360/2757/2631 3361/2758/2655
f 3342/2739/2646 3345/2742/2648 3362/2759/2656
f 3343/2740/2647 3346/2743/2649 3348/2745/2636
f 3343/2740/2647 3348/2745/2636 3363/2760/2647
f 3359/2756/2654 3361/2758/2655 3377/2761/2657
f 3353/2750/2630 3349/2746/2650 3351/2748/2651
f 3353/2750/2630 3351/2748/2651 3378/2762/2641
f 3343/2740/2647 3363/2760/2647 3344/2741/2627
f 3356/2753/2647 3342/2739/2646 3362/2759/2656
f 3356/2753/2647 3362/2759/2656 3357/2754/2647
f 3352/2749/2652 3355/2752/2652 3360/2757/2631
f 3346/2743/2649 3356/2753/2647 3358/2755/2653
f 3346/2743/2649 3358/2755/2653 3347/2744/2648
f 3353/2750/2630 3378/2762/2641 3354/2751/2635
f 3349/2746/2650 3359/2756/2654 3377/2761/2657
f 3349/2746/2650 3377/2761/2657 3350/2747/2632
f 3382/2763/2652 3383/2764/2631 3379/2765/2631
f 3382/2763/2652 3379/2765/2631 3381/2766/2652
f 3381/2766/2652 3379/2765/2631 3380/2767/2631
f 3316/2768/2647 3315/2769/2653 3314/2770/2647
f 3316/2768/2647 3314/2770/2647 3312/2771/2647
f 3312/2771/2647 3314/2770/2647 3313/2772/2647
f 3265/2773/2658 3266/2774/2659 3267/2775/2660
f 3272/2776/2661 3271/2777/2662 3279/2778/2663
f 3280/2779/2664 3281/2780/2665 3282/2781/2666
f 3283/2782/2667 3284/2783/2668 3285/2784/2669
f 3285/2784/2669 3284/2783/2668 3286/2785/2670
f 3289/2786/2671 3290/2787/2672 3291/2788/2673
f 3291/2788/2673 3290/2787/2672 3292/2789/2674
f 3293/2790/2675 3281/2780/2665 3280/2779/2664
f 3299/2791/2676 3300/2792/2677 3301/2793/2678
f 3299/2791/2676 3301/2793/2678 3302/2794/2679
f 3303/2795/2680 3304/2796/2681 3305/2797/2682
f 3306/2798/2683 3308/2799/2684 3307/2800/2685
f 3266/2774/2659 3309/2801/2686 3267/2775/2660
f 3310/2802/2687 3303/2795/2680 3305/2797/2682
f 3311/2803/2688 3306/2798/2683 3307/2800/2685
f 3318/2804/2689 3319/2805/2690 3320/2806/2691
f 3321/2807/2692 3277/2808/2693 3322/2809/2694
f 3322/2809/2694 3277/2808/2693 3278/2810/2695
f 3323/2811/2677 3275/2812/2696 3276/2813/2697
f 3323/2811/2677 3276/2813/2697 3324/2814/2698
f 3325/2815/2699 3273/2816/2700 3326/2817/2701
f 3326/2817/2701 3273/2816/2700 3274/2818/2702
f 3327/2819/2703 3328/2820/2704 3329/2821/2705
f 3330/2822/2706 3272/2776/2661 3279/2778/2663
f 3330/2822/2706 3279/2778/2663 3317/2823/2707
f 3329/2821/2705 3328/2820/2704 3331/2824/2708
f 3332/2825/2709 3333/2826/2710 3334/2827/2711
f 3334/2827/2711 3333/2826/2710 3335/2828/2712
f 3336/2829/2713 3337/2830/2714 3338/2831/2715
f 3338/2831/2715 3337/2830/2714 3339/2832/2716
f 3320/2806/2691 3319/2805/2690 3364/2833/2717
f 3340/2834/2718 3365/2835/2719 3341/2836/2720
f 3366/2837/2721 3367/2838/2722 3368/2839/2723
f 3367/2838/2722 3369/2840/2724 3368/2839/2723
f 3372/2841/2725 3373/2842/2726 3374/2843/2727
f 3373/2842/2726 3375/2844/2728 3374/2843/2727
f 3376/2845/2729 3340/2834/2718 3341/2836/2720
f 3390/2846/2730 3386/2847/2731 3387/2848/2732
f 3388/2849/2733 3390/2846/2730 3387/2848/2732
f 3388/2849/2733 3387/2848/2732 3389/2850/2734
f 3388/2849/2733 3389/2850/2734 3390/2846/2730
f 3425/2851/2735 3391/2852/2736 3392/2853/2737
f 3394/2854/2738 3395/2855/2739 3396/2856/2740
f 3417/2857/2741 3404/2858/2742 3405/2859/2743
f 3419/2860/2744 3402/2861/2745 3420/2862/2746
f 3543/2863/2747 3392/2853/2737 3401/2864/2748
f 3543/2863/2747 3401/2864/2748 3544/2865/2749
f 3545/2866/2750 3400/2867/2751 3399/2868/2752
f 3545/2866/2750 3399/2868/2752 3421/2869/2753
f 3421/2869/2753 3399/2868/2752 3422/2870/2754
f 3422/2870/2754 3399/2868/2752 3423/2871/2755
f 3425/2851/2735 3392/2853/2737 3543/2863/2747
f 3427/2872/2756 3406/2873/2757 3416/2874/2758
f 3415/2875/2759 3406/2873/2757 3427/2872/2756
f 3412/2876/2760 3413/2877/2761 3428/2878/2762
f 3410/2879/2763 3408/2880/2764 3411/2881/2765
f 3410/2879/2763 3411/2881/2765 3429/2882/2766
f 3406/2873/2757 3407/2883/2767 3416/2874/2758
f 3417/2857/2741 3405/2859/2743 3418/2884/2768
f 3402/2861/2745 3403/2885/2769 3420/2862/2746
f 3399/2868/2752 3397/2886/2770 3423/2871/2755
f 3546/2887/2771 3431/2888/2772 3394/2854/2738
f 3546/2887/2771 3394/2854/2738 3424/2889/2773
f 3424/2889/2773 3394/2854/2738 3396/2856/2740
f 3432/2890/2774 3412/2876/2760 3428/2878/2762
f 3414/2891/2775 3430/2892/2776 3433/2893/2777
f 3433/2893/2777 3430/2892/2776 3415/2875/2759
f 3433/2893/2777 3415/2875/2759 3427/2872/2756
f 3434/2894/2778 3417/2857/2741 3418/2884/2768
f 3434/2894/2778 3418/2884/2768 3435/2895/2779
f 3440/2896/2780 3425/2851/2735 3543/2863/2747
f 3424/2889/2773 3396/2856/2740 3426/2897/2781
f 3424/2889/2773 3426/2897/2781 3439/2898/2782
f 3444/2899/2783 3442/2900/2784 3443/2901/2785
f 3444/2899/2783 3443/2901/2785 3445/2902/2786
f 3446/2903/2787 3444/2899/2783 3445/2902/2786
f 3446/2903/2787 3445/2902/2786 3447/2904/2788
f 3448/2905/2789 3446/2903/2787 3447/2904/2788
f 3448/2905/2789 3447/2904/2788 3449/2906/2790
f 3450/2907/2791 3448/2905/2789 3449/2906/2790
f 3450/2907/2791 3449/2906/2790 3451/2908/2792
f 3452/2909/2793 3450/2907/2791 3451/2908/2792
f 3452/2909/2793 3451/2908/2792 3453/2910/2794
f 3454/2911/2795 3452/2909/2793 3453/2910/2794
f 3454/2911/2795 3453/2910/2794 3455/2912/2796
f 3456/2913/2797 3457/2914/2798 3458/2915/2799
f 3459/2916/2800 3456/2913/2797 3458/2915/2799
f 3459/2916/2800 3458/2915/2799 3460/2917/2801
f 3459/2916/2800 3460/2917/2801 3461/2918/2802
f 3462/2919/2803 3459/2916/2800 3461/2918/2802
f 3463/2920/2804 3462/2919/2803 3461/2918/2802
f 3463/2920/2804 3461/2918/2802 3464/2921/2805
f 3465/2922/2806 3463/2920/2804 3464/2921/2805
f 3465/2922/2806 3464/2921/2805 3466/2923/2807
f 3442/2900/2784 3465/2922/2806 3466/2923/2807
f 3442/2900/2784 3466/2923/2807 3443/2901/2785
f 3387/2848/2732 3467/2924/2808 3468/2925/2809
f 3390/2846/2730 3481/2926/2810 3482/2927/2811
f 3387/2848/2732 3468/2925/2809 3483/2928/2812
f 3389/2850/2734 3387/2848/2732 3483/2928/2812
f 3390/2846/2730 3482/2927/2811 3484/2929/2813
f 3386/2847/2731 3390/2846/2730 3484/2929/2813
f 3390/2846/2730 3389/2850/2734 3481/2926/2810
f 3472/2930/2814 3474/2931/2815 3487/2932/2816
f 3472/2930/2814 3487/2932/2816 3488/2933/2817
f 3474/2931/2815 3475/2934/2818 3489/2935/2819
f 3474/2931/2815 3489/2935/2819 3487/2932/2816
f 3478/2936/2820 3490/2937/2821 3491/2938/2822
f 3478/2936/2820 3479/2939/2823 3492/2940/2824
f 3478/2936/2820 3492/2940/2824 3490/2937/2821
f 3479/2939/2823 3480/2941/2825 3493/2942/2826
f 3479/2939/2823 3493/2942/2826 3492/2940/2824
f 3480/2941/2825 3494/2943/2827 3495/2944/2828
f 3480/2941/2825 3495/2944/2828 3493/2942/2826
f 3470/2945/2829 3589/2946/2830 3496/2947/2831
f 3473/2948/2832 3498/2949/2833 3497/2950/2834
f 3476/2951/2835 3477/2952/2836 3499/2953/2837
f 3476/2951/2835 3499/2953/2837 3500/2954/2838
f 3477/2952/2836 3441/2955/2839 3501/2956/2840
f 3477/2952/2836 3501/2956/2840 3499/2953/2837
f 3441/2955/2839 3471/2957/2841 3502/2958/2842
f 3441/2955/2839 3502/2958/2842 3501/2956/2840
f 3472/2930/2814 3488/2933/2817 3503/2959/2843
f 3387/2848/2732 3386/2847/2731 3467/2924/2808
f 3506/2960/2844 3507/2961/2845 3574/2962/2846
f 3484/2929/2813 3482/2927/2811 3508/2963/2847
f 3483/2928/2812 3468/2925/2809 3504/2964/2848
f 3468/2925/2809 3467/2924/2808 3511/2965/2849
f 3485/2966/2850 3512/2967/2851 3486/2968/2852
f 3513/2969/2853 3514/2970/2854 3515/2971/2855
f 3514/2970/2854 3516/2972/2856 3515/2971/2855
f 3517/2973/2857 3518/2974/2858 3519/2975/2859
f 3520/2976/2860 3522/2977/2861 3521/2978/2862
f 3524/2979/2863 3525/2980/2864 3523/2981/2865
f 3524/2979/2863 3526/2982/2866 3525/2980/2864
f 3526/2982/2866 3527/2983/2867 3525/2980/2864
f 3529/2984/2868 3485/2966/2850 3486/2968/2852
f 3531/2985/2869 3506/2960/2844 3510/2986/2870
f 3386/2847/2731 3484/2929/2813 3530/2987/2871
f 3533/2988/2872 3496/2947/2831 3534/2989/2873
f 3539/2990/2874 3540/2991/2875 3541/2992/2876
f 3539/2990/2874 3541/2992/2876 3542/2993/2877
f 3547/2994/2878 3439/2898/2782 3548/2995/2879
f 3549/2996/2880 3550/2997/2881 3551/2998/2882
f 3551/2998/2882 3550/2997/2881 3552/2999/2883
f 3551/2998/2882 3552/2999/2883 3553/3000/2884
f 3551/2998/2882 3553/3000/2884 3554/3001/2885
f 3554/3001/2885 3553/3000/2884 3555/3002/2886
f 3554/3001/2885 3555/3002/2886 3556/3003/2887
f 3557/3004/2888 3558/3005/2889 3440/2896/2780
f 3557/3004/2888 3440/2896/2780 3543/2863/2747
f 3566/3006/2890 3432/2890/2774 3428/2878/2762
f 3559/3007/2891 3567/3008/2892 3560/3009/2893
f 3424/2889/2773 3439/2898/2782 3547/2994/2878
f 3518/2974/2858 3520/2976/2860 3521/2978/2862
f 3518/2974/2858 3521/2978/2862 3519/2975/2859
f 3470/2945/2829 3473/2948/2832 3497/2950/2834
f 3470/2945/2829 3497/2950/2834 3589/2946/2830
f 3568/3010/2894 3569/3011/2895 3412/2876/2760
f 3570/3012/2896 3413/2877/2761 3412/2876/2760
f 3430/2892/2776 3633/3013/2897 3415/2875/2759
f 3569/3011/2898 3573/3014/2899 3384/3015/2900
f 3510/2986/2870 3506/2960/2844 3574/2962/2846
f 3535/3016/2901 3532/3017/2902 3575/3018/2903
f 3535/3016/2901 3575/3018/2903 3576/3019/2904
f 3535/3016/2901 3576/3019/2904 3577/3020/2905
f 3578/3021/2906 3579/3022/2907 3580/3023/2908
f 3581/3024/2909 3535/3016/2901 3577/3020/2905
f 3579/3022/2907 3582/3025/2910 3583/3026/2911
f 3584/3027/2912 3585/3028/2913 3586/3029/2914
f 3585/3028/2913 3587/3030/2915 3586/3029/2914
f 3588/3031/2916 3578/3021/2906 3580/3023/2908
f 3578/3021/2906 3582/3025/2910 3579/3022/2907
f 3574/2962/2846 3507/2961/2845 3591/3032/2917
f 3492/2940/2824 3493/2942/2826 3590/3033/2918
f 3584/3027/2912 3586/3029/2914 3592/3034/2919
f 3586/3029/2914 3587/3030/2915 3593/3035/2920
f 3534/2989/2873 3496/2947/2831 3589/2946/2830
f 3598/3036/2921 3599/3037/2922 3600/3038/2923
f 3599/3037/2922 3601/3039/2924 3600/3038/2923
f 3599/3037/2922 3602/3040/2925 3601/3039/2924
f 3596/3041/2926 3603/3042/2927 3604/3043/2928
f 3596/3041/2926 3604/3043/2928 3597/3044/2929
f 3607/3045/2930 3596/3041/2926 3597/3044/2929
f 3607/3045/2930 3597/3044/2929 3608/3046/2931
f 3553/3000/2884 3552/2999/2883 3609/3047/2932
f 3616/3048/2933 3539/2990/2874 3542/2993/2877
f 3617/3049/2934 3616/3048/2933 3542/2993/2877
f 3618/3050/2935 3612/3051/2936 3613/3052/2937
f 3384/3015/2900 3573/3014/2899 3413/2877/2761
f 3413/2877/2761 3570/3012/2896 3384/3015/2900
f 3569/3011/2895 3570/3012/2896 3412/2876/2760
f 3565/3053/2938 3559/3007/2891 3560/3009/2893
f 3481/2926/2810 3483/2928/2812 3509/3054/2939
f 3481/2926/2810 3509/3054/2939 3505/3055/2940
f 3389/2850/2734 3483/2928/2812 3481/2926/2810
f 3456/2913/2797 3454/2911/2795 3455/2912/2796
f 3456/2913/2797 3455/2912/2796 3457/2914/2798
f 3623/3056/2941 3620/3057/2942 3619/3058/2943
f 3621/3059/2944 3620/3057/2942 3623/3056/2941
f 3621/3059/2944 3622/3060/2945 3620/3057/2942
f 3621/3059/2944 3623/3056/2941 3622/3060/2945
f 3395/2855/2739 3640/3061/2946 3396/2856/2740
f 3624/3062/2947 3625/3063/2948 3398/3064/2949
f 3624/3062/2947 3398/3064/2949 3397/2886/2770
f 3399/2868/2752 3624/3062/2947 3397/2886/2770
f 3404/2858/2742 3636/3065/2950 3405/2859/2743
f 3637/3066/2951 3638/3067/2952 3402/2861/2745
f 3752/3068/2953 3753/3069/2954 3401/2864/2748
f 3752/3068/2953 3401/2864/2748 3392/2853/2737
f 3754/3070/2955 3755/3071/2956 3399/2868/2752
f 3754/3070/2955 3399/2868/2752 3400/2867/2751
f 3755/3071/2956 3639/3072/2957 3399/2868/2752
f 3639/3072/2957 3756/3073/2958 3399/2868/2752
f 3391/2852/2736 3752/3068/2953 3392/2853/2737
f 3640/3061/2946 3393/3074/2959 3396/2856/2740
f 3642/3075/2960 3635/3076/2961 3406/2873/2757
f 3634/3077/2962 3642/3075/2960 3406/2873/2757
f 3630/3078/2963 3643/3079/2964 3631/3080/2965
f 3629/3081/2966 3429/2882/2766 3628/3082/2967
f 3629/3081/2966 3628/3082/2967 3626/3083/2968
f 3410/2879/2763 3429/2882/2766 3629/3081/2966
f 3406/2873/2757 3635/3076/2961 3407/2883/2767
f 3402/2861/2745 3638/3067/2952 3403/2885/2769
f 3399/2868/2752 3756/3073/2958 3624/3062/2947
f 3757/3084/2969 3758/3085/2970 3395/2855/2739
f 3757/3084/2969 3395/2855/2739 3644/3086/2971
f 3758/3085/2970 3640/3061/2946 3395/2855/2739
f 3632/3087/2972 3645/3088/2973 3633/3013/2897
f 3645/3088/2973 3634/3077/2962 3633/3013/2897
f 3645/3088/2973 3642/3075/2960 3634/3077/2962
f 3646/3089/2974 3647/3090/2975 3636/3065/2950
f 3646/3089/2974 3636/3065/2950 3404/2858/2742
f 3651/3091/2976 3752/3068/2953 3391/2852/2736
f 3758/3085/2970 3760/3092/2977 3641/3093/2978
f 3758/3085/2970 3641/3093/2978 3640/3061/2946
f 3655/3094/2979 3656/3095/2980 3654/3096/2981
f 3655/3094/2979 3654/3096/2981 3653/3097/2982
f 3657/3098/2983 3658/3099/2984 3656/3095/2980
f 3657/3098/2983 3656/3095/2980 3655/3094/2979
f 3659/3100/2985 3660/3101/2986 3658/3099/2984
f 3659/3100/2985 3658/3099/2984 3657/3098/2983
f 3661/3102/2987 3662/3103/2988 3660/3101/2986
f 3661/3102/2987 3660/3101/2986 3659/3100/2985
f 3663/3104/2989 3664/3105/2990 3662/3103/2988
f 3663/3104/2989 3662/3103/2988 3661/3102/2987
f 3665/3106/2991 3666/3107/2992 3664/3105/2990
f 3665/3106/2991 3664/3105/2990 3663/3104/2989
f 3667/3108/2993 3668/3109/2994 3669/3110/2995
f 3670/3111/2996 3671/3112/2997 3668/3109/2994
f 3670/3111/2996 3668/3109/2994 3667/3108/2993
f 3670/3111/2996 3672/3113/2998 3671/3112/2997
f 3673/3114/2999 3672/3113/2998 3670/3111/2996
f 3674/3115/3000 3675/3116/3001 3672/3113/2998
f 3674/3115/3000 3672/3113/2998 3673/3114/2999
f 3676/3117/3002 3677/3118/3003 3675/3116/3001
f 3676/3117/3002 3675/3116/3001 3674/3115/3000
f 3653/3097/2982 3654/3096/2981 3677/3118/3003
f 3653/3097/2982 3677/3118/3003 3676/3117/3002
f 3620/3057/2942 3678/3119/3004 3679/3120/3005
f 3623/3056/2941 3692/3121/3006 3693/3122/3007
f 3620/3057/2942 3694/3123/3008 3678/3119/3004
f 3622/3060/2945 3694/3123/3008 3620/3057/2942
f 3623/3056/2941 3695/3124/3009 3692/3121/3006
f 3619/3058/2943 3695/3124/3009 3623/3056/2941
f 3623/3056/2941 3693/3122/3007 3622/3060/2945
f 3683/3125/3010 3699/3126/3011 3698/3127/3012
f 3683/3125/3010 3698/3127/3012 3685/3128/3013
f 3685/3128/3013 3698/3127/3012 3700/3129/3014
f 3685/3128/3013 3700/3129/3014 3686/3130/3015
f 3689/3131/3016 3701/3132/3017 3702/3133/3018
f 3689/3131/3016 3702/3133/3018 3784/3134/3019
f 3689/3131/3016 3784/3134/3019 3690/3135/3020
f 3690/3135/3020 3784/3134/3019 3703/3136/3021
f 3690/3135/3020 3703/3136/3021 3691/3137/3022
f 3691/3137/3022 3703/3136/3021 3704/3138/3023
f 3691/3137/3022 3704/3138/3023 3705/3139/3024
f 3681/3140/3025 3706/3141/3026 3801/3142/3027
f 3684/3143/3028 3707/3144/3029 3787/3145/3030
f 3687/3146/3031 3708/3147/3032 3709/3148/3033
f 3687/3146/3031 3709/3148/3033 3688/3149/3034
f 3688/3149/3034 3709/3148/3033 3710/3150/3035
f 3688/3149/3034 3710/3150/3035 3652/3151/3036
f 3652/3151/3036 3710/3150/3035 3711/3152/3037
f 3652/3151/3036 3711/3152/3037 3682/3153/3038
f 3683/3125/3010 3712/3154/3039 3699/3126/3011
f 3620/3057/2942 3679/3120/3005 3619/3058/2943
f 3715/3155/3040 3716/3156/3041 3717/3157/3042
f 3695/3124/3009 3718/3158/3043 3692/3121/3006
f 3694/3123/3008 3713/3159/3044 3678/3119/3004
f 3678/3119/3004 3723/3160/3045 3679/3120/3005
f 3696/3161/3046 3697/3162/3047 3724/3163/3048
f 3725/3164/3049 3726/3165/3050 3727/3166/3051
f 3727/3166/3051 3726/3165/3050 3728/3167/3052
f 3729/3168/3053 3730/3169/3054 3731/3170/3055
f 3732/3171/3056 3733/3172/3057 3734/3173/3058
f 3736/3174/3059 3735/3175/3060 3737/3176/3061
f 3736/3174/3059 3737/3176/3061 3738/3177/3062
f 3738/3177/3062 3737/3176/3061 3739/3178/3063
f 3741/3179/3064 3697/3162/3047 3696/3161/3046
f 3619/3058/2943 3742/3180/3065 3695/3124/3009
f 3749/3181/3066 3828/3182/3067 3750/3183/3068
f 3749/3181/3066 3750/3183/3068 3751/3184/3069
f 3759/3185/3070 3761/3186/3071 3760/3092/2977
f 3762/3187/3072 3763/3188/3073 3764/3189/3074
f 3763/3188/3073 3765/3190/3075 3764/3189/3074
f 3763/3188/3073 3766/3191/3076 3767/3192/3077
f 3763/3188/3073 3767/3192/3077 3765/3190/3075
f 3766/3191/3076 3768/3193/3078 3769/3194/3079
f 3766/3191/3076 3769/3194/3079 3767/3192/3077
f 3770/3195/3080 3651/3091/2976 3771/3196/3081
f 3770/3195/3080 3752/3068/2953 3651/3091/2976
f 3779/3197/3082 3643/3079/2964 3630/3078/2963
f 3772/3198/3083 3773/3199/3084 3780/3200/3085
f 3758/3085/2970 3759/3185/3070 3760/3092/2977
f 3731/3170/3055 3730/3169/3054 3733/3172/3057
f 3731/3170/3055 3733/3172/3057 3732/3171/3056
f 3681/3140/3025 3801/3142/3027 3707/3144/3029
f 3681/3140/3025 3707/3144/3029 3684/3143/3028
f 3568/3010/2894 3412/2876/2760 3630/3078/2963
f 3568/3010/2894 3630/3078/2963 3569/3011/3086
f 3781/3201/3087 3630/3078/2963 3631/3080/2965
f 3634/3077/2962 3406/2873/2757 3415/2875/2759
f 3633/3013/2897 3634/3077/2962 3415/2875/2759
f 3385/3202/3088 3631/3080/2965 3413/2877/2761
f 3569/3011/3089 3385/3202/3088 3573/3014/2899
f 3569/3011/3090 3573/3014/3091 3568/3010/3092
f 3721/3203/3093 3722/3204/3094 3719/3205/3095
f 3745/3206/3096 3786/3207/3097 3785/3208/3098
f 3745/3206/3096 3785/3208/3098 3743/3209/3099
f 3745/3206/3096 3788/3210/3100 3786/3207/3097
f 3789/3211/3101 3790/3212/3102 3791/3213/3103
f 3792/3214/3104 3788/3210/3100 3745/3206/3096
f 3789/3211/3101 3791/3213/3103 3793/3215/3105
f 3789/3211/3101 3793/3215/3105 3794/3216/3106
f 3795/3217/3107 3796/3218/3108 3797/3219/3109
f 3799/3220/3110 3790/3212/3102 3789/3211/3101
f 3721/3203/3093 3719/3205/3095 3715/3155/3040
f 3715/3155/3040 3719/3205/3095 3716/3156/3041
f 3784/3134/3019 3802/3221/3111 3703/3136/3021
f 3796/3218/3108 3803/3222/3112 3797/3219/3109
f 3797/3219/3109 3803/3222/3112 3804/3223/3113
f 3797/3219/3109 3804/3223/3113 3798/3224/3114
f 3744/3225/3115 3800/3226/3116 3801/3142/3027
f 3744/3225/3115 3801/3142/3027 3706/3141/3026
f 3809/3227/3117 3810/3228/3118 3811/3229/3119
f 3811/3229/3119 3810/3228/3118 3812/3230/3120
f 3811/3229/3119 3812/3230/3120 3813/3231/3121
f 3807/3232/3122 3808/3233/3123 3814/3234/3124
f 3807/3232/3122 3814/3234/3124 3815/3235/3125
f 3818/3236/3126 3819/3237/3127 3808/3233/3123
f 3818/3236/3126 3808/3233/3123 3807/3232/3122
f 3767/3192/3077 3820/3238/3128 3765/3190/3075
f 3827/3239/3129 3828/3182/3067 3749/3181/3066
f 3829/3240/3130 3828/3182/3067 3827/3239/3129
f 3830/3241/3131 3824/3242/3132 3823/3243/3133
f 3385/3202/3088 3413/2877/2761 3573/3014/2899
f 3631/3080/2965 3385/3202/3088 3781/3201/3087
f 3569/3011/3086 3630/3078/2963 3781/3201/3087
f 3778/3244/3134 3773/3199/3084 3772/3198/3083
f 3693/3122/3007 3714/3245/3135 3720/3246/3136
f 3693/3122/3007 3720/3246/3136 3694/3123/3008
f 3622/3060/2945 3693/3122/3007 3694/3123/3008
f 3667/3108/2993 3669/3110/2995 3666/3107/2992
f 3667/3108/2993 3666/3107/2992 3665/3106/2991
f 3831/3247/3137 3832/3248/3138 3833/3249/3139
f 3831/3247/3137 3833/3249/3139 3834/3250/3140
f 3835/3251/3141 3836/3252/3142 3837/3253/3143
f 3836/3252/3142 3838/3254/3144 3837/3253/3143
f 3836/3252/3142 3839/3255/3145 3838/3254/3144
f 3842/3256/3146 3843/3257/3147 3844/3258/3148
f 3842/3256/3146 3844/3258/3148 3845/3259/3149
f 3846/3260/3150 3847/3261/3151 3848/3262/3152
f 3846/3260/3150 3848/3262/3152 3849/3263/3153
f 3850/3264/3154 3851/3265/3155 3852/3266/3156
f 3852/3266/3156 3851/3265/3155 3853/3267/3157
f 3852/3266/3156 3853/3267/3157 3854/3268/3158
f 3857/3269/3159 3858/3270/3160 3859/3271/3161
f 3857/3269/3159 3859/3271/3161 3860/3272/3162
f 3863/3273/3163 3864/3274/3164 3865/3275/3165
f 3863/3273/3163 3865/3275/3165 3866/3276/3166
f 3861/3277/3167 3867/3278/3168 3862/3279/3169
f 3864/3274/3164 3868/3280/3170 3869/3281/3171
f 3864/3274/3164 3869/3281/3171 3865/3275/3165
f 3874/3282/3172 3875/3283/3173 3876/3284/3174
f 3877/3285/3175 3878/3286/3176 3879/3287/3177
f 3875/3283/3178 3880/3288/3179 3881/3289/3180
f 3878/3286/3176 3882/3290/3181 3883/3291/3182
f 3878/3286/3176 3883/3291/3182 3879/3287/3177
f 3880/3288/3179 3884/3292/3183 3885/3293/3184
f 3880/3288/3179 3885/3293/3184 3881/3289/3180
f 3882/3290/3181 3886/3294/3185 3887/3295/3186
f 3882/3290/3181 3887/3295/3186 3883/3291/3182
f 3884/3292/3183 3888/3296/3187 3885/3293/3184
f 3886/3294/3185 3863/3273/3163 3866/3276/3166
f 3886/3294/3185 3866/3276/3166 3887/3295/3186
f 3874/3282/3172 3876/3284/3174 3889/3297/3188
f 3892/3298/3189 3893/3299/3190 3894/3300/3191
f 3892/3298/3189 3894/3300/3191 3895/3301/3192
f 3891/3302/3193 3896/3303/3194 3897/3304/3195
f 3898/3305/3196 3899/3306/3197 3900/3307/3198
f 3898/3305/3196 3900/3307/3198 3901/3308/3199
f 3869/3281/3171 3868/3280/3170 3902/3309/3200
f 3903/3310/3201 3904/3311/3202 3905/3312/3203
f 3903/3310/3201 3905/3312/3203 3906/3313/3204
f 3897/3304/3195 3896/3303/3194 3907/3314/3205
f 3908/3315/3206 3909/3316/3207 3910/3317/3208
f 3873/3318/3209 3911/3319/3210 3912/3320/3211
f 3917/3321/3212 3918/3322/3213 3919/3323/3214
f 3917/3321/3212 3919/3323/3214 3920/3324/3215
f 3912/3320/3211 3911/3319/3210 3921/3325/3216
f 3922/3326/3217 3923/3327/3218 3924/3328/3219
f 3922/3326/3217 3924/3328/3219 3925/3329/3220
f 3926/3330/3221 3915/3331/3222 3916/3332/3223
f 3926/3330/3221 3916/3332/3223 3927/3333/3224
f 3928/3334/3225 3929/3335/3226 3930/3336/3227
f 3928/3334/3225 3930/3336/3227 3931/3337/3228
f 3932/3338/3229 3934/3339/3230 3935/3340/3231
f 3932/3338/3229 3935/3340/3231 3933/3341/3232
f 3934/3339/3230 3936/3342/3233 3935/3340/3231
f 3937/3343/3234 3939/3344/3235 3940/3345/3236
f 3937/3343/3234 3940/3345/3236 3938/3346/3237
f 3941/3347/3238 3942/3348/3239 3943/3349/3240
f 3941/3347/3238 3943/3349/3240 3944/3350/3241
f 3945/3351/3242 3946/3352/3243 3947/3353/3244
f 3945/3351/3242 3947/3353/3244 3948/3354/3245
f 3948/3354/3245 3947/3353/3244 3949/3355/3246
f 3950/3356/3247 3951/3357/3248 3952/3358/3249
f 3950/3356/3247 3952/3358/3249 3953/3359/3250
f 3954/3360/3251 3955/3361/3252 3956/3362/3253
f 3954/3360/3251 3956/3362/3253 3957/3363/3254
f 3958/3364/3255 3959/3365/3256 3960/3366/3257
f 3958/3364/3255 3960/3366/3257 3961/3367/3258
f 3955/3361/3252 3962/3368/3259 3963/3369/3260
f 3955/3361/3252 3963/3369/3260 3956/3362/3253
f 3959/3365/3256 3964/3370/3261 3960/3366/3257
f 3962/3368/3259 3965/3371/3262 3963/3369/3260
f 3965/3371/3262 3968/3372/3263 3969/3373/3264
f 3965/3371/3262 3969/3373/3264 3963/3369/3260
f 3970/3374/3265 3971/3375/3266 3972/3376/3267
f 3970/3374/3265 3972/3376/3267 3973/3377/3268
f 3971/3375/3266 3976/3378/3269 3977/3379/3270
f 3971/3375/3266 3977/3379/3270 3972/3376/3267
f 3978/3380/3271 3979/3381/3272 3980/3382/3273
f 3976/3378/3269 3981/3383/3274 3982/3384/3275
f 3976/3378/3269 3982/3384/3275 3977/3379/3270
f 3979/3381/3272 3954/3360/3251 3957/3363/3254
f 3979/3381/3272 3957/3363/3254 3980/3382/3273
f 3981/3383/3274 3958/3364/3255 3961/3367/3258
f 3981/3383/3274 3961/3367/3258 3982/3384/3275
f 3983/3385/3276 3984/3386/3277 3985/3387/3278
f 3983/3385/3276 3985/3387/3278 3986/3388/3279
f 3987/3389/3280 3988/3390/3198 3989/3391/3190
f 3987/3389/3280 3989/3391/3190 3990/3392/3189
f 3991/3393/3277 3992/3394/3281 3993/3395/3282
f 3991/3393/3277 3993/3395/3282 3994/3396/3283
f 3995/3397/3284 3996/3398/3285 3997/3399/3286
f 3995/3397/3284 3997/3399/3286 3998/3400/3287
f 3999/3401/3288 4000/3402/3289 4001/3403/3290
f 4001/3403/3290 4000/3402/3289 4002/3404/3291
f 4001/3403/3290 4002/3404/3291 4003/3405/3292
f 4006/3406/3293 4007/3407/3294 4008/3408/3295
f 4006/3406/3293 4008/3408/3295 4009/3409/3296
f 4010/3410/3297 4011/3411/3298 4012/3412/3299
f 4010/3410/3297 4012/3412/3299 4013/3413/3300
f 4014/3414/3301 4015/3415/3302 4016/3416/3303
f 4015/3415/3302 4017/3417/3304 4018/3418/3305
f 4015/3415/3302 4018/3418/3305 4016/3416/3303
f 4021/3419/3306 4022/3420/3307 4023/3421/3308
f 4021/3419/3306 4023/3421/3308 4024/3422/3309
f 4027/3423/3310 4028/3424/3311 4029/3425/3312
f 4027/3423/3310 4029/3425/3312 4030/3426/3313
f 4025/3427/3314 4026/3428/3315 4031/3429/3316
f 4030/3426/3313 4029/3425/3312 4032/3430/3317
f 4030/3426/3313 4032/3430/3317 4033/3431/3318
f 4038/3432/3319 4039/3433/3320 4040/3434/3321
f 4038/3432/3319 4040/3434/3321 4041/3435/3322
f 4042/3436/3323 4043/3437/3324 4044/3438/3325
f 4044/3438/3325 4043/3437/3324 4045/3439/3326
f 4044/3438/3325 4045/3439/3326 4046/3440/3327
f 4041/3435/3322 4040/3434/3321 4047/3441/3328
f 4041/3435/3322 4047/3441/3328 4048/3442/3329
f 4046/3440/3327 4045/3439/3326 4049/3443/3330
f 4046/3440/3327 4049/3443/3330 4050/3444/3331
f 4048/3442/3329 4047/3441/3328 4051/3445/3332
f 4048/3442/3329 4051/3445/3332 4052/3446/3333
f 4050/3444/3331 4049/3443/3330 4028/3424/3311
f 4050/3444/3331 4028/3424/3311 4027/3423/3310
f 4038/3432/3319 4053/3447/3334 4039/3433/3320
f 4056/3448/3335 4057/3449/3336 4058/3450/3337
f 4056/3448/3335 4058/3450/3337 4059/3451/3338
f 4055/3452/3339 4060/3453/3340 4061/3454/3341
f 4062/3455/3342 4063/3456/3343 4064/3457/3344
f 4062/3455/3342 4064/3457/3344 4065/3458/3345
f 4032/3430/3317 4066/3459/3346 4033/3431/3318
f 4067/3460/3347 4068/3461/3348 4069/3462/3349
f 4067/3460/3347 4069/3462/3349 4070/3463/3350
f 4071/3464/3351 4072/3465/3352 4073/3466/3353
f 4071/3464/3351 4073/3466/3353 4074/3467/3354
f 4037/3468/3355 4075/3469/3356 4076/3470/3357
f 4072/3465/3352 4081/3471/3358 4073/3466/3353
f 4077/3472/3359 4082/3473/3360 4083/3474/3361
f 4077/3472/3359 4083/3474/3361 4078/3475/3362
f 4084/3476/3363 4085/3477/3364 4080/3478/3365
f 4084/3476/3363 4080/3478/3365 4079/3479/3366
f 4086/3480/3367 4087/3481/3368 4088/3482/3369
f 4086/3480/3367 4088/3482/3369 4089/3483/3370
f 4090/3484/3371 4091/3485/3372 4092/3486/3373
f 4090/3484/3371 4092/3486/3373 4093/3487/3374
f 4093/3487/3374 4092/3486/3373 4094/3488/3375
f 4095/3489/3376 4096/3490/3377 4097/3491/3378
f 4095/3489/3376 4097/3491/3378 4098/3492/3379
f 4099/3493/3380 4100/3494/3381 4101/3495/3382
f 4099/3493/3380 4101/3495/3382 4102/3496/3383
f 4103/3497/3384 4105/3498/3385 4106/3499/3386
f 4103/3497/3384 4106/3499/3386 4104/3500/3387
f 4105/3498/3385 4107/3501/3388 4106/3499/3386
f 4108/3502/3389 4110/3503/3390 4111/3504/3391
f 4108/3502/3389 4111/3504/3391 4109/3505/3392
f 4112/3506/3393 4113/3507/3394 4114/3508/3395
f 4112/3506/3393 4114/3508/3395 4115/3509/3396
f 4116/3510/3397 4117/3511/3398 4118/3512/3399
f 4116/3510/3397 4118/3512/3399 4119/3513/3400
f 4115/3509/3396 4114/3508/3395 4120/3514/3401
f 4115/3509/3396 4120/3514/3401 4121/3515/3402
f 4119/3513/3400 4118/3512/3399 4122/3516/3403
f 4121/3515/3402 4120/3514/3401 4123/3517/3404
f 4123/3517/3404 4120/3514/3401 4126/3518/3405
f 4123/3517/3404 4126/3518/3405 4127/3519/3406
f 4128/3520/3407 4129/3521/3408 4130/3522/3409
f 4128/3520/3407 4130/3522/3409 4131/3523/3410
f 4131/3523/3410 4130/3522/3409 4134/3524/3411
f 4131/3523/3410 4134/3524/3411 4135/3525/3412
f 4136/3526/3413 4137/3527/3414 4138/3528/3415
f 4135/3525/3412 4134/3524/3411 4139/3529/3416
f 4135/3525/3412 4139/3529/3416 4140/3530/3417
f 4138/3528/3415 4137/3527/3414 4113/3507/3394
f 4138/3528/3415 4113/3507/3394 4112/3506/3393
f 4140/3530/3417 4139/3529/3416 4117/3511/3398
f 4140/3530/3417 4117/3511/3398 4116/3510/3397
f 4141/3531/3418 4142/3532/3419 4143/3533/3348
f 4141/3531/3418 4143/3533/3348 4144/3534/3420
f 4145/3535/3421 4146/3536/3422 4147/3537/3338
f 4145/3535/3421 4147/3537/3338 4148/3538/3423
f 4149/3539/3424 4150/3540/3425 4151/3541/3426
f 4149/3539/3424 4151/3541/3426 4152/3542/3427
f 3913/3543/3428 3914/3544/3429 4153/3545/3430
f 3913/3543/3428 4153/3545/3430 4154/3546/3431
f 3910/3317/3208 3909/3316/3207 4155/3547/3432
f 3888/3296/3433 3861/3277/3167 3862/3279/3169
f 3854/3268/3158 3853/3267/3157 3856/3548/3434
f 3854/3268/3158 3856/3548/3434 3855/3549/3435
f 3839/3255/3145 3840/3550/3436 3841/3551/3437
f 3839/3255/3145 3841/3551/3437 3838/3254/3144
f 4052/3446/3333 4051/3445/3332 4026/3428/3315
f 4052/3446/3333 4026/3428/3315 4025/3427/3314
f 4017/3417/3304 4019/3552/3438 4020/3553/3439
f 4017/3417/3304 4020/3553/3439 4018/3418/3305
f 4003/3405/3292 4002/3404/3291 4005/3554/3440
f 4003/3405/3292 4005/3554/3440 4004/3555/3441
f 4177/3556/3442 4171/3557/3443 4199/3558/3443
f 4172/3559/3444 4200/3560/3445 4173/3561/3446
f 4266/3562/3447 4269/3563/3448 4336/3564/3447
f 4166/3565/3449 4224/3566/3450 4248/3567/3451
f 4275/3568/3452 4219/3569/3453 4228/3570/3454
f 4233/3571/3455 4232/3572/3456 4226/3573/3457
f 4232/3572/3456 4222/3574/3458 4221/3575/3459
f 4251/3576/3460 4275/3568/3452 4227/3577/3461
f 4312/3578/3462 4305/3579/3463 4301/3580/3464
f 4313/3581/3465 4312/3578/3462 4301/3580/3464
f 4313/3581/3465 4301/3580/3464 4302/3582/3466
f 4314/3583/3467 4313/3581/3465 4302/3582/3466
f 4314/3583/3467 4302/3582/3466 4303/3584/3468
f 4315/3585/3469 4314/3583/3467 4303/3584/3468
f 4315/3585/3469 4303/3584/3468 4304/3586/3470
f 4315/3585/3469 4304/3586/3470 4305/3579/3463
f 4312/3578/3462 4315/3585/3469 4305/3579/3463
f 4316/3587/3471 4307/3588/3472 4306/3589/3473
f 4316/3587/3471 4317/3590/3474 4307/3588/3472
f 4317/3590/3474 4308/3591/3472 4307/3588/3472
f 4317/3590/3474 4318/3592/3475 4309/3593/3476
f 4317/3590/3474 4309/3593/3476 4308/3591/3472
f 4318/3592/3475 4310/3594/3477 4309/3593/3476
f 4318/3592/3475 4319/3595/3478 4311/3596/3479
f 4318/3592/3475 4311/3596/3479 4310/3594/3477
f 4319/3595/3478 4316/3587/3471 4306/3589/3473
f 4319/3595/3478 4306/3589/3473 4311/3596/3479
f 4166/3565/3449 4167/3597/3480 4168/3598/3481
f 4169/3599/3482 4170/3600/3483 4191/3601/3484
f 4182/3602/3485 4183/3603/3486 4184/3604/3487
f 4189/3605/3488 4187/3606/3489 4188/3607/3490
f 4190/3608/3491 4185/3609/3492 4186/3610/3493
f 4194/3611/3494 4195/3612/3495 4196/3613/3496
f 4197/3614/3497 4181/3615/3498 4276/3616/3499
f 4195/3612/3495 4197/3614/3497 4276/3616/3499
f 4194/3611/3494 4196/3613/3496 4181/3615/3500
f 4164/3617/3501 4199/3618/3501 4198/3619/3502
f 4200/3560/3445 4180/3620/3503 4201/3621/3504
f 4204/3622/3505 4205/3623/3506 4206/3624/3507
f 4204/3622/3505 4206/3624/3507 4207/3625/3508
f 4210/3626/3509 4215/3627/3510 4211/3628/3511
f 4208/3629/3512 4216/3630/3513 4217/3631/3514
f 4208/3629/3512 4217/3631/3514 4209/3632/3515
f 4210/3626/3509 4214/3633/3516 4215/3627/3510
f 4212/3634/3517 4202/3635/3518 4203/3636/3519
f 4212/3634/3517 4203/3636/3519 4213/3637/3520
f 4172/3559/3444 4173/3561/3446 4174/3638/3521
f 4200/3560/3445 4201/3621/3504 4173/3561/3446
f 4221/3575/3459 4222/3574/3458 4223/3639/3522
f 4167/3597/3480 4225/3640/3523 4168/3598/3481
f 4227/3577/3461 4275/3568/3452 4228/3570/3454
f 4167/3597/3480 4229/3641/3524 4225/3640/3523
f 4229/3641/3524 4230/3642/3525 4225/3640/3523
f 4219/3569/3453 4220/3643/3526 4231/3644/3527
f 4233/3571/3455 4226/3573/3457 4234/3645/3528
f 4229/3641/3524 4235/3646/3529 4230/3642/3525
f 4229/3641/3524 4252/3647/3530 4235/3646/3529
f 4244/3648/3531 4238/3649/3532 4239/3650/3533
f 4244/3648/3531 4239/3650/3533 4245/3651/3534
f 4240/3652/3535 4242/3653/3536 4243/3654/3537
f 4240/3652/3535 4243/3654/3537 4241/3655/3538
f 4248/3567/3451 4224/3566/3450 4249/3656/3539
f 4166/3565/3449 4168/3598/3481 4224/3566/3450
f 4226/3573/3457 4232/3572/3456 4221/3575/3459
f 4248/3567/3451 4249/3656/3539 4250/3657/3540
f 4222/3574/3458 4251/3576/3460 4223/3639/3522
f 4219/3569/3453 4233/3571/3455 4234/3645/3528
f 4219/3569/3453 4234/3645/3528 4220/3643/3526
f 4252/3647/3530 4248/3567/3451 4250/3657/3540
f 4228/3570/3454 4219/3569/3453 4231/3644/3527
f 4252/3647/3530 4250/3657/3540 4253/3658/3541
f 4251/3576/3460 4227/3577/3461 4223/3639/3522
f 4252/3647/3530 4253/3658/3541 4235/3646/3529
f 4261/3659/3542 4161/3660/3543 4162/3661/3544
f 4157/3662/3545 4158/3663/3546 4256/3664/3547
f 4263/3665/3548 4165/3666/3549 4156/3667/3550
f 4263/3665/3548 4156/3667/3550 4254/3668/3551
f 4255/3669/3552 4157/3662/3545 4256/3664/3547
f 4256/3664/3547 4158/3663/3546 4257/3670/3553
f 4258/3671/3554 4159/3672/3555 4259/3673/3556
f 4258/3671/3554 4259/3673/3556 4260/3674/3557
f 4259/3673/3556 4160/3675/3558 4260/3674/3557
f 4261/3659/3542 4162/3661/3544 4262/3676/3559
f 4267/3677/3560 4270/3678/3561 4268/3679/3562
f 4267/3677/3560 4264/3680/3563 4270/3678/3561
f 4276/3616/3499 4196/3613/3496 4195/3612/3495
f 4287/3681/3564 4288/3682/3565 4291/3683/3566
f 4292/3684/3567 4287/3681/3564 4291/3683/3566
f 4293/3685/3568 4289/3686/3569 4290/3687/3570
f 4293/3685/3568 4290/3687/3570 4294/3688/3571
f 4285/3689/3572 4295/3690/3573 4296/3691/3574
f 4299/3692/3575 4297/3693/3576 4300/3694/3577
f 4297/3693/3576 4298/3695/3578 4300/3694/3577
f 4285/3689/3572 4296/3691/3574 4286/3696/3579
f 4326/3697/3580 4328/3698/3581 4329/3699/3582
f 4327/3700/3583 4330/3701/3584 4331/3702/3585
f 4264/3680/3563 4332/3703/3586 4270/3678/3561
f 4337/3704/3587 4218/3705/3588 4265/3706/3589
f 4218/3705/3588 4337/3704/3587 4330/3701/3584
f 4264/3680/3563 4338/3707/3590 4328/3698/3581
f 4268/3708/3591 4332/3703/3586 4326/3697/3580
f 4333/3709/3592 4271/3710/3593 4327/3700/3583
f 4332/3703/3586 4264/3680/3563 4326/3697/3580
f 4271/3710/3593 4218/3705/3588 4327/3700/3583
f 4218/3705/3588 4330/3701/3584 4327/3700/3583
f 4264/3680/3563 4328/3698/3581 4326/3697/3580
f 4341/3711/3594 4342/3712/3595 4343/3713/3596
f 4398/3714/3597 4399/3715/3597 4400/3716/3597
f 4399/3715/3597 4401/3717/3597 4400/3716/3597
f 4399/3715/3597 4402/3718/3597 4401/3717/3597
f 4399/3715/3597 4403/3719/3597 4402/3718/3597
f 4403/3719/3597 4404/3720/3597 4402/3718/3597
f 4403/3719/3597 4405/3721/3597 4404/3720/3597
f 4405/3721/3597 4406/3722/3597 4404/3720/3597
f 4407/3723/3597 4408/3724/3597 4409/3725/3597
f 4407/3723/3597 4410/3726/3597 4408/3724/3597
f 4407/3723/3597 4398/3714/3597 4410/3726/3597
f 4398/3714/3597 4400/3716/3597 4410/3726/3597
f 4407/3723/3597 4409/3725/3597 4431/3727/3597
f 4407/3723/3597 4431/3727/3597 4405/3721/3597
f 4406/3722/3597 4405/3721/3597 4431/3727/3597
f 4434/3728/3598 4435/3729/3599 4433/3730/3597
f 4433/3730/3597 4435/3729/3599 4436/3731/3600
f 4433/3730/3597 4436/3731/3600 4437/3732/3601
f 4363/3733/3602 4344/3734/3603 4345/3735/3604
f 4348/3736/3605 4346/3737/3606 4347/3738/3607
f 4348/3736/3605 4347/3738/3607 4349/3739/3608
f 4348/3736/3605 4349/3739/3608 4350/3740/3609
f 4348/3736/3605 4351/3741/3610 4352/3742/3611
f 4353/3743/3612 4348/3736/3605 4352/3742/3611
f 4354/3744/3613 4355/3745/3614 4356/3746/3615
f 4357/3747/3616 4354/3744/3613 4379/3748/3617
f 4362/3749/3618 4344/3734/3603 4363/3733/3602
f 4364/3750/3619 4362/3749/3618 4363/3733/3602
f 4368/3751/3620 4369/3752/3621 4370/3753/3622
f 4368/3751/3620 4370/3753/3622 4371/3754/3623
f 4372/3755/3624 4373/3756/3625 4374/3757/3626
f 4344/3734/3603 4375/3758/3627 4365/3759/3628
f 4369/3752/3621 4376/3760/3629 4377/3761/3630
f 4369/3752/3621 4377/3761/3630 4370/3753/3622
f 4360/3762/3631 4361/3763/3632 4373/3756/3625
f 4378/3764/3633 4372/3755/3624 4374/3757/3626
f 4344/3734/3603 4365/3759/3628 4345/3735/3604
f 4372/3755/3624 4360/3762/3631 4373/3756/3625
f 4379/3748/3617 4354/3744/3613 4367/3765/3634
f 4379/3748/3617 4367/3765/3634 4380/3766/3635
f 4345/3735/3604 4365/3759/3628 4366/3767/3636
f 4373/3756/3625 4382/3768/3637 4383/3769/3638
f 4345/3735/3604 4384/3770/3639 4385/3771/3640
f 4345/3735/3604 4366/3767/3636 4384/3770/3639
f 4374/3757/3626 4373/3756/3625 4383/3769/3638
f 4367/3765/3634 4386/3772/3641 4387/3773/3642
f 4371/3754/3623 4370/3753/3622 4381/3774/3643
f 4380/3766/3635 4367/3765/3634 4387/3773/3642
f 4371/3754/3623 4381/3774/3643 4388/3775/3644
f 4381/3774/3643 4370/3753/3622 4389/3776/3645
f 4373/3756/3625 4390/3777/3646 4391/3778/3647
f 4373/3756/3625 4391/3778/3647 4382/3768/3637
f 4370/3753/3622 4377/3761/3630 4392/3779/3648
f 4374/3757/3626 4383/3769/3638 4432/3780/3649
f 4389/3776/3645 4370/3753/3622 4395/3781/3650
f 4383/3769/3638 4382/3768/3637 4396/3782/3651
f 4383/3769/3638 4396/3782/3651 4397/3783/3652
f 4363/3733/3602 4345/3735/3604 4413/3784/3653
f 4414/3785/3654 4369/3752/3621 4368/3751/3620
f 4414/3785/3654 4368/3751/3620 4415/3786/3655
f 4415/3786/3655 4368/3751/3620 4416/3787/3656
f 4417/3788/3657 4360/3762/3631 4418/3789/3658
f 4418/3789/3658 4360/3762/3631 4372/3755/3624
f 4356/3746/3615 4367/3765/3634 4354/3744/3613
f 4419/3790/3659 4348/3736/3605 4353/3743/3612
f 4346/3737/3606 4419/3790/3659 4359/3791/3660
f 4346/3737/3606 4359/3791/3660 4358/3792/3661
f 4346/3737/3606 4424/3793/3662 4347/3738/3607
f 4419/3790/3659 4346/3737/3606 4348/3736/3605
f 4438/3794/3663 4439/3795/3664 4440/3796/3665
f 4438/3794/3663 4440/3796/3665 4441/3797/3666
f 4442/3798/3667 4443/3799/3668 4444/3800/3669
f 4443/3799/3668 4445/3801/3670 4444/3800/3669
f 4446/3802/3671 4447/3803/3672 4448/3804/3673
f 4446/3802/3671 4448/3804/3673 4449/3805/3674
f 4450/3806/3675 4451/3807/3676 4452/3808/3677
f 4451/3807/3676 4453/3809/3678 4452/3808/3677
f 4456/3810/3679 4457/3811/3680 4458/3812/3681
f 4456/3810/3679 4458/3812/3681 4459/3813/3682
f 4468/3814/3683 4469/3815/3684 4470/3816/3685
f 4468/3814/3683 4470/3816/3685 4471/3817/3686
f 4476/3818/3687 4477/3819/3688 4478/3820/3689
f 4476/3818/3687 4478/3820/3689 4479/3821/3690
f 4482/3822/3691 4483/3823/3692 4484/3824/3693
f 4482/3822/3691 4484/3824/3693 4485/3825/3694
f 4487/3826/3695 4488/3827/3696 4489/3828/3697
f 4490/3829/3698 4491/3830/3699 4492/3831/3700
f 4490/3829/3698 4492/3831/3700 4493/3832/3701
f 4495/3833/3702 4496/3834/3703 4497/3835/3704
f 4495/3833/3702 4497/3835/3704 4498/3836/3705
f 4494/3837/3706 4499/3838/3707 4500/3839/3708
f 4499/3838/3707 4503/3840/3709 4504/3841/3710
f 4499/3838/3707 4504/3841/3710 4500/3839/3708
f 4505/3842/3711 4506/3843/3712 4507/3844/3713
f 4505/3842/3711 4507/3844/3713 4508/3845/3714
f 4503/3840/3709 4509/3846/3715 4510/3847/3716
f 4503/3840/3709 4510/3847/3716 4504/3841/3710
f 4480/3848/3717 4511/3849/3718 4512/3850/3719
f 4480/3848/3717 4512/3850/3719 4481/3851/3720
f 4791/3852/3721 4513/3853/3722 4514/3854/3723
f 4791/3852/3721 4514/3854/3723 4515/3855/3724
f 4516/3856/3725 4517/3857/3726 4518/3858/3727
f 4516/3856/3725 4518/3858/3727 4519/3859/3728
f 4511/3849/3718 4520/3860/3729 4521/3861/3730
f 4511/3849/3718 4521/3861/3730 4512/3850/3719
f 4522/3862/3731 4523/3863/3732 4524/3864/3733
f 4522/3862/3731 4524/3864/3733 4525/3865/3734
f 4520/3860/3729 4528/3866/3735 4521/3861/3730
f 4530/3867/3736 4531/3868/3737 4496/3834/3703
f 4530/3867/3736 4496/3834/3703 4495/3833/3702
f 4520/3860/3729 4532/3869/3738 4533/3870/3739
f 4520/3860/3729 4533/3870/3739 4528/3866/3735
f 4532/3869/3738 4538/3871/3740 4539/3872/3741
f 4532/3869/3738 4539/3872/3741 4533/3870/3739
f 4538/3871/3740 4541/3873/3742 4539/3872/3741
f 4542/3874/3743 4543/3875/3744 4544/3876/3745
f 4542/3874/3743 4544/3876/3745 4545/3877/3746
f 4457/3811/3680 4487/3826/3695 4489/3828/3697
f 4457/3811/3680 4489/3828/3697 4458/3812/3681
f 4538/3871/3740 4480/3848/3717 4481/3851/3720
f 4538/3871/3740 4481/3851/3720 4541/3873/3742
f 4485/3825/3694 4484/3824/3693 4550/3878/3747
f 4485/3825/3694 4550/3878/3747 4551/3879/3748
f 4529/3880/3749 4486/3881/3750 4541/3873/3742
f 4529/3880/3749 4541/3873/3742 4481/3851/3720
f 4552/3882/3751 4553/3883/3752 4554/3884/3753
f 4465/3885/3754 4464/3886/3755 4533/3870/3739
f 4465/3885/3754 4533/3870/3739 4539/3872/3741
f 4555/3887/3756 4556/3888/3757 4557/3889/3758
f 4555/3887/3756 4557/3889/3758 4558/3890/3759
f 4559/3891/3760 4560/3892/3761 4521/3861/3730
f 4559/3891/3760 4521/3861/3730 4528/3866/3735
f 4563/3893/3762 4481/3851/3720 4512/3850/3719
f 4564/3894/3763 4565/3895/3764 4566/3896/3765
f 4567/3897/3766 4568/3898/3767 4569/3899/3768
f 4570/3900/3769 4571/3901/3770 4572/3902/3771
f 4575/3903/3772 4576/3904/3773 4577/3905/3774
f 4578/3906/3775 4579/3907/3776 4580/3908/3777
f 4581/3909/3778 4575/3903/3772 4577/3905/3774
f 4582/3910/3779 4583/3911/3780 4584/3912/3781
f 4509/3846/3715 4456/3810/3679 4459/3813/3682
f 4509/3846/3715 4459/3813/3682 4510/3847/3716
f 4589/3913/3782 4590/3914/3783 4591/3915/3784
f 4602/3916/3785 4596/3917/3786 4597/3918/3787
f 4605/3919/3788 4606/3920/3789 4607/3921/3790
f 4614/3922/3791 4605/3919/3788 4607/3921/3790
f 4617/3923/3792 4618/3924/3793 4591/3915/3784
f 4590/3914/3783 4617/3923/3792 4591/3915/3784
f 4493/3832/3701 4492/3831/3700 4621/3925/3794
f 4624/3926/3795 4625/3927/3796 4626/3928/3797
f 4508/3845/3714 4507/3844/3713 4629/3929/3798
f 4632/3930/3799 4633/3931/3800 4634/3932/3801
f 4632/3930/3799 4634/3932/3801 4635/3933/3802
f 4646/3934/3803 4647/3935/3804 4648/3936/3805
f 4646/3934/3803 4648/3936/3805 4649/3937/3806
f 4471/3817/3686 4470/3816/3685 4655/3938/3807
f 4660/3939/3808 4661/3940/3809 4662/3941/3810
f 4660/3939/3808 4662/3941/3810 4663/3942/3811
f 4666/3943/3812 4667/3944/3813 4668/3945/3814
f 4666/3943/3812 4668/3945/3814 4669/3946/3815
f 4663/3942/3811 4662/3941/3810 4670/3947/3816
f 4663/3942/3811 4670/3947/3816 4671/3948/3817
f 4626/3928/3797 4625/3927/3796 4672/3949/3818
f 4493/3832/3701 4621/3925/3794 4673/3950/3819
f 4493/3832/3701 4673/3950/3819 4674/3951/3820
f 4675/3952/3821 4676/3953/3822 4477/3819/3688
f 4675/3952/3821 4477/3819/3688 4476/3818/3687
f 4677/3954/3823 4678/3955/3824 4633/3931/3800
f 4677/3954/3823 4633/3931/3800 4632/3930/3799
f 4681/3956/3825 4682/3957/3826 4483/3823/3692
f 4681/3956/3825 4483/3823/3692 4482/3822/3691
f 4683/3958/3827 4684/3959/3828 4685/3960/3829
f 4683/3958/3827 4685/3960/3829 4686/3961/3830
f 4687/3962/3831 4688/3963/3832 4531/3868/3737
f 4687/3962/3831 4531/3868/3737 4530/3867/3736
f 4690/3964/3833 4691/3965/3834 4667/3944/3813
f 4690/3964/3833 4667/3944/3813 4666/3943/3812
f 4525/3865/3734 4524/3864/3733 4692/3966/3835
f 4525/3865/3734 4692/3966/3835 4693/3967/3836
f 4686/3961/3830 4685/3960/3829 4680/3968/3837
f 4686/3961/3830 4680/3968/3837 4679/3969/3838
f 4712/3970/3839 4713/3971/3840 4714/3972/3841
f 4715/3973/3842 4716/3974/3843 4717/3975/3844
f 4718/3976/3845 4582/3910/3779 4584/3912/3781
f 4579/3907/3776 4719/3977/3846 4580/3908/3777
f 4720/3978/3847 4715/3973/3842 4717/3975/3844
f 4721/3979/3848 4722/3980/3849 4723/3981/3850
f 4724/3982/3851 4725/3983/3852 4726/3984/3853
f 4724/3982/3851 4726/3984/3853 4727/3985/3854
f 4728/3986/3855 4729/3987/3856 4730/3988/3857
f 4728/3986/3855 4730/3988/3857 4731/3989/3858
f 4729/3987/3856 4732/3990/3859 4733/3991/3860
f 4729/3987/3856 4733/3991/3860 4730/3988/3857
f 4732/3990/3859 4734/3992/3861 4735/3993/3862
f 4732/3990/3859 4735/3993/3862 4733/3991/3860
f 4734/3992/3861 4736/3994/3863 4737/3995/3864
f 4734/3992/3861 4737/3995/3864 4735/3993/3862
f 4736/3994/3863 4738/3996/3865 4739/3997/3866
f 4736/3994/3863 4739/3997/3866 4737/3995/3864
f 4725/3983/3852 4728/3986/3855 4731/3989/3858
f 4725/3983/3852 4731/3989/3858 4726/3984/3853
f 4738/3996/3865 4724/3982/3851 4727/3985/3854
f 4738/3996/3865 4727/3985/3854 4739/3997/3866
f 4571/3901/3770 4763/3998/3867 4572/3902/3771
f 4764/3999/3868 4564/3894/3763 4566/3896/3765
f 4765/4000/3869 4766/4001/3870 4767/4002/3871
f 4770/4003/3872 4567/3897/3766 4569/3899/3768
f 4771/4004/3873 4742/4005/3874 4723/3981/3850
f 4772/4006/3875 4773/4007/3876 4774/4008/3877
f 4713/3971/3840 4775/4009/3878 4714/3972/3841
f 4776/4010/3879 4765/4000/3869 4767/4002/3871
f 4742/4005/3874 4721/3979/3848 4723/3981/3850
f 4773/4007/3876 4779/4011/3880 4774/4008/3877
f 4780/4012/3881 4781/4013/3882 4782/4014/3883
f 4781/4013/3882 4785/4015/3884 4782/4014/3883
f 4655/3938/3807 4470/3816/3685 4786/4016/3885
f 4791/3852/3721 4792/4017/3886 4513/3853/3722
f 4864/4018/3887 4863/4019/3887 4862/4020/3887
f 4864/4018/3887 4862/4020/3887 4865/4021/3887
f 4865/4021/3887 4862/4020/3887 4861/4022/3887
f 4865/4021/3887 4861/4022/3887 4857/4023/3887
f 4857/4023/3887 4861/4022/3887 4860/4024/3887
f 4857/4023/3887 4860/4024/3887 4858/4025/3887
f 4858/4025/3887 4860/4024/3887 4859/4026/3887
f 4801/4027/3888 4800/4028/3889 4802/4029/3890
f 4879/4030/3891 4810/4031/3892 4880/4032/3893
f 4877/4033/3894 4807/4034/3895 4808/4035/3896
f 4877/4033/3894 4808/4035/3896 4878/4036/3897
f 4876/4037/3898 4806/4038/3899 4807/4034/3895
f 4876/4037/3898 4807/4034/3895 4877/4033/3894
f 4874/4039/3900 4804/4040/3901 4805/4041/3902
f 4874/4039/3900 4805/4041/3902 4875/4042/3903
f 4873/4043/3904 4804/4040/3901 4874/4039/3900
f 4872/4044/3905 4869/4045/3906 4881/4046/3907
f 4868/4047/3908 4800/4028/3889 4869/4045/3906
f 4868/4047/3908 4869/4045/3906 4872/4044/3905
f 4867/4048/3909 4800/4028/3889 4868/4047/3908
f 4866/4049/3910 4797/4050/3911 4798/4051/3912
f 4845/4052/3913 4811/4053/3914 4812/4054/3915
f 4846/4055/3916 4843/4056/3917 4844/4057/3918
f 4845/4052/3913 4812/4054/3915 4847/4058/3919
f 4846/4055/3916 4844/4057/3918 4848/4059/3920
f 4853/4060/3921 4849/4061/3922 4850/4062/3923
f 4853/4060/3921 4850/4062/3923 4854/4063/3924
f 4855/4064/3925 4851/4065/3926 4856/4066/3927
f 4851/4065/3926 4852/4067/3928 4856/4066/3927
f 4799/4068/3929 4800/4028/3889 4867/4048/3909
f 4813/4069/3930 4866/4049/3910 4814/4070/3931
f 4815/4071/3932 4867/4048/3909 4816/4072/3933
f 4816/4072/3933 4867/4048/3909 4868/4047/3908
f 4816/4072/3933 4868/4047/3908 4817/4073/3934
f 4800/4028/3889 4801/4027/3888 4869/4045/3906
f 4870/4074/3935 4871/4075/3936 4803/4076/3937
f 4870/4074/3935 4803/4076/3937 4873/4043/3904
f 4817/4073/3934 4868/4047/3908 4872/4044/3905
f 4873/4043/3904 4803/4076/3937 4804/4040/3901
f 4817/4073/3934 4872/4044/3905 4818/4077/3938
f 4872/4044/3905 4881/4046/3907 4818/4077/3938
f 4819/4078/3939 4873/4043/3904 4874/4039/3900
f 4819/4078/3939 4874/4039/3900 4820/4079/3940
f 4820/4079/3940 4874/4039/3900 4875/4042/3903
f 4820/4079/3940 4875/4042/3903 4821/4080/3941
f 4822/4081/3942 4876/4037/3898 4877/4033/3894
f 4822/4081/3942 4877/4033/3894 4823/4082/3943
f 4809/4083/3944 4810/4031/3892 4879/4030/3891
f 4823/4082/3943 4877/4033/3894 4878/4036/3897
f 4823/4082/3943 4878/4036/3897 4824/4084/3945
f 4825/4085/3946 4879/4030/3891 4826/4086/3947
f 4826/4086/3947 4879/4030/3891 4880/4032/3893
f 4826/4086/3947 4880/4032/3893 4813/4069/3930
f 4813/4069/3930 4880/4032/3893 4866/4049/3910
f 4880/4032/3893 4810/4031/3892 4797/4050/3911
f 4880/4032/3893 4797/4050/3911 4866/4049/3910
f 4890/4087/3948 4888/4088/3949 4889/4089/3950
f 4888/4088/3949 4890/4087/3948 4887/4090/3951
f 4887/4090/3951 4890/4087/3948 4882/4091/3952
f 4887/4090/3951 4882/4091/3952 4886/4092/3953
f 4886/4092/3953 4882/4091/3952 4883/4093/3954
f 4886/4092/3953 4883/4093/3954 4885/4094/3955
f 4885/4094/3955 4883/4093/3954 4884/4095/3956
f 4911/4096/3957 4909/4097/3957 4910/4098/3957
f 4957/4099/3957 4955/4100/3957 4956/4101/3957
f 5027/4102/3958 5028/4103/3958 5026/4104/3958
f 5031/4105/3959 5029/4106/3959 5030/4107/3959
f 5049/4108/3960 5050/4109/3960 5048/4110/3960
f 5053/4111/3961 5051/4112/3961 5052/4113/3961
f 5071/4114/3962 5072/4115/3963 5070/4116/3963
f 5070/4116/3963 5072/4115/3963 5073/4117/3964
f 5076/4118/3965 5077/4119/3966 5074/4120/3965
f 5076/4118/3965 5074/4120/3965 5075/4121/3967
f 5095/4122/3968 5096/4123/3969 5097/4124/3968
f 5095/4122/3968 5097/4124/3968 5094/4125/3970
f 5100/4126/3971 5098/4127/3971 5099/4128/3971
f 5118/4129/3972 5119/4130/3972 5117/4131/3972
f 5121/4132/3973 5122/4133/3973 5120/4134/3973
f 5140/4135/3974 5141/4136/3974 5139/4137/3974
f 5145/4138/3975 5142/4139/3975 5144/4140/3975
f 5144/4140/3975 5142/4139/3975 5143/4141/3975
f 5163/4142/3976 5164/4143/3976 5162/4144/3976
f 5166/4145/3977 5167/4146/3977 5165/4147/3977
f 5185/4148/3978 5186/4149/3978 5184/4150/3978
f 5189/4151/3979 5187/4152/3979 5188/4153/3979
f 5207/4154/3978 5208/4155/3978 5206/4156/3978
f 5211/4157/3979 5209/4158/3979 5210/4159/3979
f 5229/4160/3978 5230/4161/3978 5228/4162/3978
f 5233/4163/3979 5231/4164/3979 5232/4165/3979
f 5495/4166/3980 5496/4167/3981 5497/4168/3980
f 5495/4166/3980 5497/4168/3980 5494/4169/3981
f 5494/4169/3981 5497/4168/3980 5498/4170/3980
f 5494/4169/3981 5498/4170/3980 5493/4171/3981
f 5493/4171/3981 5498/4170/3980 5501/4172/3981
f 5501/4172/3981 5498/4170/3980 5499/4173/3982
f 5501/4172/3981 5499/4173/3982 5500/4174/3983
f 5508/4175/3984 5509/4176/3985 5510/4177/3986
f 5508/4175/3984 5510/4177/3986 5502/4178/3984
f 5508/4175/3984 5502/4178/3984 5507/4179/3984
f 5507/4179/3984 5502/4178/3984 5503/4180/3984
f 5507/4179/3984 5503/4180/3984 5506/4181/3984
f 5506/4181/3984 5503/4180/3984 5504/4182/3984
f 5506/4181/3984 5504/4182/3984 5505/4183/3985
f 5246/4184/3987 5244/4185/3988 5245/4186/3989
f 5248/4187/3990 5241/4188/3991 5242/4189/3992
f 5248/4187/3990 5242/4189/3992 5249/4190/3993
f 5252/4191/3994 5250/4192/3995 5251/4193/3996
f 5252/4191/3994 5251/4193/3996 5253/4194/3997
f 5256/4195/3998 5254/4196/3999 5255/4197/4000
f 5256/4195/3998 5255/4197/4000 5257/4198/4001
f 5246/4184/3987 5245/4186/3989 5247/4199/4002
f 5274/4200/4003 5295/4201/4004 5276/4202/4005
f 5279/4203/4006 5296/4204/4007 5297/4205/4008
f 5293/4206/4009 5298/4207/4010 5295/4201/4004
f 5293/4206/4009 5295/4201/4004 5274/4200/4003
f 5289/4208/4011 5304/4209/4012 5301/4210/4013
f 5289/4208/4011 5301/4210/4013 5291/4211/4014
f 5288/4212/4015 5304/4209/4012 5289/4208/4011
f 5284/4213/4016 5306/4214/4017 5305/4215/4018
f 5284/4213/4016 5305/4215/4018 5286/4216/4019
f 5283/4217/4020 5306/4214/4017 5284/4213/4016
f 5308/4218/4021 5234/4219/4022 5235/4220/4023
f 5308/4218/4021 5235/4220/4023 5309/4221/4024
f 5310/4222/4025 5236/4223/4026 5237/4224/4027
f 5310/4222/4025 5237/4224/4027 5311/4225/4028
f 5312/4226/4029 5238/4227/4030 5313/4228/4031
f 5313/4228/4031 5238/4227/4030 5239/4229/4032
f 5318/4230/4033 5240/4231/4034 5243/4232/4035
f 5307/4233/4036 5240/4231/4034 5318/4230/4033
f 5349/4234/4037 5351/4235/4038 5352/4236/4039
f 5349/4234/4037 5352/4236/4039 5350/4237/4040
f 5353/4238/4041 5355/4239/4042 5356/4240/4043
f 5353/4238/4041 5356/4240/4043 5354/4241/4044
f 5357/4242/4045 5359/4243/4046 5360/4244/4047
f 5357/4242/4045 5360/4244/4047 5358/4245/4048
f 5361/4246/4049 5363/4247/4050 5364/4248/4051
f 5361/4246/4049 5364/4248/4051 5362/4249/4052
f 5367/4250/4053 5368/4251/4054 5369/4252/4055
f 5367/4250/4053 5369/4252/4055 5370/4253/4056
f 5371/4254/4057 5372/4255/4058 5373/4256/4059
f 5371/4254/4057 5373/4256/4059 5374/4257/4060
f 5375/4258/4061 5376/4259/4062 5315/4260/4063
f 5375/4258/4061 5315/4260/4063 5314/4261/4064
f 5279/4203/4006 5297/4205/4008 5281/4262/4065
f 5278/4263/4066 5296/4204/4007 5279/4203/4006
f 5316/4264/4067 5317/4265/4068 5366/4266/4069
f 5316/4264/4067 5366/4266/4069 5365/4267/4070
f 5409/4268/4071 5410/4269/4072 5411/4270/4073
f 5409/4268/4071 5411/4270/4073 5412/4271/4074
f 5413/4272/4075 5415/4273/4076 5416/4274/4077
f 5413/4272/4075 5416/4274/4077 5414/4275/4078
f 5417/4276/4079 5419/4277/4080 5420/4278/4081
f 5417/4276/4079 5420/4278/4081 5418/4279/4082
f 5421/4280/4083 5407/4281/4084 5408/4282/4085
f 5421/4280/4083 5408/4282/4085 5422/4283/4086
f 5423/4284/4087 5424/4285/4088 5425/4286/4089
f 5423/4284/4087 5425/4286/4089 5447/4287/4090
f 5426/4288/4091 5428/4289/4092 5427/4290/4093
f 5426/4288/4091 5427/4290/4093 5429/4291/4094
f 5424/4285/4088 5423/4284/4087 5431/4292/4095
f 5423/4284/4087 5430/4293/4096 5431/4292/4095
f 5432/4294/4097 5433/4295/4098 5434/4296/4099
f 5435/4297/4100 5437/4298/4101 5436/4299/4102
f 5438/4300/4103 5439/4301/4104 5440/4302/4105
f 5441/4303/4106 5442/4304/4107 5443/4305/4108
f 5435/4297/4100 5436/4299/4102 5444/4306/4109
f 5445/4307/4110 5439/4301/4104 5438/4300/4103
f 5429/4291/4094 5427/4290/4093 5446/4308/4111
f 5447/4287/4090 5449/4309/4112 5448/4310/4113
f 5446/4308/4111 5427/4290/4093 5450/4311/4114
f 5447/4287/4090 5425/4286/4089 5449/4309/4112
f 5443/4305/4108 5453/4312/4115 5452/4313/4116
f 5443/4305/4108 5442/4304/4107 5453/4312/4115
f 5438/4300/4103 5440/4302/4105 5454/4314/4117
f 5454/4314/4117 5455/4315/4118 5456/4316/4119
f 5458/4317/4120 5457/4318/4121 5471/4319/4122
f 5454/4314/4117 5440/4302/4105 5455/4315/4118
f 5450/4311/4114 5427/4290/4093 5459/4320/4123
f 5450/4311/4114 5459/4320/4123 5460/4321/4124
f 5427/4290/4093 5451/4322/4125 5459/4320/4123
f 5448/4310/4113 5449/4309/4112 5461/4323/4126
f 5462/4324/4127 5461/4323/4126 5463/4325/4128
f 5462/4324/4127 5463/4325/4128 5464/4326/4129
f 5448/4310/4113 5461/4323/4126 5462/4324/4127
f 5452/4313/4116 5453/4312/4115 5466/4327/4130
f 5467/4328/4131 5468/4329/4132 5469/4330/4133
f 5469/4330/4133 5468/4329/4132 5472/4331/4134
f 5469/4330/4133 5472/4331/4134 5473/4332/4135
f 5458/4317/4120 5471/4319/4122 5470/4333/4136
f 5459/4320/4123 5465/4334/4137 5474/4335/4138
f 5460/4321/4124 5459/4320/4123 5474/4335/4138
f 5460/4321/4124 5474/4335/4138 5475/4336/4139
f 5477/4337/4140 5476/4338/4141 5275/4339/4142
f 5477/4337/4140 5275/4339/4142 5277/4340/4143
f 5478/4341/4144 5477/4337/4140 5277/4340/4143
f 5478/4341/4144 5277/4340/4143 5280/4342/4145
f 5479/4343/4146 5478/4341/4144 5280/4342/4145
f 5480/4344/4147 5479/4343/4146 5280/4342/4145
f 5480/4344/4147 5280/4342/4145 5282/4345/4148
f 5481/4346/4149 5480/4344/4147 5282/4345/4148
f 5481/4346/4149 5282/4345/4148 5285/4347/4149
f 5482/4348/4150 5481/4346/4149 5285/4347/4149
f 5482/4348/4150 5285/4347/4149 5287/4349/4151
f 5483/4350/4152 5482/4348/4150 5287/4349/4151
f 5483/4350/4152 5287/4349/4151 5290/4351/4153
f 5484/4352/4154 5483/4350/4152 5290/4351/4153
f 5484/4352/4154 5290/4351/4153 5292/4353/4155
f 5485/4354/4156 5484/4352/4154 5292/4353/4155
f 5476/4338/4141 5485/4354/4156 5292/4353/4155
f 5476/4338/4141 5292/4353/4155 5275/4339/4142
f 5578/4355/4157 5577/4356/4158 5576/4357/4157
f 5578/4355/4157 5576/4357/4157 5579/4358/4157
f 5579/4358/4157 5576/4357/4157 5575/4359/4157
f 5579/4358/4157 5575/4359/4157 5571/4360/4157
f 5571/4360/4157 5575/4359/4157 5572/4361/4157
f 5572/4361/4157 5575/4359/4157 5574/4362/4159
f 5572/4361/4157 5574/4362/4159 5573/4363/4160
f 5515/4364/4161 5514/4365/4162 5516/4366/4163
f 5580/4367/4164 5512/4368/4165 5526/4369/4166
f 5590/4370/4167 5521/4371/4168 5522/4372/4169
f 5590/4370/4167 5522/4372/4169 5591/4373/4170
f 5589/4374/4171 5520/4375/4172 5521/4371/4168
f 5589/4374/4171 5521/4371/4168 5590/4370/4167
f 5587/4376/4173 5518/4377/4174 5519/4378/4175
f 5587/4376/4173 5519/4378/4175 5588/4379/4176
f 5586/4380/4177 5518/4377/4174 5587/4376/4173
f 5582/4381/4178 5514/4365/4162 5585/4382/4179
f 5581/4383/4180 5514/4365/4162 5582/4381/4178
f 5593/4384/4181 5511/4385/4182 5580/4367/4164
f 5559/4386/4183 5557/4387/4184 5558/4388/4185
f 5559/4386/4183 5558/4388/4185 5560/4389/4186
f 5561/4390/4187 5524/4391/4188 5525/4392/4189
f 5561/4390/4187 5525/4392/4189 5562/4393/4190
f 5567/4394/4191 5565/4395/4192 5566/4396/4193
f 5567/4394/4191 5566/4396/4193 5568/4397/4194
f 5569/4398/4195 5563/4399/4196 5564/4400/4197
f 5569/4398/4195 5564/4400/4197 5570/4401/4198
f 5540/4402/4199 5594/4403/4200 5527/4404/4201
f 5594/4403/4200 5593/4384/4181 5580/4367/4164
f 5580/4367/4164 5511/4385/4182 5512/4368/4165
f 5513/4405/4202 5514/4365/4162 5581/4383/4180
f 5527/4404/4201 5580/4367/4164 5526/4369/4166
f 5527/4404/4201 5526/4369/4166 5528/4406/4203
f 5529/4407/4204 5581/4383/4180 5530/4408/4205
f 5530/4408/4205 5581/4383/4180 5582/4381/4178
f 5514/4365/4162 5515/4364/4161 5585/4382/4179
f 5530/4408/4205 5582/4381/4178 5531/4409/4206
f 5583/4410/4207 5584/4411/4208 5517/4412/4209
f 5583/4410/4207 5517/4412/4209 5586/4380/4177
f 5531/4409/4206 5582/4381/4178 5585/4382/4179
f 5586/4380/4177 5517/4412/4209 5518/4377/4174
f 5531/4409/4206 5585/4382/4179 5595/4413/4210
f 5531/4409/4206 5595/4413/4210 5532/4414/4211
f 5533/4415/4212 5586/4380/4177 5587/4376/4173
f 5533/4415/4212 5587/4376/4173 5534/4416/4213
f 5534/4416/4213 5587/4376/4173 5588/4379/4176
f 5534/4416/4213 5588/4379/4176 5535/4417/4214
f 5536/4418/4215 5589/4374/4171 5590/4370/4167
f 5536/4418/4215 5590/4370/4167 5537/4419/4216
f 5592/4420/4217 5523/4421/4218 5593/4384/4181
f 5537/4419/4216 5590/4370/4167 5591/4373/4170
f 5537/4419/4216 5591/4373/4170 5538/4422/4219
f 5593/4384/4181 5523/4421/4218 5511/4385/4182
f 5539/4423/4220 5592/4420/4217 5593/4384/4181
f 5539/4423/4220 5593/4384/4181 5540/4402/4199
f 5540/4402/4199 5593/4384/4181 5594/4403/4200
f 5527/4404/4201 5594/4403/4200 5580/4367/4164
f 5603/4424/4221 5604/4425/4222 5602/4426/4223
f 5602/4426/4223 5604/4425/4222 5605/4427/4224
f 5602/4426/4223 5605/4427/4224 5596/4428/4225
f 5602/4426/4223 5596/4428/4225 5601/4429/4226
f 5601/4429/4226 5596/4428/4225 5597/4430/4227
f 5601/4429/4226 5597/4430/4227 5598/4431/4228
f 5601/4429/4226 5598/4431/4228 5600/4432/4229
f 5600/4432/4229 5598/4431/4228 5599/4433/4230
f 5623/4434/4231 5624/4435/4232 5622/4436/4232
f 5622/4436/4232 5624/4435/4232 5625/4437/4233
f 5629/4438/4234 5630/4439/4235 5626/4440/4234
f 5629/4438/4234 5626/4440/4234 5628/4441/4236
f 5628/4441/4236 5626/4440/4234 5627/4442/4236
f 5649/4443/4237 5650/4444/4238 5648/4445/4239
f 5648/4445/4239 5650/4444/4238 5651/4446/4238
f 5648/4445/4239 5651/4446/4238 5647/4447/4240
f 5655/4448/4241 5656/4449/4242 5652/4450/4243
f 5655/4448/4241 5652/4450/4243 5654/4451/4243
f 5654/4451/4243 5652/4450/4243 5653/4452/4244
f 5676/4453/4245 5674/4454/4246 5675/4455/4247
f 5674/4454/4246 5676/4453/4245 5677/4456/4246
f 5674/4454/4246 5677/4456/4246 5673/4457/4248
f 5681/4458/4249 5682/4459/4250 5678/4460/4251
f 5681/4458/4249 5678/4460/4251 5680/4461/4252
f 5680/4461/4252 5678/4460/4251 5679/4462/4252
f 5702/4463/4253 5700/4464/4253 5701/4465/4254
f 5700/4464/4253 5702/4463/4253 5703/4466/4253
f 5700/4464/4253 5703/4466/4253 5699/4467/4253
f 5707/4468/4255 5704/4469/4256 5706/4470/4256
f 5706/4470/4256 5704/4469/4256 5705/4471/4257
f 5726/4472/4258 5727/4473/4259 5728/4474/4258
f 5726/4472/4258 5728/4474/4258 5725/4475/4260
f 5725/4475/4260 5728/4474/4258 5724/4476/4260
f 5732/4477/4261 5729/4478/4262 5731/4479/4262
f 5731/4479/4262 5729/4478/4262 5730/4480/4263
f 5751/4481/4264 5752/4482/4265 5753/4483/4266
f 5751/4481/4264 5753/4483/4266 5750/4484/4266
f 5750/4484/4266 5753/4483/4266 5749/4485/4267
f 5754/4486/4268 5757/4487/4268 5758/4488/4269
f 5757/4487/4268 5754/4486/4268 5756/4489/4268
f 5756/4489/4268 5754/4486/4268 5755/4490/4270
f 5786/4491/4271 5785/4492/4272 5795/4493/4273
f 5786/4491/4271 5795/4493/4273 5832/4494/4274
f 5834/4495/4275 5759/4496/4276 5803/4497/4277
f 5786/4491/4271 5811/4498/4278 5834/4495/4275
f 5810/4499/4279 5786/4491/4271 5832/4494/4274
f 5760/4500/4280 5856/4501/4281 5834/4495/4275
f 5816/4502/4282 5819/4503/4283 5760/4500/4280
f 5778/4504/4284 5816/4502/4282 5760/4500/4280
f 5778/4504/4284 5760/4500/4280 5834/4495/4275
f 5769/4505/4285 5860/4506/4286 5761/4507/4287
f 5899/4508/4288 5808/4509/4289 5763/4510/4290
f 5767/4511/4291 5769/4505/4285 5761/4507/4287
f 5767/4511/4291 5761/4507/4287 5765/4512/4292
f 5769/4505/4285 5767/4511/4291 5763/4510/4290
f 5768/4513/4293 5790/4514/4294 5762/4515/4295
f 5767/4511/4291 5854/4516/4296 5853/4517/4297
f 5763/4510/4290 5767/4511/4291 5899/4508/4288
f 5767/4511/4291 5853/4517/4297 5899/4508/4288
f 5834/4495/4275 5783/4518/4298 5786/4491/4271
f 5860/4506/4286 5885/4519/4299 5761/4507/4287
f 5761/4507/4287 5878/4520/4300 5765/4512/4292
f 5795/4493/4273 5785/4492/4272 5875/4521/4301
f 5786/4491/4271 5776/4522/4302 5811/4498/4278
f 5834/4495/4275 5839/4523/4303 5828/4524/4304
f 5834/4495/4275 5856/4501/4281 5791/4525/4305
f 5834/4495/4275 5791/4525/4305 5793/4526/4306
f 5834/4495/4275 5793/4526/4306 5798/4527/4307
f 5834/4495/4275 5798/4527/4307 5759/4496/4276
f 5834/4495/4275 5771/4528/4308 5775/4529/4309
f 5786/4491/4271 5794/4530/4310 5776/4522/4302
f 5786/4491/4271 5810/4499/4279 5830/4531/4311
f 5810/4499/4279 5813/4532/4312 5809/4533/4313
f 5834/4495/4275 5811/4498/4278 5804/4534/4314
f 5834/4495/4275 5804/4534/4314 5771/4528/4308
f 5769/4505/4285 5872/4535/4315 5827/4536/4316
f 5769/4505/4285 5861/4537/4317 5860/4506/4286
f 5769/4505/4285 5768/4513/4293 5861/4537/4317
f 5763/4510/4290 5825/4538/4318 5824/4539/4319
f 5872/4535/4315 5763/4510/4290 5764/4540/4320
f 5767/4511/4291 5896/4541/4321 5871/4542/4322
f 5767/4511/4291 5765/4512/4292 5766/4543/4323
f 5767/4511/4291 5889/4544/4324 5847/4545/4325
f 5767/4511/4291 5766/4543/4323 5844/4546/4326
f 5767/4511/4291 5806/4547/4327 5896/4541/4321
f 5899/4508/4288 5821/4548/4328 5808/4509/4289
f 5763/4510/4290 5808/4509/4289 5825/4538/4318
f 5767/4511/4291 5871/4542/4322 5854/4516/4296
f 5899/4508/4288 5893/4549/4329 5821/4548/4328
f 5767/4511/4291 5844/4546/4326 5889/4544/4324
f 5853/4517/4297 5892/4550/4330 5899/4508/4288
f 5770/4551/4331 5767/4511/4291 5847/4545/4325
f 5806/4547/4327 5767/4511/4291 5770/4551/4331
f 5841/4552/4332 5764/4540/4320 5763/4510/4290
f 5867/4553/4333 5884/4554/4334 5868/4555/4335
f 5867/4553/4333 5874/4556/4336 5762/4515/4295
f 5867/4553/4333 5762/4515/4295 5884/4554/4334
f 5842/4557/4337 5881/4558/4338 5831/4559/4339
f 5858/4560/4340 5818/4561/4341 5817/4562/4342
f 5900/4563/4343 5901/4564/4344 5902/4565/4345
f 5863/4566/4346 5903/4567/4347 5862/4568/4348
f 5859/4569/4349 5784/4570/4350 5852/4571/4351
f 5855/4572/4352 5829/4573/4353 5838/4574/4354
f 5846/4575/4355 5818/4561/4341 5858/4560/4340
f 5890/4576/4356 5782/4577/4357 5826/4578/4358
f 5890/4576/4356 5906/4579/4359 5782/4577/4357
f 5855/4572/4352 5838/4574/4354 5904/4580/4360
f 5904/4580/4360 5838/4574/4354 5774/4581/4361
f 5873/4582/4362 5837/4583/4363 5863/4566/4346
f 5837/4583/4363 5903/4567/4347 5863/4566/4346
f 5904/4580/4360 5774/4581/4361 5891/4584/4364
f 5842/4557/4337 5831/4559/4339 5840/4585/4365
f 5840/4585/4365 5831/4559/4339 5906/4579/4359
f 5858/4560/4340 5817/4562/4342 5897/4586/4366
f 5817/4562/4342 5829/4573/4353 5897/4586/4366
f 5883/4587/4367 5796/4588/4368 5900/4563/4343
f 5880/4589/4369 5852/4571/4351 5802/4590/4370
f 5886/4591/4371 5857/4592/4372 5905/4593/4373
f 5857/4592/4372 5797/4594/4374 5905/4593/4373
f 5888/4595/4375 5881/4558/4338 5842/4557/4337
f 5820/4596/4376 5777/4597/4377 5807/4598/4378
f 5820/4596/4376 5812/4599/4379 5777/4597/4377
f 5840/4585/4365 5906/4579/4359 5890/4576/4356
f 5907/4600/4380 5812/4599/4379 5820/4596/4376
f 5907/4600/4380 5801/4601/4381 5812/4599/4379
f 5898/4602/4382 5801/4601/4381 5907/4600/4380
f 5823/4603/4383 5777/4597/4377 5787/4604/4384
f 5880/4589/4369 5802/4590/4370 5879/4605/4385
f 5877/4606/4386 5799/4607/4387 5848/4608/4388
f 5814/4609/4389 5908/4610/4390 5780/4611/4391
f 5814/4609/4389 5780/4611/4391 5789/4612/4392
f 5891/4584/4364 5774/4581/4361 5773/4613/4393
f 5848/4608/4388 5799/4607/4387 5792/4614/4394
f 5848/4608/4388 5792/4614/4394 5845/4615/4395
f 5905/4593/4373 5797/4594/4374 5869/4616/4396
f 5797/4594/4374 5876/4617/4397 5869/4616/4396
f 5789/4612/4392 5780/4611/4391 5796/4588/4368
f 5897/4586/4366 5829/4573/4353 5855/4572/4352
f 5823/4603/4383 5787/4604/4384 5822/4618/4398
f 5859/4569/4349 5852/4571/4351 5880/4589/4369
f 5826/4578/4358 5833/4619/4399 5864/4620/4400
f 5826/4578/4358 5782/4577/4357 5833/4619/4399
f 5789/4612/4392 5796/4588/4368 5883/4587/4367
f 5807/4598/4378 5777/4597/4377 5823/4603/4383
f 5898/4602/4382 5772/4621/4401 5801/4601/4381
f 5810/4499/4279 5832/4494/4274 5781/4622/4402
f 5832/4494/4274 5779/4623/4403 5800/4624/4404
f 5795/4493/4273 5779/4623/4403 5832/4494/4274
f 5788/4625/4405 5800/4624/4404 5779/4623/4403
f 5786/4491/4271 5783/4518/4298 5785/4492/4272
f 5834/4495/4275 5851/4626/4406 5783/4518/4298
f 5810/4499/4279 5781/4622/4402 5813/4532/4312
f 5828/4524/4304 5778/4504/4284 5834/4495/4275
f 5819/4503/4283 5835/4627/4407 5760/4500/4280
f 5834/4495/4275 5803/4497/4277 5851/4626/4406
f 5839/4523/4303 5882/4628/4408 5828/4524/4304
f 5768/4513/4293 5865/4629/4409 5894/4630/4410
f 5768/4513/4293 5894/4630/4410 5815/4631/4411
f 5769/4505/4285 5865/4629/4409 5768/4513/4293
f 5844/4546/4326 5843/4632/4412 5887/4633/4413
f 5844/4546/4326 5887/4633/4413 5889/4544/4324
f 5765/4512/4292 5878/4520/4300 5850/4634/4414
f 5765/4512/4292 5850/4634/4414 5766/4543/4323
f 5761/4507/4287 5885/4519/4299 5878/4520/4300
f 5766/4543/4323 5850/4634/4414 5849/4635/4415
f 5766/4543/4323 5849/4635/4415 5844/4546/4326
f 5815/4631/4411 5790/4514/4294 5768/4513/4293
f 5769/4505/4285 5763/4510/4290 5872/4535/4315
f 5847/4545/4325 5889/4544/4324 5870/4636/4416
f 5900/4563/4343 5796/4588/4368 5866/4637/4417
f 5900/4563/4343 5866/4637/4417 5901/4564/4344
f 5833/4619/4399 5805/4638/4418 5895/4639/4419
f 5864/4620/4400 5833/4619/4399 5895/4639/4419
f 5768/4513/4293 5762/4515/4295 5874/4556/4336
f 5795/4493/4273 5875/4521/4301 5836/4640/4420
f 6035/4641/4421 5978/4642/4422 5975/4643/4423
f 5954/4644/4424 5945/4645/4425 5979/4646/4426
f 5954/4644/4424 5979/4646/4426 5974/4647/4427
f 6041/4648/4428 5958/4649/4429 5968/4650/4430
f 6041/4648/4428 5968/4650/4430 5977/4651/4428
f 5946/4652/4431 6063/4653/4432 6045/4654/4433
f 5945/4645/4425 5946/4652/4431 6045/4654/4433
f 5945/4645/4425 6045/4654/4433 5979/4646/4426
f 6040/4655/4434 6035/4641/4421 5975/4643/4423
f 6040/4655/4434 5975/4643/4423 5976/4656/4435
f 5966/4657/4436 5965/4658/4437 5971/4659/4438
f 5966/4657/4436 5971/4659/4438 5972/4660/4439
f 5948/4661/4440 5969/4662/4441 5970/4663/4442
f 6042/4664/4443 5966/4657/4436 5972/4660/4439
f 5958/4649/4429 5957/4665/4444 5967/4666/4445
f 5958/4649/4429 5967/4666/4445 5968/4650/4430
f 5965/4658/4437 5977/4651/4428 5971/4659/4438
f 5961/4667/4446 5952/4668/4447 5950/4669/4448
f 5961/4667/4446 5950/4669/4448 6064/4670/4449
f 5961/4667/4446 6064/4670/4449 5963/4671/4450
f 5960/4672/4451 5961/4667/4446 5963/4671/4450
f 6043/4673/4452 6044/4674/4453 5964/4675/4454
f 6044/4674/4453 5959/4676/4455 5964/4675/4454
f 5957/4665/4444 6040/4655/4434 5976/4656/4435
f 5957/4665/4444 5976/4656/4435 5967/4666/4445
f 5960/4672/4451 5963/4671/4450 5962/4677/4456
f 5948/4661/4440 6043/4673/4457 5969/4662/4441
f 5950/4669/4448 5973/4678/4458 6036/4679/4459
f 5938/4680/4460 5928/4681/4461 5931/4682/4462
f 5914/4683/4463 5943/4684/4464 5942/4685/4465
f 6034/4686/4466 5940/4687/4467 6065/4688/4468
f 5943/4684/4464 5920/4689/4469 6053/4690/4470
f 5920/4689/4469 5921/4691/4471 6053/4690/4470
f 6049/4692/4472 5939/4693/4473 6066/4694/4474
f 6049/4692/4472 6066/4694/4474 5934/4695/4475
f 5916/4696/4476 5942/4685/4465 5933/4697/4477
f 5937/4698/4478 5938/4680/4460 5931/4682/4462
f 5937/4698/4478 5931/4682/4462 5930/4699/4479
f 6052/4700/4480 6051/4701/4481 5926/4702/4482
f 6051/4701/4481 5919/4703/4483 5925/4704/4484
f 6051/4701/4481 5925/4704/4484 5926/4702/4482
f 5919/4703/4483 5918/4705/4485 5924/4706/4486
f 5919/4703/4483 5924/4706/4486 5925/4704/4484
f 6054/4707/4487 5911/4708/4488 5927/4709/4489
f 6055/4710/4490 5922/4711/4491 5923/4712/4492
f 5922/4711/4493 6054/4707/4487 5927/4709/4489
f 5921/4691/4471 5937/4698/4478 6053/4690/4470
f 6053/4690/4470 5937/4698/4478 5930/4699/4479
f 5918/4705/4485 6055/4710/4490 5923/4712/4492
f 5918/4705/4485 5923/4712/4492 5924/4706/4486
f 5911/4708/4494 5916/4696/4476 5933/4697/4477
f 6037/4713/4495 5944/4714/4496 6063/4653/4432
f 5946/4652/4431 6037/4713/4495 6063/4653/4432
f 5939/4693/4473 6048/4715/4497 6066/4694/4474
f 5916/4696/4476 5917/4716/4498 5942/4685/4465
f 5928/4681/4461 5929/4717/4499 5934/4695/4475
f 5940/4687/4467 5941/4718/4500 6065/4688/4468
f 5948/4661/4440 5970/4663/4442 5949/4719/4501
f 5950/4669/4448 5951/4720/4502 5973/4678/4458
f 5950/4669/4448 5952/4668/4447 5951/4720/4502
f 5974/4647/4427 5951/4720/4502 5954/4644/4424
f 5955/4721/4503 5956/4722/4504 5962/4677/4456
f 5978/4642/4422 6035/4641/4421 5953/4723/4505
f 5977/4651/4428 5965/4658/4437 6041/4648/4428
f 5962/4677/4456 5956/4722/4504 5960/4672/4451
f 5959/4676/4506 5956/4722/4504 5955/4721/4503
f 5973/4678/4458 5951/4720/4502 5974/4647/4427
f 5970/4663/4442 5978/4642/4422 5953/4723/4505
f 5970/4663/4442 5953/4723/4505 5949/4719/4501
f 5943/4684/4464 5914/4683/4463 5920/4689/4469
f 5934/4695/4475 5929/4717/4499 6049/4692/4472
f 5938/4680/4460 5929/4717/4499 5928/4681/4461
f 5942/4685/4465 5917/4716/4498 5914/4683/4463
f 6042/4664/4443 5972/4660/4439 6104/4724/4507
f 6034/4686/4466 5913/4725/4508 5940/4687/4467
f 5913/4725/4508 5936/4726/4509 5940/4687/4467
f 5913/4725/4508 5912/4727/4510 5935/4728/4511
f 5913/4725/4508 5935/4728/4511 5936/4726/4509
f 6052/4700/4480 5926/4702/4482 5915/4729/4512
f 5912/4727/4510 6052/4700/4480 5915/4729/4512
f 5912/4727/4510 5915/4729/4512 5935/4728/4511
f 6060/4730/4513 6061/4731/4514 6088/4732/4515
f 6028/4733/4516 6003/4734/4517 6007/4735/4518
f 6076/4736/4519 5910/4737/4520 6094/4738/4521
f 5997/4739/4522 5998/4740/4523 6032/4741/4524
f 6072/4742/4525 6074/4743/4526 6023/4744/4527
f 6072/4742/4525 6023/4744/4527 5992/4745/4528
f 6016/4746/4529 6009/4747/4530 6113/4748/4531
f 6009/4747/4530 6006/4749/4532 6113/4748/4531
f 5947/4750/4533 6018/4751/4534 6096/4752/4535
f 5947/4750/4533 6016/4746/4529 6018/4751/4534
f 6031/4753/4536 6075/4754/4537 6005/4755/4538
f 6031/4753/4536 6005/4755/4538 6020/4756/4539
f 6086/4757/4540 6038/4758/4541 6096/4752/4535
f 6086/4757/4540 6096/4752/4535 6095/4759/4542
f 6038/4758/4541 5947/4750/4533 6096/4752/4535
f 6015/4760/4543 6098/4761/4544 6025/4762/4545
f 6079/4763/4546 6004/4764/4547 5985/4765/4548
f 6009/4747/4530 6028/4733/4516 6007/4735/4518
f 6009/4747/4530 6007/4735/4518 6006/4749/4532
f 6075/4754/4537 6011/4766/4549 6005/4755/4538
f 6028/4733/4516 6029/4767/4550 6003/4734/4517
f 6070/4768/4551 6031/4753/4536 6020/4756/4539
f 6070/4768/4551 6020/4756/4539 6030/4769/4552
f 5997/4739/4522 6032/4741/4524 5999/4770/4553
f 6069/4771/4554 6070/4768/4551 6030/4769/4552
f 5994/4772/4555 5989/4773/4556 5995/4774/4557
f 6074/4743/4526 6024/4775/4558 6023/4744/4527
f 5998/4740/4523 6077/4776/4559 5993/4777/4560
f 6077/4776/4559 6081/4778/4561 5988/4779/4562
f 6077/4776/4559 5988/4779/4562 5991/4780/4563
f 6013/4781/4564 6012/4782/4565 5990/4783/4566
f 6078/4784/4567 6079/4763/4546 5985/4765/4548
f 6078/4784/4567 5985/4765/4548 5986/4785/4568
f 6079/4763/4546 6071/4786/4569 6004/4764/4547
f 6010/4787/4570 6002/4788/4571 5984/4789/4572
f 6012/4782/4565 6083/4790/4573 6008/4791/4574
f 6100/4792/4575 6114/4793/4576 6115/4794/4577
f 6143/4795/4578 6146/4796/4579 6115/4794/4577
f 6100/4792/4575 6115/4794/4577 6146/4796/4579
f 6013/4781/4564 5990/4783/4566 5982/4797/4580
f 5932/4798/4581 6013/4781/4564 5982/4797/4580
f 6084/4799/4582 6101/4800/4583 6102/4801/4584
f 6022/4802/4585 6026/4803/4586 6118/4804/4587
f 6022/4802/4585 6118/4804/4587 6091/4805/4588
f 6077/4776/4559 5991/4780/4563 5993/4777/4560
f 5941/4718/4500 6067/4806/4589 6065/4688/4468
f 6034/4686/4466 6065/4688/4468 6056/4807/4590
f 6047/4808/4591 6019/4809/4592 6089/4810/4593
f 6085/4811/4594 6084/4799/4582 6102/4801/4584
f 5939/4693/4473 6050/4812/4595 6048/4715/4497
f 6099/4813/4596 6105/4814/4597 5980/4815/4598
f 6002/4788/4571 6085/4811/4594 6109/4816/4599
f 6109/4816/4599 6085/4811/4594 6110/4817/4600
f 5909/4818/4601 5910/4737/4520 6111/4819/4602
f 5932/4798/4581 6111/4819/4602 5910/4737/4520
f 5932/4798/4581 6112/4820/4603 6111/4819/4602
f 6000/4821/4604 5997/4739/4522 5999/4770/4553
f 6075/4754/4537 6046/4822/4605 6015/4760/4543
f 6046/4822/4605 6047/4808/4591 6015/4760/4543
f 6071/4786/4569 6072/4742/4525 6017/4823/4606
f 6047/4808/4591 6089/4810/4593 6098/4761/4544
f 6047/4808/4591 6098/4761/4544 6015/4760/4543
f 6103/4824/4607 6090/4825/4608 6058/4826/4609
f 6103/4824/4607 6058/4826/4609 6057/4827/4610
f 6103/4824/4607 6057/4827/4610 6059/4828/4611
f 6108/4829/4612 6087/4830/4613 6073/4831/4614
f 6108/4829/4612 6073/4831/4614 6062/4832/4615
f 6099/4813/4596 5980/4815/4598 6102/4801/4584
f 6102/4801/4584 5980/4815/4598 6085/4811/4594
f 6108/4829/4612 6120/4833/4616 6125/4834/4617
f 6125/4834/4617 6120/4833/4616 6121/4835/4618
f 6002/4788/4571 6109/4816/4599 6124/4836/4619
f 5984/4789/4572 6002/4788/4571 6124/4836/4619
f 5984/4789/4572 5995/4774/4557 5989/4773/4556
f 5984/4789/4572 5989/4773/4556 6010/4787/4570
f 5996/4837/4620 5987/4838/4621 6082/4839/4622
f 5996/4837/4620 6082/4839/4622 5994/4772/4555
f 6017/4823/4606 6004/4764/4547 6071/4786/4569
f 5983/4840/4623 5990/4783/4566 6012/4782/4565
f 5995/4774/4557 5996/4837/4620 5994/4772/4555
f 6030/4769/4552 6080/4841/4624 6069/4771/4554
f 5999/4770/4553 6001/4842/4625 6000/4821/4604
f 6093/4843/4626 6003/4734/4517 6029/4767/4550
f 6008/4791/4574 5983/4840/4623 6012/4782/4565
f 6015/4760/4543 6011/4766/4549 6075/4754/4537
f 6014/4844/4627 6018/4751/4534 6016/4746/4529
f 6113/4748/4531 6014/4844/4627 6016/4746/4529
f 6096/4752/4535 6107/4845/4628 6095/4759/4542
f 5992/4745/4528 6017/4823/4606 6072/4742/4525
f 5909/4818/4601 6143/4795/4578 5910/4737/4520
f 6143/4795/4578 6115/4794/4577 5910/4737/4520
f 5993/4777/4560 6032/4741/4524 5998/4740/4523
f 6033/4846/4629 6106/4847/4630 6115/4794/4577
f 6115/4794/4577 6094/4738/4521 5910/4737/4520
f 6114/4793/4576 6033/4846/4629 6115/4794/4577
f 5982/4797/4580 6114/4793/4576 6130/4848/4631
f 6100/4792/4575 6130/4848/4631 6114/4793/4576
f 5932/4798/4581 5982/4797/4580 6130/4848/4631
f 5932/4798/4581 6130/4848/4631 6112/4820/4603
f 5980/4815/4598 5981/4849/4632 6092/4850/4633
f 6110/4817/4600 6085/4811/4594 6092/4850/4633
f 5980/4815/4598 6092/4850/4633 6085/4811/4594
f 6127/4851/4634 6119/4852/4635 6117/4853/4636
f 6090/4825/4608 6103/4824/4607 6119/4852/4635
f 6090/4825/4608 6119/4852/4635 6127/4851/4634
f 6087/4830/4613 6108/4829/4612 6125/4834/4617
f 6126/4854/4637 6122/4855/4638 6123/4856/4639
f 6061/4731/4514 6097/4857/4640 6088/4732/4515
f 6092/4850/4633 5981/4849/4632 6150/4858/4641
f 5984/4789/4572 6150/4858/4641 5981/4849/4632
f 5984/4789/4572 6124/4836/4619 6150/4858/4641
f 6144/4859/4642 6131/4860/4643 6145/4861/4644
f 6134/4862/4645 6133/4863/4646 6139/4864/4647
f 6134/4862/4645 6139/4864/4647 6140/4865/4648
f 6143/4795/4578 6148/4866/4649 6141/4867/4650
f 6138/4868/4651 6143/4795/4578 6141/4867/4650
f 6146/4796/4579 6143/4795/4578 6138/4868/4651
f 6149/4869/4652 6136/4870/4653 6137/4871/4654
f 6151/4872/4655 6149/4869/4652 6137/4871/4654
f 6197/4873/4656 6166/4874/4657 6196/4875/4658
f 6185/4876/4659 6179/4877/4660 6174/4878/4661
f 6214/4879/4662 6197/4873/4656 6179/4877/4660
f 6201/4880/4663 6203/4881/4664 6197/4873/4656
f 6203/4881/4664 6217/4882/4665 6197/4873/4656
f 6161/4883/4666 6201/4880/4663 6197/4873/4656
f 6197/4873/4656 6217/4882/4665 6241/4884/4667
f 6176/4885/4668 6270/4886/4669 6152/4887/4670
f 6152/4887/4670 6206/4888/4671 6154/4889/4672
f 6247/4890/4673 6282/4891/4674 6152/4887/4670
f 6208/4892/4675 6248/4893/4676 6152/4887/4670
f 6248/4893/4676 6247/4890/4673 6152/4887/4670
f 6206/4888/4671 6228/4894/4677 6251/4895/4678
f 6217/4882/4665 6181/4896/4679 6241/4884/4667
f 6176/4885/4668 6152/4887/4670 6282/4891/4674
f 6228/4894/4677 6274/4897/4680 6251/4895/4678
f 6154/4889/4672 6255/4898/4681 6152/4887/4670
f 6174/4878/4661 6179/4877/4660 6162/4899/4682
f 6179/4877/4660 6219/4900/4683 6220/4901/4684
f 6179/4877/4660 6197/4873/4656 6168/4902/4685
f 6197/4873/4656 6214/4879/4662 6166/4874/4657
f 6196/4875/4658 6170/4903/4686 6172/4904/4687
f 6197/4873/4656 6223/4905/4688 6211/4906/4689
f 6197/4873/4656 6241/4884/4667 6177/4907/4690
f 6197/4873/4656 6177/4907/4690 6182/4908/4691
f 6197/4873/4656 6211/4906/4689 6161/4883/4666
f 6197/4873/4656 6155/4909/4692 6158/4910/4693
f 6197/4873/4656 6158/4910/4693 6216/4911/4694
f 6197/4873/4656 6172/4904/4687 6159/4912/4695
f 6197/4873/4656 6196/4875/4658 6172/4904/4687
f 6196/4875/4658 6213/4913/4696 6170/4903/4686
f 6214/4879/4662 6179/4877/4660 6185/4876/4659
f 6197/4873/4656 6216/4911/4694 6223/4905/4688
f 6196/4875/4658 6166/4874/4657 6195/4914/4697
f 6197/4873/4656 6189/4915/4698 6155/4909/4692
f 6152/4887/4670 6255/4898/4681 6208/4892/4675
f 6152/4887/4670 6260/4916/4699 6246/4917/4700
f 6255/4898/4681 6154/4889/4672 6153/4918/4701
f 6206/4888/4671 6204/4919/4702 6193/4920/4703
f 6206/4888/4671 6286/4921/4704 6254/4922/4705
f 6206/4888/4671 6229/4923/4706 6228/4894/4677
f 6206/4888/4671 6191/4924/4707 6286/4921/4704
f 6206/4888/4671 6239/4925/4708 6279/4926/4709
f 6206/4888/4671 6288/4927/4710 6204/4919/4702
f 6206/4888/4671 6254/4922/4705 6239/4925/4708
f 6288/4927/4710 6280/4928/4711 6204/4919/4702
f 6288/4927/4710 6206/4888/4671 6279/4926/4709
f 6243/4929/4712 6206/4888/4671 6251/4895/4678
f 6191/4924/4707 6206/4888/4671 6243/4929/4712
f 6182/4908/4691 6186/4930/4713 6187/4931/4714
f 6182/4908/4691 6187/4931/4714 6235/4932/4715
f 6225/4933/4716 6153/4918/4701 6154/4889/4672
f 6250/4934/4717 6260/4916/4699 6269/4935/4718
f 6256/4936/4719 6257/4937/4720 6306/4938/4721
f 6264/4939/4722 6234/4940/4723 6265/4941/4724
f 6265/4941/4724 6234/4940/4723 6272/4942/4725
f 6249/4943/4726 6289/4944/4727 6290/4945/4728
f 6171/4946/4729 6298/4947/4730 6226/4948/4731
f 6230/4949/4732 6178/4950/4733 6227/4951/4734
f 6231/4952/4735 6295/4953/4736 6202/4954/4737
f 6231/4952/4735 6202/4954/4737 6291/4955/4738
f 6244/4956/4739 6169/4957/4740 6236/4958/4741
f 6244/4956/4739 6236/4958/4741 6304/4959/4742
f 6218/4960/4743 6295/4953/4736 6231/4952/4735
f 6258/4961/4744 6221/4962/4745 6262/4963/4746
f 6258/4961/4744 6262/4963/4746 6252/4964/4747
f 6252/4964/4747 6262/4963/4746 6296/4965/4748
f 6238/4966/4749 6222/4967/4750 6237/4968/4751
f 6238/4966/4749 6267/4969/4752 6222/4967/4750
f 6227/4951/4734 6242/4970/4753 6275/4971/4754
f 6210/4972/4755 6198/4973/4756 6209/4974/4757
f 6226/4948/4731 6298/4947/4730 6224/4975/4758
f 6291/4955/4738 6212/4976/4759 6285/4977/4760
f 6291/4955/4738 6202/4954/4737 6212/4976/4759
f 6268/4978/4761 6180/4979/4762 6221/4962/4745
f 6268/4978/4761 6221/4962/4745 6292/4980/4763
f 6194/4981/4764 6188/4982/4765 6160/4983/4766
f 6224/4975/4758 6298/4947/4730 6198/4973/4756
f 6287/4984/4767 6188/4982/4765 6194/4981/4764
f 6224/4975/4758 6198/4973/4756 6210/4972/4755
f 6287/4984/4767 6156/4985/4768 6188/4982/4765
f 6192/4986/4769 6160/4983/4766 6277/4987/4770
f 6290/4945/4728 6289/4944/4727 6190/4988/4771
f 6290/4945/4728 6190/4988/4771 6281/4989/4772
f 6233/4990/4773 6184/4991/4773 6183/4992/4774
f 6199/4993/4775 6303/4994/4776 6163/4995/4777
f 6199/4993/4775 6163/4995/4777 6175/4996/4778
f 6278/4997/4779 6157/4998/4780 6156/4985/4768
f 6278/4997/4779 6156/4985/4768 6287/4984/4767
f 6297/4999/4781 6218/4960/4743 6231/4952/4735
f 6194/4981/4764 6160/4983/4766 6192/4986/4769
f 6178/4950/4733 6242/4970/4753 6227/4951/4734
f 6285/4977/4760 6212/4976/4759 6267/4969/4752
f 6285/4977/4760 6267/4969/4752 6238/4966/4749
f 6205/5000/4782 6300/5001/4783 6171/4946/4729
f 6205/5000/4782 6171/4946/4729 6226/4948/4731
f 6207/5002/4784 6165/5003/4785 6215/5004/4786
f 6207/5002/4784 6215/5004/4786 6305/5005/4787
f 6175/4996/4778 6163/4995/4777 6180/4979/4762
f 6175/4996/4778 6180/4979/4762 6268/4978/4761
f 6197/4873/4656 6235/4932/4715 6167/5006/4788
f 6197/4873/4656 6167/5006/4788 6168/4902/4685
f 6168/4902/4685 6261/5007/4789 6219/4900/4683
f 6214/4879/4662 6164/5008/4790 6166/4874/4657
f 6182/4908/4691 6235/4932/4715 6197/4873/4656
f 6223/4905/4688 6266/5009/4791 6211/4906/4689
f 6162/4899/4682 6173/5010/4792 6174/4878/4661
f 6246/4917/4700 6245/5011/4793 6152/4887/4670
f 6152/4887/4670 6245/5011/4793 6272/4942/4725
f 6260/4916/4699 6253/5012/4794 6246/4917/4700
f 6193/4920/4703 6276/5013/4795 6206/4888/4671
f 6251/4895/4678 6232/5014/4796 6243/4929/4712
f 6152/4887/4670 6272/4942/4725 6234/4940/4723
f 6152/4887/4670 6234/4940/4723 6206/4888/4671
f 6206/4888/4671 6234/4940/4723 6229/4923/4706
f 6282/4891/4674 6200/5015/4797 6176/4885/4668
f 6254/4922/4705 6240/5016/4798 6239/4925/4708
f 6228/4894/4677 6273/5017/4799 6274/4897/4680
f 6292/4980/4763 6221/4962/4745 6294/5018/4800
f 6292/4980/4763 6294/5018/4800 6293/5019/4801
f 6294/5018/4800 6221/4962/4745 6258/4961/4744
f 6152/4887/4670 6270/4886/4669 6269/4935/4718
f 6152/4887/4670 6269/4935/4718 6260/4916/4699
f 6179/4877/4660 6168/4902/4685 6219/4900/4683
f 6308/5020/4802 6309/5021/4803 6310/5022/4804
f 6312/5023/4805 6313/5024/4806 6314/5025/4807
f 6316/5026/4808 6317/5027/4809 6318/5028/4810
f 6318/5028/4810 6317/5027/4809 6319/5029/4811
f 6357/5030/4812 6320/5031/4813 6321/5032/4814
f 6323/5033/4815 6324/5034/4816 6325/5035/4817
f 6327/5036/4818 6328/5037/4819 6345/5038/4820
f 6327/5036/4818 6345/5038/4820 6437/5039/4821
f 6329/5040/4822 6330/5041/4823 6331/5042/4824
f 6332/5043/4825 6333/5044/4826 6334/5045/4827
f 6334/5045/4827 6333/5044/4826 6335/5046/4828
f 6338/5047/4829 6339/5048/4830 6340/5049/4831
f 6338/5047/4829 6327/5050/4832 6339/5048/4830
f 6341/5051/4833 6343/5052/4834 6342/5053/4835
f 6344/5054/4836 6345/5038/4820 6346/5055/4837
f 6348/5056/4838 6351/5057/4839 6349/5058/4840
f 6469/5059/4841 6350/5060/4842 6346/5055/4837
f 6351/5057/4839 6347/5061/4843 6349/5058/4840
f 6351/5057/4839 6352/5062/4844 6347/5061/4843
f 6348/5056/4838 6349/5058/4840 6345/5038/4820
f 6349/5058/4840 6347/5061/4843 6353/5063/4845
f 6346/5055/4837 6345/5038/4820 6354/5064/4846
f 6355/5065/4847 6346/5055/4837 6354/5064/4846
f 6345/5038/4820 6349/5058/4840 6354/5064/4846
f 6469/5059/4841 6355/5065/4847 6468/5066/4848
f 6349/5058/4840 6358/5067/4849 6356/5068/4850
f 6349/5058/4840 6356/5068/4850 6354/5064/4846
f 6322/5069/4851 6356/5068/4850 6359/5070/4852
f 6362/5071/4853 6365/5072/4854 6366/5073/4855
f 6362/5071/4853 6366/5073/4855 6363/5074/4856
f 6363/5074/4856 6366/5073/4855 6364/5075/4857
f 6366/5073/4855 6368/5076/4858 6367/5077/4859
f 6365/5072/4854 6369/5078/4860 6366/5073/4855
f 6369/5078/4860 6372/5079/4861 6366/5073/4855
f 6366/5073/4855 6372/5079/4861 6370/5080/4862
f 6366/5073/4855 6370/5080/4862 6368/5076/4858
f 6369/5078/4860 6371/5081/4863 6372/5079/4861
f 6373/5082/4864 6375/5083/4865 6374/5084/4866
f 6374/5084/4866 6375/5083/4865 6365/5072/4854
f 6374/5084/4866 6365/5072/4854 6362/5071/4853
f 6377/5085/4867 6379/5086/4868 6376/5087/4869
f 6379/5086/4868 6380/5088/4870 6376/5087/4869
f 6376/5087/4869 6380/5088/4870 6378/5089/4871
f 6379/5086/4868 6381/5090/4872 6380/5088/4870
f 6380/5088/4870 6381/5090/4872 6456/5091/4873
f 6308/5092/4874 6376/5087/4869 6383/5093/4875
f 6384/5094/4876 6377/5085/4867 6376/5087/4869
f 6385/5095/4877 6387/5096/4878 6386/5097/4879
f 6387/5096/4878 6388/5098/4880 6386/5097/4879
f 6386/5097/4879 6388/5098/4880 6389/5099/4881
f 6390/5100/4882 6391/5101/4883 6379/5086/4868
f 6391/5101/4883 6381/5090/4872 6379/5086/4868
f 6392/5102/4884 6394/5103/4885 6393/5104/4886
f 6394/5103/4885 6395/5105/4887 6393/5104/4886
f 6396/5023/4888 6397/5106/4889 6398/5107/4890
f 6399/5108/4891 6390/5109/4892 6400/5110/4893
f 6390/5109/4892 6402/5111/4894 6400/5110/4893
f 6402/5111/4894 6403/5112/4895 6400/5110/4893
f 6402/5111/4894 6384/5113/4896 6404/5114/4897
f 6402/5111/4894 6404/5114/4897 6403/5112/4895
f 6405/5115/4898 6308/5020/4802 6311/5116/4899
f 6405/5115/4898 6311/5116/4899 6406/5117/4900
f 6406/5117/4900 6311/5116/4899 6407/5118/4901
f 6408/5119/4902 6409/5120/4903 6410/5121/4904
f 6408/5119/4902 6410/5121/4904 6411/5122/4905
f 6412/5123/4906 6413/5124/4907 6414/5125/4908
f 6415/5126/4909 6416/5127/4910 6417/5128/4911
f 6415/5126/4909 6417/5128/4911 6418/5129/4912
f 6419/5130/4913 6408/5119/4902 6420/5131/4914
f 6409/5120/4903 6412/5123/4906 6410/5121/4904
f 6410/5121/4904 6412/5123/4906 6414/5125/4908
f 6406/5117/4900 6407/5118/4901 6413/5124/4907
f 6421/5132/4915 6323/5033/4815 6422/5133/4916
f 6422/5133/4916 6323/5033/4815 6332/5043/4825
f 6423/5134/4917 6424/5135/4918 6425/5136/4919
f 6421/5132/4915 6370/5137/4920 6323/5033/4815
f 6323/5033/4815 6333/5044/4826 6332/5043/4825
f 6428/5138/4921 6429/5139/4922 6458/5140/4923
f 6458/5140/4923 6429/5139/4922 6330/5041/4823
f 6458/5140/4923 6330/5041/4823 6329/5040/4822
f 6367/5077/4859 6368/5076/4858 6422/5141/4924
f 6367/5077/4859 6422/5141/4924 6425/5142/4925
f 6370/5137/4920 6430/5143/4926 6323/5033/4815
f 6430/5143/4926 6326/5144/4927 6323/5033/4815
f 6323/5033/4815 6326/5144/4927 6324/5034/4816
f 6341/5051/4833 6342/5053/4835 6431/5145/4928
f 6431/5145/4928 6342/5053/4835 6348/5146/4929
f 6432/5147/4930 6433/5148/4931 6440/5149/4932
f 6432/5147/4930 6434/5150/4933 6433/5148/4931
f 6435/5151/4934 6436/5152/4935 6350/5060/4842
f 6435/5151/4934 6350/5060/4842 6469/5059/4841
f 6340/5049/4831 6339/5048/4830 6437/5153/4936
f 6342/5053/4835 6439/5154/4937 6348/5146/4929
f 6439/5154/4937 6440/5149/4932 6348/5146/4929
f 6437/5039/4821 6345/5038/4820 6344/5054/4836
f 6442/5155/4938 6340/5049/4831 6350/5156/4939
f 6340/5049/4831 6437/5153/4936 6350/5156/4939
f 6350/5156/4939 6437/5153/4936 6438/5157/4940
f 6364/5075/4857 6423/5134/4917 6330/5158/4941
f 6423/5134/4917 6425/5136/4919 6330/5158/4941
f 6330/5158/4941 6425/5136/4919 6426/5159/4942
f 6412/5123/4906 6406/5117/4900 6413/5124/4907
f 6384/5113/4896 6405/5160/4943 6404/5114/4897
f 6308/5092/4874 6384/5094/4876 6376/5087/4869
f 6366/5073/4855 6423/5134/4917 6364/5075/4857
f 6355/5065/4847 6354/5064/4846 6443/5161/4944
f 6469/5059/4841 6346/5055/4837 6355/5065/4847
f 6350/5060/4842 6344/5054/4836 6346/5055/4837
f 6330/5158/4941 6426/5159/4942 6444/5162/4945
f 6330/5158/4941 6444/5162/4945 6445/5163/4946
f 6439/5154/4937 6432/5147/4930 6440/5149/4932
f 6408/5119/4902 6411/5122/4905 6420/5131/4914
f 6397/5106/4889 6399/5108/4891 6400/5110/4893
f 6397/5106/4889 6400/5110/4893 6398/5107/4890
f 6398/5107/4890 6400/5110/4893 6401/5164/4947
f 6391/5101/4883 6399/5165/4948 6381/5090/4872
f 6446/5166/4949 6447/5167/4950 6432/5147/4930
f 6446/5166/4949 6432/5147/4930 6439/5154/4937
f 6355/5065/4847 6443/5161/4944 6360/5168/4951
f 6468/5066/4848 6355/5065/4847 6360/5168/4951
f 6354/5064/4846 6356/5068/4850 6322/5069/4851
f 6354/5064/4846 6322/5069/4851 6443/5161/4944
f 6358/5067/4849 6448/5169/4952 6320/5031/4813
f 6358/5067/4849 6320/5031/4813 6357/5030/4812
f 6356/5068/4850 6358/5067/4849 6357/5030/4812
f 6449/5150/4953 6441/5170/4954 6352/5062/4844
f 6372/5171/4955 6336/5172/4956 6450/5173/4957
f 6372/5171/4955 6427/5174/4958 6336/5172/4956
f 6451/5175/4959 6398/5176/4960 6453/5177/4961
f 6451/5175/4959 6453/5177/4961 6452/5178/4962
f 6454/5179/4963 6312/5023/4964 6419/5180/4965
f 6454/5179/4963 6419/5180/4965 6451/5181/4966
f 6349/5058/4840 6353/5063/4845 6358/5067/4849
f 6352/5062/4844 6441/5170/4954 6347/5061/4843
f 6450/5173/4957 6336/5172/4956 6337/5182/4967
f 6450/5173/4957 6337/5182/4967 6455/5183/4968
f 6371/5184/4969 6318/5028/4810 6319/5029/4811
f 6371/5184/4969 6319/5029/4811 6430/5185/4970
f 6382/5186/4971 6315/5187/4972 6381/5090/4872
f 6381/5090/4872 6315/5187/4972 6456/5091/4873
f 6397/5106/4973 6315/5187/4972 6382/5186/4971
f 6397/5106/4973 6312/5023/4805 6314/5025/4807
f 6397/5106/4973 6314/5025/4807 6315/5187/4972
f 6468/5066/4848 6360/5168/4951 6457/5188/4974
f 6311/5116/4899 6459/5189/4975 6407/5118/4901
f 6309/5190/4976 6461/5191/4977 6460/5192/4978
f 6460/5192/4978 6461/5191/4977 6462/5193/4979
f 6463/5194/4980 6373/5195/4981 6362/5196/4982
f 6463/5194/4980 6362/5196/4982 6464/5197/4983
f 6464/5197/4983 6362/5196/4982 6428/5138/4921
f 6464/5197/4983 6428/5138/4921 6458/5140/4923
f 6465/5198/4984 6467/5199/4985 6361/5200/4986
f 6465/5198/4984 6361/5200/4986 6466/5201/4987
f 6308/5020/4802 6310/5022/4804 6311/5116/4899
f 6470/5202/4988 6471/5203/4989 6472/5204/4990
f 6471/5203/4989 6473/5205/4991 6472/5204/4990
f 6477/5206/4992 6479/5207/4993 6478/5208/4994
f 6479/5207/4993 6480/5209/4995 6478/5208/4994
f 6481/5210/4996 6482/5211/4997 6483/5212/4998
f 6481/5210/4996 6483/5212/4998 6484/5213/4999
f 6486/5214/5000 6487/5215/5001 6488/5216/5002
f 6618/5217/5003 6493/5218/5004 6494/5219/5005
f 6618/5217/5003 6494/5219/5005 6492/5220/5006
f 6609/5221/5007 6496/5222/5008 6497/5223/5009
f 6498/5224/5010 6499/5225/5011 6490/5226/5012
f 6500/5227/5013 6504/5228/5014 6506/5229/5015
f 6597/5230/5016 6625/5231/5017 6504/5228/5014
f 6503/5232/5018 6502/5233/5019 6505/5234/5020
f 6506/5229/5015 6510/5235/5021 6502/5233/5019
f 6625/5231/5017 6508/5236/5022 6509/5237/5023
f 6502/5233/5019 6510/5235/5021 6507/5238/5024
f 6485/5239/5025 6512/5240/5026 6513/5241/5027
f 6516/5242/5028 6517/5243/5029 6518/5244/5030
f 6516/5242/5028 6518/5244/5030 6586/5245/5031
f 6516/5242/5028 6586/5245/5031 6519/5246/5032
f 6520/5247/5033 6521/5248/5034 6523/5249/5035
f 6521/5248/5034 6522/5250/5036 6524/5251/5037
f 6521/5248/5034 6524/5251/5037 6525/5252/5038
f 6523/5249/5035 6521/5248/5034 6525/5252/5038
f 6525/5252/5038 6524/5251/5037 6526/5253/5039
f 6527/5254/5040 6516/5242/5028 6519/5246/5032
f 6546/5255/5041 6528/5256/5042 6530/5257/5043
f 6530/5257/5043 6528/5256/5042 6531/5258/5044
f 6528/5256/5042 6529/5259/5045 6531/5258/5044
f 6531/5258/5044 6529/5259/5045 6532/5260/5046
f 6534/5261/5047 6535/5262/5048 6536/5263/5049
f 6533/5264/5050 6534/5261/5047 6536/5263/5049
f 6533/5264/5050 6536/5263/5049 6537/5265/5051
f 6537/5265/5051 6536/5263/5049 6538/5266/5052
f 6539/5267/5053 6540/5268/5054 6541/5269/5055
f 6539/5267/5053 6541/5269/5055 6542/5270/5056
f 6544/5271/5057 6527/5254/5040 6519/5246/5032
f 6544/5271/5057 6519/5246/5032 6545/5272/5058
f 6543/5273/5059 6544/5271/5057 6545/5272/5058
f 6548/5274/5060 6549/5275/5061 6550/5276/5062
f 6547/5277/5063 6548/5274/5060 6550/5276/5062
f 6551/5278/5064 6552/5279/5065 6553/5280/5066
f 6551/5278/5064 6553/5280/5066 6554/5281/5067
f 6551/5278/5064 6554/5281/5067 6555/5282/5068
f 6555/5283/5069 6556/5284/5070 6557/5285/5071
f 6557/5285/5071 6556/5284/5070 6558/5286/5072
f 6559/5287/5073 6580/5288/5074 6560/5289/5075
f 6559/5287/5073 6560/5289/5075 6561/5290/5076
f 6562/5291/5077 6563/5292/5078 6564/5293/5079
f 6562/5291/5077 6566/5294/5080 6567/5295/5081
f 6565/5296/5082 6562/5291/5077 6567/5295/5081
f 6567/5297/5083 6568/5298/5084 6546/5255/5085
f 6567/5297/5083 6569/5294/5086 6568/5298/5084
f 6546/5255/5085 6568/5298/5084 6570/5299/5087
f 6568/5298/5084 6571/5300/5088 6570/5299/5087
f 6564/5293/5079 6573/5301/5089 6562/5291/5077
f 6566/5294/5080 6574/5302/5090 6575/5303/5091
f 6566/5294/5080 6575/5303/5091 6576/5304/5092
f 6577/5305/5093 6578/5306/5094 6579/5307/5095
f 6577/5305/5093 6579/5307/5095 6473/5205/5096
f 6580/5308/5097 6581/5309/5098 6564/5293/5079
f 6562/5291/5077 6573/5301/5089 6574/5302/5090
f 6566/5294/5080 6562/5291/5077 6574/5302/5090
f 6576/5304/5092 6575/5303/5091 6582/5310/5099
f 6576/5304/5092 6582/5310/5099 6583/5311/5100
f 6522/5250/5036 6584/5312/5101 6585/5313/5102
f 6524/5251/5037 6522/5250/5036 6585/5313/5102
f 6586/5245/5031 6587/5314/5103 6588/5315/5104
f 6590/5316/5105 6609/5221/5007 6497/5223/5009
f 6591/5317/5106 6618/5217/5003 6492/5220/5006
f 6591/5317/5106 6492/5220/5006 6592/5244/5107
f 6486/5214/5000 6488/5216/5002 6489/5318/5108
f 6593/5319/5109 6486/5214/5000 6489/5318/5108
f 6491/5320/5110 6506/5229/5015 6502/5233/5019
f 6594/5321/5111 6595/5322/5112 6596/5323/5113
f 6594/5321/5111 6604/5324/5114 6595/5322/5112
f 6597/5230/5016 6504/5228/5014 6598/5325/5115
f 6499/5225/5011 6599/5326/5116 6490/5226/5012
f 6491/5320/5110 6502/5233/5019 6503/5232/5018
f 6491/5320/5110 6503/5232/5018 6495/5327/5117
f 6500/5227/5013 6506/5229/5015 6491/5320/5110
f 6490/5328/5118 6500/5227/5013 6491/5320/5110
f 6598/5325/5119 6601/5329/5120 6499/5225/5011
f 6499/5225/5011 6601/5329/5120 6599/5326/5116
f 6518/5244/5030 6492/5330/5121 6586/5245/5031
f 6492/5330/5121 6589/5331/5122 6587/5314/5103
f 6586/5245/5031 6492/5330/5121 6587/5314/5103
f 6572/5332/5123 6528/5256/5042 6546/5255/5041
f 6519/5246/5032 6586/5245/5031 6520/5333/5124
f 6509/5237/5023 6485/5239/5025 6506/5229/5015
f 6625/5231/5017 6509/5237/5023 6506/5229/5015
f 6504/5228/5014 6625/5231/5017 6506/5229/5015
f 6492/5330/5121 6602/5334/5125 6589/5331/5122
f 6492/5330/5121 6603/5335/5126 6602/5334/5125
f 6524/5336/5127 6605/5337/5128 6486/5214/5000
f 6524/5336/5127 6486/5214/5000 6593/5319/5109
f 6580/5308/5097 6564/5293/5079 6563/5292/5078
f 6561/5290/5076 6560/5289/5075 6562/5338/5129
f 6495/5339/5130 6604/5324/5114 6594/5321/5111
f 6495/5339/5130 6594/5321/5111 6606/5340/5131
f 6509/5237/5023 6515/5341/5132 6485/5239/5025
f 6508/5236/5022 6514/5342/5133 6509/5237/5023
f 6509/5237/5023 6514/5342/5133 6515/5341/5132
f 6510/5235/5021 6485/5239/5025 6513/5241/5027
f 6510/5235/5021 6513/5241/5027 6482/5343/5134
f 6506/5229/5015 6485/5239/5025 6510/5235/5021
f 6510/5235/5021 6607/5210/5135 6484/5344/5136
f 6510/5235/5021 6484/5344/5136 6511/5345/5137
f 6510/5235/5021 6482/5343/5134 6607/5210/5135
f 6608/5346/5138 6505/5234/5020 6600/5347/5139
f 6526/5348/5140 6609/5221/5007 6590/5316/5105
f 6610/5349/5141 6611/5350/5142 6612/5351/5143
f 6610/5349/5141 6612/5351/5143 6580/5352/5144
f 6613/5353/5145 6580/5352/5146 6614/5354/5147
f 6474/5355/5148 6613/5353/5145 6614/5354/5147
f 6510/5235/5021 6511/5345/5137 6507/5238/5024
f 6502/5233/5019 6507/5238/5024 6501/5356/5149
f 6505/5234/5020 6501/5356/5149 6600/5347/5139
f 6505/5234/5020 6502/5233/5019 6501/5356/5149
f 6615/5357/5150 6496/5222/5008 6609/5221/5007
f 6616/5358/5151 6593/5359/5152 6479/5207/4993
f 6479/5207/4993 6593/5359/5152 6480/5209/4995
f 6542/5270/5056 6541/5269/5055 6476/5360/5153
f 6561/5361/5154 6542/5270/5056 6476/5360/5153
f 6561/5361/5154 6476/5360/5153 6474/5362/5155
f 6474/5362/5155 6476/5360/5153 6475/5363/5156
f 6508/5236/5022 6617/5364/5157 6514/5342/5133
f 6583/5311/5100 6582/5310/5099 6619/5365/5158
f 6583/5311/5100 6619/5365/5158 6471/5305/5159
f 6620/5366/5160 6621/5367/5161 6527/5368/5162
f 6620/5366/5160 6527/5368/5162 6543/5369/5163
f 6618/5217/5003 6591/5317/5106 6527/5368/5162
f 6621/5367/5161 6618/5217/5003 6527/5368/5162
f 6622/5370/5164 6623/5371/5165 6624/5372/5166
f 6572/5332/5167 6570/5299/5087 6577/5373/5168
f 6572/5332/5167 6577/5373/5168 6470/5374/5169
f 6570/5299/5087 6571/5300/5088 6577/5373/5168
f 6642/5375/5170 6643/5376/5171 6644/5377/5172
f 6647/5378/5173 6648/5379/5174 6649/5380/5175
f 6650/5381/5176 6749/5382/5177 6651/5383/5178
f 6650/5381/5176 6651/5383/5178 6653/5384/5179
f 6647/5378/5173 6672/5385/5180 6648/5379/5174
f 6687/5386/5181 6685/5387/5182 6688/5388/5183
f 6687/5386/5181 6684/5389/5184 6685/5387/5182
f 6661/5390/5185 6692/5391/5186 6693/5392/5187
f 6661/5390/5185 6693/5392/5187 6694/5393/5188
f 6692/5391/5186 6653/5394/5189 6693/5392/5187
f 6696/5395/5190 6697/5396/5191 6698/5397/5192
f 6702/5398/5193 6703/5399/5194 6668/5400/5195
f 6709/5401/5196 6687/5386/5181 6688/5388/5183
f 6714/5402/5197 6715/5403/5198 6735/5404/5199
f 6714/5402/5197 6735/5404/5199 6719/5405/5200
f 6768/5406/5201 6720/5407/5202 6797/5408/5203
f 6715/5403/5198 6680/5409/5204 6735/5404/5199
f 6682/5410/5205 6700/5411/5206 6683/5412/5207
f 6725/5413/5208 6728/5414/5209 6748/5415/5210
f 6643/5376/5171 6666/5416/5211 6644/5377/5172
f 6647/5378/5173 6649/5380/5175 6774/5417/5212
f 6756/5418/5213 6752/5419/5214 6734/5420/5215
f 6758/5421/5216 6759/5422/5217 6757/5423/5218
f 6764/5424/5219 6721/5425/5220 6765/5426/5221
f 6713/5427/5222 6771/5428/5223 6704/5429/5224
f 6713/5427/5222 6704/5429/5224 6710/5430/5225
f 6714/5431/5226 6766/5432/5227 6767/5433/5228
f 6714/5431/5226 6767/5433/5228 6688/5434/5229
f 6770/5435/5230 6768/5406/5201 6742/5436/5231
f 6770/5435/5230 6742/5436/5231 6744/5437/5232
f 6704/5429/5224 6771/5428/5223 6671/5438/5233
f 6768/5406/5201 6797/5408/5203 6798/5439/5234
f 6768/5406/5201 6798/5439/5234 6769/5440/5235
f 6776/5441/5236 6777/5442/5237 6778/5443/5238
f 6728/5444/5239 6783/5445/5240 6694/5446/5241
f 6728/5444/5239 6694/5446/5241 6653/5447/5242
f 6783/5445/5240 6784/5448/5243 6785/5449/5244
f 6783/5445/5240 6785/5449/5244 6694/5446/5241
f 6816/5450/5245 6786/5451/5246 6787/5452/5247
f 6788/5453/5248 6789/5454/5249 6791/5455/5250
f 6789/5454/5249 6790/5456/5251 6791/5455/5250
f 6772/5457/5252 6714/5431/5226 6688/5434/5229
f 6681/5458/5253 6772/5457/5252 6792/5459/5254
f 6792/5459/5254 6772/5457/5252 6688/5434/5229
f 6793/5460/5255 6681/5458/5253 6794/5461/5256
f 6794/5461/5256 6681/5458/5253 6792/5459/5254
f 6773/5462/5257 6793/5460/5255 6794/5461/5256
f 6773/5462/5257 6794/5461/5256 6683/5463/5258
f 6721/5425/5220 6773/5462/5257 6683/5463/5258
f 6721/5425/5220 6683/5463/5258 6765/5426/5221
f 6767/5433/5228 6766/5432/5227 6676/5464/5259
f 6795/5465/5260 6788/5453/5248 6791/5455/5250
f 6795/5465/5260 6791/5455/5250 6675/5466/5261
f 6796/5467/5262 6774/5468/5263 6775/5469/5264
f 6796/5467/5262 6775/5469/5264 6673/5470/5265
f 6646/5471/5266 6652/5472/5267 6749/5473/5268
f 6797/5408/5203 6647/5474/5269 6644/5475/5270
f 6797/5408/5203 6644/5475/5270 6798/5439/5234
f 6746/5476/5271 6799/5477/5272 6801/5478/5273
f 6801/5478/5273 6799/5477/5272 6800/5479/5274
f 6724/5480/5275 6802/5481/5276 6779/5482/5277
f 6782/5483/5278 6776/5441/5236 6697/5484/5279
f 6776/5441/5236 6778/5443/5238 6697/5484/5279
f 6784/5448/5243 6803/5485/5280 6804/5486/5281
f 6784/5448/5243 6804/5486/5281 6785/5449/5244
f 6768/5406/5201 6769/5440/5235 6742/5436/5231
f 6777/5442/5237 6746/5476/5271 6801/5478/5273
f 6777/5442/5237 6801/5478/5273 6778/5443/5238
f 6745/5487/5282 6728/5444/5239 6653/5447/5242
f 6646/5471/5266 6745/5487/5282 6652/5472/5267
f 6745/5487/5282 6653/5447/5242 6652/5472/5267
f 6774/5468/5263 6710/5430/5225 6775/5469/5264
f 6774/5468/5263 6713/5427/5222 6710/5430/5225
f 6647/5474/5269 6796/5467/5262 6644/5475/5270
f 6644/5475/5270 6796/5467/5262 6673/5470/5265
f 6771/5428/5223 6805/5488/5283 6671/5438/5233
f 6805/5488/5283 6669/5489/5284 6671/5438/5233
f 6803/5485/5280 6806/5490/5285 6635/5491/5286
f 6803/5485/5280 6635/5491/5286 6804/5486/5281
f 6729/5492/5287 6779/5482/5288 6807/5493/5289
f 6807/5493/5289 6779/5482/5288 6780/5494/5290
f 6806/5490/5285 6809/5495/5291 6810/5496/5292
f 6806/5490/5285 6810/5496/5292 6635/5491/5286
f 6811/5497/5293 6807/5493/5294 6812/5498/5295
f 6812/5498/5295 6807/5493/5294 6813/5499/5296
f 6809/5495/5297 6815/5500/5298 6816/5450/5245
f 6812/5501/5299 6814/5502/5300 6790/5456/5251
f 6789/5454/5249 6812/5501/5299 6790/5456/5251
f 6815/5500/5298 6786/5451/5246 6816/5450/5245
f 6818/5503/5301 6788/5504/5302 6662/5505/5303
f 6848/5506/5304 6849/5507/5305 6821/5508/5306
f 6850/5509/5307 6848/5506/5304 6821/5508/5306
f 6850/5509/5307 6821/5508/5306 6822/5510/5308
f 6852/5511/5309 6819/5512/5310 6851/5513/5311
f 6819/5512/5310 6852/5511/5309 6820/5514/5312
f 6819/5512/5310 6853/5515/5313 6854/5516/5314
f 6819/5512/5310 6854/5516/5314 6851/5513/5311
f 6855/5517/5315 6856/5518/5316 6827/5519/5317
f 6827/5519/5317 6856/5518/5316 6825/5520/5318
f 6824/5521/5319 6857/5522/5320 6858/5523/5321
f 6857/5522/5320 6824/5521/5319 6826/5524/5322
f 6860/5525/5323 6824/5521/5319 6859/5526/5324
f 6859/5526/5324 6824/5521/5319 6858/5523/5321
f 6892/5527/5325 6890/5528/5326 6891/5529/5327
f 6890/5528/5326 6892/5527/5325 6863/5530/5328
f 6890/5528/5326 6864/5531/5329 6893/5532/5330
f 6864/5531/5329 6890/5528/5326 6863/5530/5328
f 6894/5533/5331 6862/5534/5332 6861/5535/5333
f 6862/5534/5332 6894/5533/5331 6895/5536/5334
f 6862/5534/5332 6895/5536/5334 6896/5537/5335
f 6861/5535/5333 6897/5538/5336 6894/5533/5331
f 6900/5539/5337 6898/5540/5338 6899/5541/5339
f 6898/5540/5338 6900/5539/5337 6868/5542/5340
f 6869/5543/5341 6900/5539/5337 6901/5544/5342
f 6900/5539/5337 6869/5543/5341 6868/5542/5340
f 6867/5545/5343 6904/5546/5344 6866/5547/5345
f 6904/5546/5344 6867/5545/5343 6903/5548/5346
f 6903/5548/5346 6867/5545/5343 6902/5549/5347
f 6905/5550/5348 6866/5547/5345 6904/5546/5344
f 7277/5551/5349 7274/5552/5350 6906/5553/5351
f 6914/5554/5352 6936/5555/5353 6907/5556/5354
f 6910/5557/5355 6958/5558/5356 6911/5559/5357
f 6911/5559/5357 6912/5560/5358 6913/5561/5359
f 6940/5562/5360 6914/5554/5352 6915/5563/5361
f 6916/5564/5362 6953/5565/5363 6917/5566/5364
f 6909/5567/5365 6910/5557/5355 6908/5568/5366
f 6918/5569/5367 6951/5570/5368 6919/5571/5369
f 6929/5572/5370 6928/5573/5371 6921/5574/5372
f 6929/5572/5370 6921/5574/5372 6966/5575/5373
f 6924/5576/5374 6922/5577/5375 6923/5578/5376
f 6924/5576/5374 6923/5578/5376 6971/5579/5377
f 6967/5580/5378 6923/5578/5376 6925/5581/5379
f 6956/5582/5380 6925/5581/5379 7021/5583/5381
f 7021/5583/5381 6925/5581/5379 6926/5584/5382
f 6969/5585/5383 6927/5586/5384 6928/5573/5371
f 6969/5585/5383 6928/5573/5371 6929/5572/5370
f 6931/5587/5385 6933/5588/5386 6979/5589/5387
f 6979/5589/5387 6933/5588/5386 6932/5590/5388
f 6965/5591/5389 6929/5572/5370 6966/5575/5373
f 6996/5592/5390 6986/5593/5391 6997/5594/5392
f 7001/5595/5393 6990/5596/5394 6989/5597/5395
f 7026/5598/5396 6985/5599/5397 6986/5593/5391
f 7026/5598/5396 6986/5593/5391 6996/5592/5390
f 6961/5600/5398 6962/5601/5399 7004/5602/5400
f 7003/5603/5401 6961/5600/5398 7004/5602/5400
f 7007/5604/5402 6991/5605/5403 6992/5606/5404
f 7016/5607/5405 7011/5608/5406 7015/5609/5407
f 6957/5610/5408 7016/5607/5405 7015/5609/5407
f 7014/5611/5409 7022/5612/5410 7027/5613/5411
f 7022/5612/5410 7028/5614/5412 7027/5613/5411
f 7015/5609/5407 7011/5608/5406 7391/5615/5413
f 7029/5616/5414 7391/5615/5413 7011/5608/5406
f 7093/5617/5415 7039/5618/5416 7032/5619/5417
f 7032/5619/5417 7033/5620/5418 7081/5621/5419
f 7081/5621/5419 7033/5620/5418 7034/5622/5420
f 7081/5621/5419 7034/5622/5420 7152/5623/5421
f 7063/5624/5422 7035/5625/5423 7060/5626/5424
f 7036/5627/5425 7037/5628/5426 7076/5629/5427
f 7038/5630/5428 7035/5625/5423 7063/5624/5422
f 7060/5626/5424 7035/5625/5423 7030/5631/5429
f 7100/5632/5430 7039/5618/5416 7093/5617/5415
f 7098/5633/5431 7043/5634/5432 7042/5635/5433
f 7096/5636/5434 7045/5637/5435 7044/5638/5436
f 7048/5639/5437 7049/5640/5438 7046/5641/5439
f 7048/5639/5437 7046/5641/5439 7050/5642/5440
f 7098/5633/5431 7042/5635/5433 7047/5643/5441
f 7054/5644/5442 7055/5645/5443 7044/5638/5436
f 7054/5644/5442 7044/5638/5436 7056/5646/5444
f 7038/5630/5428 7064/5647/5445 7035/5625/5423
f 7084/5648/5446 7085/5649/5447 7086/5650/5448
f 7101/5651/5449 7060/5626/5424 7059/5652/5450
f 7109/5653/5451 7110/5654/5452 7111/5655/5453
f 7116/5656/5454 7117/5657/5455 7118/5658/5456
f 7128/5659/5457 7083/5660/5458 7082/5661/5459
f 7128/5659/5457 7129/5662/5460 7083/5660/5458
f 7131/5663/5461 7133/5664/5462 7134/5665/5463
f 7135/5666/5464 7123/5667/5465 7122/5668/5466
f 7082/5661/5459 7144/5669/5467 7145/5670/5468
f 7082/5661/5459 7145/5670/5468 7410/5671/5469
f 7148/5672/5470 7154/5673/5471 7155/5674/5472
f 7152/5623/5421 7156/5675/5473 7153/5676/5474
f 7157/5677/5475 7159/5678/5476 7147/5679/5477
f 7157/5677/5475 7147/5679/5477 7146/5680/5478
f 7079/5681/5479 7150/5682/5480 7151/5683/5481
f 7148/5672/5470 7149/5684/5482 7154/5673/5471
f 7164/5685/5483 7161/5686/5484 7160/5687/5485
f 7164/5685/5483 7160/5687/5485 7169/5688/5486
f 7161/5686/5484 7153/5676/5474 7160/5687/5485
f 7082/5661/5459 7147/5679/5477 7162/5689/5487
f 7147/5679/5477 7159/5678/5476 7162/5689/5487
f 7426/5690/5488 7159/5678/5476 7158/5691/5489
f 7178/5692/5490 7175/5693/5491 7174/5694/5492
f 7174/5694/5492 7192/5695/5493 7178/5692/5490
f 7180/5696/5494 7187/5697/5495 7188/5698/5496
f 7178/5692/5490 7190/5699/5497 7184/5700/5498
f 7185/5701/5499 7191/5702/5500 7186/5703/5501
f 7170/5704/5502 7193/5705/5503 7197/5706/5504
f 7178/5692/5490 7192/5695/5493 7190/5699/5497
f 7195/5707/5505 7196/5708/5506 7197/5706/5504
f 7195/5707/5505 7197/5706/5504 7193/5705/5503
f 7192/5695/5493 7199/5709/5507 7190/5699/5497
f 7205/5710/5508 7198/5711/5509 7206/5712/5510
f 7191/5702/5500 7207/5713/5511 7186/5703/5501
f 7197/5706/5504 7196/5708/5506 7200/5714/5512
f 7204/5715/5513 7194/5716/5514 7209/5717/5515
f 7204/5715/5513 7209/5717/5515 7210/5718/5516
f 7214/5719/5517 7222/5720/5518 7250/5721/5519
f 7206/5712/5510 7198/5711/5509 7215/5722/5520
f 7213/5723/5521 7225/5724/5522 7217/5725/5523
f 7214/5719/5517 7221/5726/5524 7222/5720/5518
f 7223/5727/5525 7225/5724/5522 7213/5723/5521
f 7216/5728/5526 7224/5729/5527 7226/5730/5528
f 7227/5731/5529 7211/5732/5530 7196/5708/5506
f 7249/5733/5531 7250/5721/5519 7228/5734/5532
f 7228/5734/5532 7250/5721/5519 7222/5720/5518
f 7196/5708/5506 7211/5732/5530 7200/5714/5512
f 7203/5735/5533 7200/5714/5512 7211/5732/5530
f 7240/5736/5534 7210/5718/5516 7209/5717/5515
f 7254/5737/5535 7256/5738/5536 7255/5739/5537
f 7263/5740/5538 7271/5741/5539 7264/5742/5540
f 7232/5743/5541 7233/5744/5542 7266/5745/5543
f 7234/5746/5544 7267/5747/5545 7268/5748/5546
f 7277/5551/5349 7273/5749/5547 7274/5552/5350
f 7275/5750/5548 7276/5751/5549 7262/5752/5550
f 7275/5750/5548 7262/5752/5550 7261/5753/5551
f 7279/5754/5552 7231/5755/5553 7280/5756/5554
f 7278/5757/5555 7261/5753/5551 7262/5752/5550
f 7284/5758/5556 7291/5759/5557 7285/5760/5558
f 7293/5761/5559 7288/5762/5560 7290/5763/5561
f 7301/5764/5562 7298/5765/5563 7308/5766/5564
f 7293/5761/5559 7299/5767/5565 7306/5768/5566
f 7300/5769/5567 7289/5770/5568 7310/5771/5569
f 7300/5769/5567 7310/5771/5569 7309/5772/5570
f 7282/5773/5571 7312/5774/5572 7302/5775/5573
f 7295/5776/5574 7294/5777/5575 7304/5778/5576
f 7295/5776/5574 7304/5778/5576 7303/5779/5577
f 7288/5762/5560 7293/5761/5559 7306/5768/5566
f 7288/5762/5560 7306/5768/5566 7305/5780/5578
f 7305/5780/5578 7306/5768/5566 7307/5781/5579
f 7309/5772/5570 7310/5771/5569 7314/5782/5580
f 7309/5772/5570 7314/5782/5580 7311/5783/5581
f 7308/5766/5564 7302/5775/5573 7301/5764/5562
f 7302/5775/5573 7312/5774/5572 7301/5764/5562
f 7303/5779/5577 7315/5784/5582 7316/5785/5583
f 7307/5781/5579 7306/5768/5566 7317/5786/5584
f 7306/5768/5566 7318/5787/5585 7317/5786/5584
f 7317/5786/5584 7318/5787/5585 7319/5788/5586
f 7303/5779/5577 7304/5778/5576 7315/5784/5582
f 7301/5764/5562 7312/5774/5572 7339/5789/5587
f 7312/5774/5572 7325/5790/5588 7339/5789/5587
f 7315/5784/5582 7323/5791/5589 7316/5785/5583
f 7326/5792/5590 7363/5793/5591 7327/5794/5592
f 7329/5795/5593 7324/5796/5594 7320/5797/5595
f 7320/5797/5595 7324/5796/5594 7313/5798/5596
f 7326/5792/5590 7327/5794/5592 7333/5799/5597
f 7336/5800/5598 7328/5801/5599 7337/5802/5600
f 7336/5800/5598 7332/5803/5601 7328/5801/5599
f 7341/5804/5602 7328/5801/5599 7332/5803/5601
f 7339/5789/5587 7325/5790/5588 7340/5805/5603
f 7325/5790/5588 7354/5806/5604 7340/5805/5603
f 7324/5796/5594 7329/5795/5593 7353/5807/5605
f 7343/5808/5606 7363/5793/5591 7326/5792/5590
f 7346/5809/5607 7347/5810/5608 7349/5811/5609
f 7367/5812/5610 7330/5813/5611 7331/5814/5612
f 7350/5815/5613 7386/5816/5614 7371/5817/5615
f 7355/5818/5616 7378/5819/5617 7344/5820/5618
f 7356/5821/5619 7378/5819/5617 7355/5818/5616
f 7375/5822/5620 7370/5823/5621 7379/5824/5622
f 7027/5613/5411 7387/5825/5623 7026/5598/5396
f 6985/5599/5397 7026/5598/5396 7387/5825/5623
f 6985/5599/5397 7028/5614/5412 7022/5612/5410
f 6985/5599/5397 7387/5825/5623 7028/5614/5412
f 6961/5600/5398 7029/5616/5414 7011/5608/5406
f 7002/5826/5624 7015/5609/5407 7391/5615/5413
f 7014/5611/5409 7027/5613/5411 7026/5598/5396
f 7020/5827/5625 7394/5828/5626 6912/5560/5358
f 7393/5829/5627 6912/5560/5358 7394/5828/5626
f 7021/5583/5381 6926/5584/5382 7395/5830/5628
f 7003/5603/5401 7004/5602/5400 7008/5831/5629
f 7396/5832/5630 7007/5604/5402 6992/5606/5404
f 7005/5833/5631 6994/5834/5632 7397/5835/5633
f 7002/5826/5624 6961/5600/5398 7003/5603/5401
f 7026/5598/5396 6996/5592/5390 7000/5836/5634
f 7000/5836/5634 6996/5592/5390 7398/5837/5635
f 6990/5596/5394 6995/5838/5636 6989/5597/5395
f 6995/5838/5636 6998/5839/5637 6989/5597/5395
f 6919/5571/5369 6920/5840/5638 6945/5841/5639
f 6979/5589/5387 6932/5590/5388 6949/5842/5640
f 6933/5588/5386 6931/5587/5385 6930/5843/5641
f 6933/5588/5386 6930/5843/5641 6983/5844/5642
f 6956/5582/5380 7021/5583/5381 6957/5610/5408
f 6967/5580/5378 6925/5581/5379 6956/5582/5380
f 6971/5579/5377 6923/5578/5376 6967/5580/5378
f 6916/5564/5362 6951/5570/5368 6918/5569/5367
f 6951/5570/5368 6920/5840/5638 6919/5571/5369
f 6909/5567/5365 6968/5845/5643 6910/5557/5355
f 6918/5569/5367 6953/5565/5363 6916/5564/5362
f 6940/5562/5360 6939/5846/5644 6914/5554/5352
f 6958/5558/5356 6912/5560/5358 6911/5559/5357
f 6968/5845/5643 6958/5558/5356 6910/5557/5355
f 6939/5846/5644 6936/5555/5353 6914/5554/5352
f 7002/5826/5624 7391/5615/5413 7392/5847/5645
f 6961/5600/5398 7002/5826/5624 7392/5847/5645
f 6961/5600/5398 7392/5847/5645 7029/5616/5414
f 6926/5584/5382 7011/5608/5406 7395/5830/5628
f 7016/5607/5405 7395/5830/5628 7011/5608/5406
f 7022/5612/5410 7020/5827/5625 6912/5560/5358
f 7014/5611/5409 7020/5827/5625 7022/5612/5410
f 6912/5560/5358 7393/5829/5627 6913/5561/5359
f 6957/5610/5408 7021/5583/5381 7016/5607/5405
f 6913/5561/5359 7393/5829/5627 7020/5827/5625
f 7014/5611/5409 6913/5561/5359 7020/5827/5625
f 7149/5684/5646 7084/5648/5446 7086/5650/5448
f 7409/5848/5647 7164/5685/5483 7124/5849/5648
f 7165/5850/5649 7128/5659/5457 7410/5671/5469
f 7144/5669/5467 7165/5850/5649 7410/5671/5469
f 7128/5659/5457 7082/5661/5459 7410/5671/5469
f 7409/5848/5647 7124/5849/5648 7126/5851/5650
f 7153/5676/5474 7411/5852/5651 7160/5687/5485
f 7153/5676/5474 7156/5675/5473 7411/5852/5651
f 7082/5661/5459 7162/5689/5487 7158/5691/5489
f 7082/5661/5459 7158/5691/5489 7165/5850/5649
f 7164/5685/5483 7169/5688/5486 7156/5675/5473
f 7034/5622/5420 7156/5675/5473 7152/5623/5421
f 7157/5677/5475 7158/5691/5489 7159/5678/5476
f 7409/5848/5647 7412/5853/5652 7164/5685/5483
f 7143/5854/5653 7161/5686/5484 7164/5685/5483
f 7143/5854/5653 7164/5685/5483 7412/5853/5652
f 7082/5661/5459 7165/5850/5649 7144/5669/5467
f 7138/5855/5654 7123/5667/5465 7135/5666/5464
f 7137/5856/5655 7138/5855/5654 7135/5666/5464
f 7133/5664/5462 7131/5663/5461 7132/5857/5656
f 7124/5849/5648 7125/5858/5657 7127/5859/5658
f 7124/5849/5648 7127/5859/5658 7126/5851/5650
f 7121/5860/5659 7130/5861/5660 7118/5658/5456
f 7121/5860/5659 7118/5658/5456 7117/5657/5455
f 7040/5862/5661 7067/5863/5662 7041/5864/5663
f 7052/5865/5664 7108/5866/5665 7051/5867/5666
f 7108/5866/5665 7071/5868/5667 7057/5869/5668
f 7108/5866/5665 7057/5869/5668 7051/5867/5666
f 7115/5870/5669 7096/5636/5434 7044/5638/5436
f 7115/5870/5669 7044/5638/5436 7055/5645/5443
f 7092/5871/5670 7413/5872/5671 7043/5634/5432
f 7051/5867/5666 7053/5873/5672 7052/5865/5664
f 7051/5867/5666 7112/5874/5673 7414/5875/5674
f 7051/5867/5666 7414/5875/5674 7053/5873/5672
f 7049/5640/5438 7099/5876/5675 7046/5641/5439
f 7099/5876/5675 7098/5633/5431 7047/5643/5441
f 7099/5876/5675 7047/5643/5441 7046/5641/5439
f 7080/5877/5676 7157/5677/5475 7146/5680/5478
f 7080/5877/5676 7146/5680/5478 7045/5637/5435
f 7096/5636/5434 7080/5877/5676 7045/5637/5435
f 7098/5633/5431 7092/5871/5670 7043/5634/5432
f 7036/5627/5425 7077/5878/5677 7072/5879/5678
f 7072/5879/5678 7077/5878/5677 7040/5862/5661
f 7072/5879/5678 7040/5862/5661 7041/5864/5663
f 7415/5880/5679 7039/5618/5416 7100/5632/5430
f 7077/5878/5677 7036/5627/5425 7076/5629/5427
f 7093/5617/5415 7032/5619/5417 7081/5621/5419
f 7060/5626/5424 7030/5631/5429 7031/5881/5680
f 7060/5626/5424 7031/5881/5680 7059/5652/5450
f 7143/5854/5653 7409/5848/5647 7161/5686/5484
f 7409/5848/5647 7126/5851/5650 7161/5686/5484
f 7156/5675/5473 7169/5688/5486 7411/5852/5651
f 7426/5690/5488 7158/5691/5489 7162/5689/5487
f 7439/5882/5681 7446/5883/5682 7440/5884/5683
f 7443/5885/5684 7439/5882/5681 7440/5884/5683
f 7460/5886/5685 7458/5887/5686 7459/5888/5687
f 7458/5887/5686 7460/5886/5685 7429/5889/5688
f 7458/5887/5686 7461/5890/5689 7462/5891/5690
f 7461/5890/5689 7458/5887/5686 7429/5889/5688
f 7461/5890/5689 7429/5889/5688 7430/5892/5691
f 7463/5893/5692 7428/5894/5693 7427/5895/5694
f 7428/5894/5693 7463/5893/5692 7464/5896/5695
f 7427/5895/5694 7465/5897/5696 7466/5898/5697
f 7427/5895/5694 7466/5898/5697 7463/5893/5692
f 7469/5899/5698 7467/5900/5699 7468/5901/5700
f 7467/5900/5699 7469/5899/5698 7432/5902/5701
f 7471/5903/5702 7469/5899/5698 7470/5904/5703
f 7469/5899/5698 7471/5903/5702 7432/5902/5701
f 7432/5902/5701 7471/5903/5702 7433/5905/5704
f 7473/5906/5705 7431/5907/5706 7472/5908/5707
f 7431/5907/5706 7475/5909/5708 7434/5910/5709
f 7475/5909/5708 7431/5907/5706 7474/5911/5710
f 7474/5911/5710 7431/5907/5706 7473/5906/5705
f 7486/5912/5711 7477/5913/5712 7483/5914/5713
f 7483/5914/5713 7477/5913/5712 7476/5915/5714
f 7476/5915/5714 7477/5913/5712 7478/5916/5715
f 7476/5915/5714 7478/5916/5715 7479/5917/5716
f 7481/5918/5717 7480/5919/5718 7482/5920/5719
f 7482/5920/5719 7480/5919/5718 7484/5921/5720
f 7482/5920/5719 7484/5921/5720 7485/5922/5721
f 7496/5923/5722 7489/5924/5723 7487/5925/5724
f 7497/5926/5725 7488/5927/5726 7496/5923/5722
f 7496/5923/5722 7488/5927/5726 7489/5924/5723
f 7489/5924/5723 7490/5928/5727 7487/5925/5724
f 7491/5929/5728 7492/5930/5729 7493/5931/5730
f 7493/5931/5730 7492/5930/5729 7494/5932/5731
f 7493/5931/5730 7494/5932/5731 7495/5933/5732
f 7506/5934/5733 7498/5935/5734 7501/5936/5735
f 7498/5935/5734 7499/5937/5736 7500/5938/5737
f 7498/5935/5734 7500/5938/5737 7501/5936/5735
f 7502/5939/5738 7503/5940/5739 7504/5941/5740
f 7503/5940/5739 7505/5942/5741 7504/5941/5740
f 7504/5941/5740 7505/5942/5741 7507/5943/5742
f 7507/5943/5742 7505/5942/5741 7509/5944/5743
f 7506/5934/5733 7510/5945/5744 7498/5935/5734
f 7518/5946/5745 7511/5947/5746 7513/5948/5747
f 7511/5947/5746 7512/5949/5748 7513/5948/5747
f 7513/5948/5747 7512/5949/5748 7514/5950/5749
f 7515/5951/5750 7516/5952/5751 7517/5953/5752
f 7516/5952/5751 7519/5954/5753 7517/5953/5752
f 7517/5953/5752 7519/5954/5753 7520/5955/5754
f 7518/5946/5745 7521/5956/5755 7511/5947/5746
f 7523/5957/5756 7522/5958/5757 7524/5959/5758
f 7523/5957/5756 7524/5959/5758 7525/5960/5759
f 7522/5958/5757 7526/5961/5760 7524/5959/5758
f 7522/5958/5757 7527/5962/5761 7526/5961/5760
f 7529/5963/5762 7531/5964/5763 7528/5965/5764
f 7530/5966/5765 7531/5964/5763 7529/5963/5762
f 7530/5966/5765 7532/5967/5766 7531/5964/5763
f 7544/5968/5767 7533/5969/5768 7534/5970/5769
f 7533/5969/5768 7535/5971/5770 7534/5970/5769
f 7533/5969/5768 7537/5972/5771 7535/5971/5770
f 7535/5971/5770 7537/5972/5771 7536/5973/5772
f 7538/5974/5773 7540/5975/5774 7539/5976/5775
f 7533/5969/5768 7541/5977/5776 7537/5972/5771
f 7540/5975/5774 7542/5978/5777 7539/5976/5775
f 7540/5975/5774 7543/5979/5778 7542/5978/5777
f 7545/5980/5779 7547/5981/5780 7546/5982/5781
f 7546/5982/5781 7547/5981/5780 7556/5983/5782
f 7547/5981/5780 7545/5980/5779 7548/5984/5783
f 7548/5984/5783 7545/5980/5779 7549/5985/5784
f 7545/5980/5779 7546/5982/5781 7552/5986/5785
f 7550/5987/5786 7553/5988/5787 7551/5989/5788
f 7553/5988/5787 7554/5990/5789 7551/5989/5788
f 7553/5988/5787 7555/5991/5790 7554/5990/5789
f 7560/5992/5791 7557/5993/5792 7562/5994/5793
f 7557/5993/5792 7560/5992/5791 7559/5995/5794
f 7560/5992/5791 7562/5994/5793 7561/5996/5795
f 7563/5997/5796 7566/5998/5797 7567/5999/5798
f 7563/5997/5796 7567/5999/5798 7564/6000/5799
f 7562/5994/5793 7557/5993/5792 7565/6001/5800
f 7566/5998/5797 7568/6002/5801 7567/5999/5798
f 7557/5993/5792 7559/5995/5794 7558/6003/5802
f 7570/6004/5803 7572/6005/5804 7571/6006/5805
f 7570/6004/5803 7573/6007/5806 7572/6005/5804
f 7570/6004/5803 7569/6008/5807 7573/6007/5806
f 7574/6009/5808 7576/6010/5809 7575/6011/5810
f 7576/6010/5809 7577/6012/5811 7575/6011/5810
f 7577/6012/5811 7578/6013/5812 7575/6011/5810
f 7577/6012/5811 7579/6014/5813 7578/6013/5812
f 7569/6008/5807 7570/6004/5803 7580/6015/5814
f 7581/6016/5815 7584/6017/5816 7582/6018/5817
f 7584/6017/5816 7585/6019/5818 7583/6020/5819
f 7584/6017/5816 7586/6021/5820 7585/6019/5818
f 7584/6017/5816 7581/6016/5815 7586/6021/5820
f 7586/6021/5820 7581/6016/5815 7587/6022/5821
f 7590/6023/5822 7589/6024/5823 7588/6025/5824
f 7590/6023/5822 7592/6026/5825 7589/6024/5823
f 7591/6027/5826 7592/6026/5825 7590/6023/5822
f 7591/6027/5826 7593/6028/5827 7592/6026/5825
f 7600/6029/5828 7595/6030/5829 7604/6031/5830
f 7600/6029/5828 7594/6032/5831 7595/6030/5829
f 7594/6032/5831 7596/6033/5832 7597/6034/5833
f 7599/6035/5834 7601/6036/5835 7598/6037/5836
f 7599/6035/5834 7602/6038/5837 7601/6036/5835
f 7596/6033/5832 7594/6032/5831 7600/6029/5828
f 7602/6038/5837 7603/6039/5838 7601/6036/5835
f 7615/6040/5839 7607/6041/5840 7606/6042/5841
f 7613/6043/5842 7607/6041/5840 7615/6040/5839
f 7605/6044/5843 7608/6045/5844 7607/6041/5840
f 7609/6046/5845 7611/6047/5846 7610/6048/5847
f 7611/6047/5846 7612/6049/5848 7610/6048/5847
f 7611/6047/5846 7614/6050/5849 7612/6049/5848
f 7605/6044/5843 7607/6041/5840 7613/6043/5842
f 7616/6051/5850 7618/6052/5851 7617/6053/5852
f 7616/6051/5850 7619/6054/5853 7618/6052/5851
f 7616/6051/5850 7620/6055/5854 7619/6054/5853
f 7623/6056/5855 7622/6057/5856 7621/6058/5857
f 7623/6056/5855 7626/6059/5858 7622/6057/5856
f 7624/6060/5859 7626/6059/5858 7623/6056/5855
f 7616/6051/5850 7627/6061/5860 7625/6062/5861
f 7624/6060/5859 7628/6063/5862 7626/6059/5858
f 7627/6061/5860 7616/6051/5850 7617/6053/5852
l 183 192
l 346 351
l 308 315
l 184 185
l 472 473
l 474 475
l 478 479
l 485 486
l 487 488
l 492 493
l 494 495
l 496 497
l 498 499
l 500 501
l 502 503
l 504 505
l 506 507
l 508 509
l 510 511
l 512 513
l 514 515
l 516 517
l 518 519
l 520 521
l 522 523
l 524 525
l 526 527
l 580 581
l 640 641
l 622 627
l 658 659
l 660 661
l 680 681
l 662 667
l 698 699
l 700 701
l 590 593
l 594 597
l 610 613
l 614 617
l 754 755
l 773 774
l 755 760
l 791 792
l 793 794
l 795 796
l 797 798
l 799 800
l 801 802
l 803 804
l 805 806
l 807 808
l 809 810
l 811 812
l 813 814
l 815 816
l 817 818
l 819 820
l 821 822
l 823 824
l 825 826
l 827 828
l 829 830
l 858 859
l 885 886
l 887 888
l 916 917
l 914 923
l 916 921
l 867 886
l 996 997
l 1029 1030
l 1047 1048
l 1049 1050
l 1054 1055
l 1059 1060
l 1080 1081
l 1097 1098
l 1099 1100
l 1104 1105
l 1157 1158
l 1158 1159
l 1160 1161
l 1167 1168
l 1169 1170
l 1162 1171
l 1157 1171
l 1229 1231
l 1246 1247
l 1246 1248
l 1264 1265
l 1325 1309
l 1316 1317
l 1318 1319
l 1252 1270
l 1310 1319
l 1318 1311
l 1339 1340
l 1400 1401
l 1448 1449
l 1459 1460
l 1469 1470
l 1471 1472
l 1474 1475
l 1475 1478
l 1495 1489
l 1492 1494
l 1499 1500
l 1502 1506
l 1507 1508
l 1509 1510
l 1520 1521
l 1543 1544
l 1523 1543
l 1518 1549
l 1501 1550
l 1451 1552
l 1553 1554
l 1554 1555
l 1477 1556
l 1557 1558
l 1559 1560
l 1565 1566
l 1571 1572
l 1575 1576
l 1577 1578
l 1579 1580
l 1581 1582
l 1585 1586
l 1589 1590
l 1591 1592
l 1684 1685
l 1686 1687
l 1688 1689
l 1690 1691
l 1692 1693
l 1694 1695
l 1696 1697
l 1685 1698
l 1686 1699
l 1688 1700
l 1693 1701
l 1695 1702
l 1696 1703
l 1698 1704
l 1699 1705
l 1700 1706
l 1721 1722
l 1697 1723
l 1694 1724
l 1692 1725
l 1689 1726
l 1687 1727
l 1690 1728
l 1684 1729
l 1691 1725
l 1706 1722
l 1705 1723
l 1704 1724
l 1721 1727
l 1703 1726
l 1702 1728
l 1701 1729
l 1619 1620
l 1621 1622
l 1623 1624
l 1625 1626
l 1677 1678
l 1679 1680
l 1681 1682
l 1676 1683
l 1769 1770
l 1789 1796
l 1824 1825
l 1860 1861
l 1904 1905
l 1821 1822
l 2027 2018
l 2030 2034
l 2028 2032
l 2074 2075
l 2097 2098
l 2093 2117
l 2102 2104
l 2099 2100
l 2126 2128
l 2081 2090
l 2105 2106
l 2101 2119
l 2303 2323
l 2428 2429
l 2152 2450
l 2428 2452
l 2217 2218
l 2269 2270
l 2351 2352
l 2367 2368
l 2207 2372
l 2424 2425
l 2429 2430
l 2180 2181
l 2180 2182
l 2188 2189
l 2200 2201
l 2222 2223
l 2226 2227
l 2202 2370
l 2408 2409
l 2149 2444
l 2174 2447
l 2442 2449
l 2424 2452
l 2272 2273
l 2153 2445
l 2181 2445
l 2306 2471
l 2223 2228
l 2370 2371
l 2425 2435
l 2430 2447
l 2435 2201
l 2324 2468
l 2172 2173
l 2172 2174
l 2230 2235
l 2270 2274
l 2331 2332
l 2331 2335
l 2449 2450
l 2151 2152
l 2151 2153
l 2173 2196
l 2399 2207
l 2231 2235
l 2273 2279
l 2182 2439
l 2176 2446
l 2156 2442
l 2523 2524
l 2590 2594
l 2788 2791
l 2801 2806
l 2791 2805
l 2500 2501
l 2667 2840
l 2530 2531
l 2524 2551
l 2584 2585
l 2641 2780
l 2781 2782
l 2500 2803
l 2793 2781
l 2501 2502
l 2554 2555
l 2567 2753
l 2585 2586
l 2582 2689
l 2700 2701
l 2555 2793
l 2530 2798
l 2579 2830
l 2675 2836
l 2531 2532
l 2631 2633
l 2850 2851
l 2591 2594
l 2723 2724
l 2567 2725
l 2505 2801
l 2498 2804
l 2502 2807
l 2522 2523
l 2703 2704
l 2787 2788
l 2532 2803
l 2522 2805
l 2782 2808
l 2787 2808
l 2800 2817
l 2831 2832
l 2841 2842
l 2851 2853
l 2633 2637
l 2558 2723
l 2806 2807
l 2905 2906
l 2901 2906
l 2907 2908
l 2905 2902
l 2907 2900
l 2895 2909
l 2910 2911
l 2909 2912
l 2892 2912
l 2910 2891
l 2894 2883
l 2890 2892
l 2899 2901
l 2890 2891
l 2894 2895
l 2897 2898
l 2899 2900
l 2897 2902
l 2898 2908
l 2883 2911
l 2939 2940
l 2943 2944
l 2956 2957
l 2960 2961
l 3037 2931
l 3044 3048
l 2950 2951
l 3031 3043
l 3047 3050
l 3045 3049
l 2993 2994
l 2997 2998
l 3001 3002
l 3006 3007
l 3010 3011
l 3043 3038
l 2941 2942
l 2945 2946
l 2954 2955
l 2958 2959
l 2969 2971
l 3060 3061
l 2951 2992
l 3053 3058
l 3057 3059
l 2933 2934
l 3002 3003
l 3061 3029
l 3037 3042
l 2995 2996
l 2999 3000
l 3004 3005
l 3008 3009
l 3113 3147
l 3087 3088
l 3087 3089
l 3115 3130
l 3139 3133
l 3136 3103
l 3142 3140
l 3141 3137
l 3112 3149
l 3084 3085
l 3101 3102
l 3119 3120
l 3118 3120
l 3138 3107
l 3126 3134
l 3096 3148
l 3131 3115
l 3131 3126
l 3132 3103
l 3133 3134
l 3135 3142
l 3136 3137
l 3150 3151
l 3153 3154
l 3156 3157
l 3161 3162
l 3165 3166
l 3170 3171
l 3172 3169
l 3163 3175
l 3158 3176
l 3177 3178
l 3167 3180
l 3165 3181
l 3159 3182
l 3161 3183
l 3155 3184
l 3187 3188
l 3185 3189
l 3179 3191
l 3190 3186
l 3196 3197
l 3198 3199
l 3201 3202
l 3201 3203
l 3207 3208
l 3208 3209
l 3214 3215
l 3216 3217
l 3221 3218
l 3287 3288
l 3370 3371
l 3782 3783
l 3805 3806
l 3528 3529
l 3536 3537
l 3536 3563
l 3563 3564
l 3740 3741
l 3746 3747
l 3746 3776
l 3776 3777
l 3420 3438
l 3469 3470
l 3680 3681
l 3537 3565
l 3605 3606
l 3610 3611
l 3747 3778
l 3408 3409
l 3571 3572
l 3816 3817
l 3821 3822
l 3436 3437
l 3436 3538
l 3561 3562
l 3594 3595
l 3614 3615
l 3648 3649
l 3638 3650
l 3648 3748
l 3774 3775
l 3562 3564
l 3825 3826
l 3626 3627
l 3775 3777
l 3870 3871
l 3872 3873
l 3890 3891
l 3966 3967
l 3974 3975
l 3890 3902
l 3872 3889
l 4034 4035
l 4036 4037
l 4054 4055
l 4124 4125
l 4132 4133
l 4054 4066
l 4036 4053
l 4175 4176
l 4246 4247
l 4277 4278
l 4178 4179
l 4175 4163
l 4266 4274
l 4281 4282
l 4320 4321
l 4163 4164
l 4174 4178
l 4192 4193
l 4236 4237
l 4283 4284
l 4322 4323
l 4334 4335
l 4340 4339
l 4179 4180
l 4272 4273
l 4171 4176
l 4279 4280
l 4324 4325
l 4393 4394
l 4411 4412
l 4413 4420
l 4417 4421
l 4356 4422
l 4379 4423
l 4425 4426
l 4427 4429
l 4428 4430
l 4787 4788
l 4789 4790
l 4793 4794
l 4795 4796
l 4454 4455
l 4460 4461
l 4462 4463
l 4466 4467
l 4467 4472
l 4473 4474
l 4466 4475
l 4465 4486
l 4488 4494
l 4501 4502
l 4526 4527
l 4534 4535
l 4536 4537
l 4454 4540
l 4461 4462
l 4460 4546
l 4474 4547
l 4548 4549
l 4561 4562
l 4573 4574
l 4585 4586
l 4587 4588
l 4585 4592
l 4587 4593
l 4594 4595
l 4598 4599
l 4600 4601
l 4598 4603
l 4600 4604
l 4603 4608
l 4604 4609
l 4610 4611
l 4612 4613
l 4615 4616
l 4619 4620
l 4472 4473
l 4622 4623
l 4502 4622
l 4627 4628
l 4537 4630
l 4475 4631
l 4547 4631
l 4636 4637
l 4638 4639
l 4640 4641
l 4642 4643
l 4644 4645
l 4650 4651
l 4652 4653
l 4644 4654
l 4641 4654
l 4548 4623
l 4700 4656
l 4640 4657
l 4637 4656
l 4651 4657
l 4636 4653
l 4536 4639
l 4549 4627
l 4501 4628
l 4658 4659
l 4526 4659
l 4464 4559
l 4638 4643
l 4652 4664
l 4630 4665
l 4645 4650
l 4658 4689
l 4560 4563
l 4463 4540
l 4535 4689
l 4455 4546
l 4699 4664
l 4642 4665
l 4544 4694
l 4527 4695
l 4684 4696
l 4518 4697
l 4469 4698
l 4699 4700
l 4701 4702
l 4678 4703
l 4660 4704
l 4690 4705
l 4695 4534
l 4517 4706
l 4675 4707
l 4470 4708
l 4468 4709
l 4702 4710
l 4513 4711
l 4740 4741
l 4743 4744
l 4745 4746
l 4747 4748
l 4748 4749
l 4749 4750
l 4750 4751
l 4751 4752
l 4752 4753
l 4753 4754
l 4747 4754
l 4755 4756
l 4757 4758
l 4755 4759
l 4759 4760
l 4760 4761
l 4761 4762
l 4758 4762
l 4756 4757
l 4768 4769
l 4777 4778
l 4783 4784
l 4827 4828
l 4828 4829
l 4829 4830
l 4830 4831
l 4831 4832
l 4832 4833
l 4833 4834
l 4834 4835
l 4835 4836
l 4836 4837
l 4837 4838
l 4838 4839
l 4839 4840
l 4840 4841
l 4841 4842
l 4827 4842
l 4891 4892
l 4893 4894
l 4895 4896
l 4897 4898
l 4899 4900
l 4901 4902
l 4903 4904
l 4905 4906
l 4907 4908
l 4912 4913
l 4914 4915
l 4916 4917
l 4918 4919
l 4920 4921
l 4922 4923
l 4924 4925
l 4926 4927
l 4928 4929
l 4931 4932
l 4933 4934
l 4935 4936
l 4937 4938
l 4939 4940
l 4930 4940
l 4941 4942
l 4943 4944
l 4945 4946
l 4947 4948
l 4949 4950
l 4951 4952
l 4953 4954
l 4958 4959
l 4960 4961
l 4962 4963
l 4964 4965
l 4966 4967
l 4968 4969
l 4970 4971
l 4972 4973
l 4974 4975
l 4976 4977
l 4978 4979
l 4980 4981
l 4982 4983
l 4984 4985
l 4986 4987
l 4988 4989
l 4990 4991
l 4992 4993
l 4994 4995
l 4996 4997
l 4998 4999
l 5000 5001
l 5002 5003
l 5004 5005
l 5006 5007
l 5008 5009
l 5010 5011
l 5012 5013
l 5014 5015
l 5016 5017
l 5018 5019
l 5020 5021
l 5022 5023
l 5024 5025
l 5032 5033
l 5034 5035
l 5036 5037
l 5038 5039
l 5040 5041
l 5042 5043
l 5044 5045
l 5046 5047
l 5054 5055
l 5056 5057
l 5058 5059
l 5060 5061
l 5062 5063
l 5064 5065
l 5066 5067
l 5068 5069
l 5078 5079
l 5080 5081
l 5082 5083
l 5084 5085
l 5086 5087
l 5088 5089
l 5090 5091
l 5092 5093
l 5101 5102
l 5103 5104
l 5105 5106
l 5107 5108
l 5109 5110
l 5111 5112
l 5113 5114
l 5115 5116
l 5123 5124
l 5125 5126
l 5127 5128
l 5129 5130
l 5131 5132
l 5133 5134
l 5135 5136
l 5137 5138
l 5146 5147
l 5148 5149
l 5150 5151
l 5152 5153
l 5154 5155
l 5156 5157
l 5158 5159
l 5160 5161
l 5168 5169
l 5170 5171
l 5172 5173
l 5174 5175
l 5176 5177
l 5178 5179
l 5180 5181
l 5182 5183
l 5190 5191
l 5192 5193
l 5194 5195
l 5196 5197
l 5198 5199
l 5200 5201
l 5202 5203
l 5204 5205
l 5212 5213
l 5214 5215
l 5216 5217
l 5218 5219
l 5220 5221
l 5222 5223
l 5224 5225
l 5226 5227
l 5320 5335
l 5324 5341
l 5339 5347
l 5335 5343
l 5379 5380
l 5383 5384
l 5387 5388
l 5391 5392
l 5383 5303
l 5387 5405
l 5391 5406
l 5395 5402
l 5258 5259
l 5262 5264
l 5266 5268
l 5270 5272
l 5258 5273
l 5492 5294
l 5380 5393
l 5388 5396
l 5384 5400
l 5259 5262
l 5328 5329
l 5332 5333
l 5332 5340
l 5328 5342
l 5345 5348
l 5336 5348
l 5401 5403
l 5263 5265
l 5267 5269
l 5271 5273
l 5487 5489
l 5321 5322
l 5325 5334
l 5321 5336
l 5329 5334
l 5340 5341
l 5333 5345
l 5379 5402
l 5396 5399
l 5488 5490
l 5486 5491
l 5299 5300
l 5302 5303
l 5299 5325
l 5322 5344
l 5337 5338
l 5377 5378
l 5381 5382
l 5385 5386
l 5389 5390
l 5381 5392
l 5389 5397
l 5393 5398
l 5302 5404
l 5260 5261
l 5264 5266
l 5268 5270
l 5260 5272
l 5346 5300
l 5378 5385
l 5382 5404
l 5390 5401
l 5261 5263
l 5326 5327
l 5330 5331
l 5326 5346
l 5330 5344
l 5397 5400
l 5386 5394
l 5265 5267
l 5269 5271
l 5319 5320
l 5323 5324
l 5323 5337
l 5331 5338
l 5327 5339
l 5342 5343
l 5319 5347
l 5394 5395
l 5377 5399
l 5398 5405
l 5403 5406
l 5541 5542
l 5542 5543
l 5543 5544
l 5544 5545
l 5545 5546
l 5546 5547
l 5547 5548
l 5548 5549
l 5549 5550
l 5550 5551
l 5551 5552
l 5552 5553
l 5553 5554
l 5554 5555
l 5555 5556
l 5541 5556
l 5606 5607
l 5608 5609
l 5610 5611
l 5612 5613
l 5614 5615
l 5616 5617
l 5618 5619
l 5620 5621
l 5631 5632
l 5633 5634
l 5635 5636
l 5637 5638
l 5639 5640
l 5641 5642
l 5643 5644
l 5645 5646
l 5657 5658
l 5659 5660
l 5661 5662
l 5663 5664
l 5665 5666
l 5667 5668
l 5669 5670
l 5671 5672
l 5683 5684
l 5685 5686
l 5687 5688
l 5689 5690
l 5691 5692
l 5693 5694
l 5695 5696
l 5697 5698
l 5708 5709
l 5710 5711
l 5712 5713
l 5714 5715
l 5716 5717
l 5718 5719
l 5720 5721
l 5722 5723
l 5733 5734
l 5735 5736
l 5737 5738
l 5739 5740
l 5741 5742
l 5743 5744
l 5745 5746
l 5747 5748
l 6021 6068
l 6026 6027
l 6037 6039
l 6116 6117
l 6131 6132
l 6132 6135
l 6140 6142
l 6027 6067
l 6128 6129
l 6134 6147
l 6258 6259
l 6302 6263
l 6283 6284
l 6299 6301
l 6299 6271
l 6306 6307
l 6360 6361
l 6627 6628
l 6629 6630
l 6632 6633
l 6634 6635
l 6651 6652
l 6660 6661
l 6629 6689
l 6690 6691
l 6699 6710
l 6812 6817
l 6631 6626
l 6695 6697
l 6655 6723
l 6686 6682
l 6739 6740
l 6672 6797
l 6727 6753
l 6751 6754
l 6635 6638
l 6640 6641
l 6701 6711
l 6679 6712
l 6723 6724
l 6741 6704
l 6746 6747
l 6657 6696
l 6781 6782
l 6762 6818
l 6628 6634
l 6642 6673
l 6674 6675
l 6633 6689
l 6659 6718
l 6713 6722
l 6725 6726
l 6742 6743
l 6720 6716
l 6703 6707
l 6814 6808
l 6638 6639
l 6645 6646
l 6666 6667
l 6676 6677
l 6727 6726
l 6743 6744
l 6745 6645
l 6710 6705
l 6754 6755
l 6667 6668
l 6678 6679
l 6678 6681
l 6673 6699
l 6717 6665
l 6729 6730
l 6654 6747
l 6750 6751
l 6808 6781
l 6636 6637
l 6654 6655
l 6656 6657
l 6639 6660
l 6662 6663
l 6669 6670
l 6680 6681
l 6685 6686
l 6636 6695
l 6707 6708
l 6716 6640
l 6712 6721
l 6730 6731
l 6732 6733
l 6719 6738
l 6752 6753
l 6760 6761
l 6732 6763
l 6626 6627
l 6632 6637
l 6658 6659
l 6664 6656
l 6670 6671
l 6700 6701
l 6704 6705
l 6706 6664
l 6733 6734
l 6736 6737
l 6665 6746
l 6745 6748
l 6761 6762
l 6759 6763
l 6829 6830
l 6835 6836
l 6839 6840
l 6841 6842
l 6843 6844
l 6831 6845
l 6846 6847
l 6821 6823
l 6832 6833
l 6828 6834
l 6831 6837
l 6828 6838
l 6875 6876
l 6880 6881
l 6884 6885
l 6863 6865
l 6868 6870
l 6871 6877
l 6872 6873
l 6874 6879
l 6878 6882
l 6871 6883
l 6877 6886
l 6887 6888
l 6874 6889
l 6934 6935
l 6935 6964
l 6937 6963
l 6972 6973
l 6972 6980
l 6993 6994
l 7013 7024
l 7070 7068
l 7088 7089
l 7061 7090
l 7139 7140
l 7170 7171
l 7173 7179
l 7220 7226
l 7272 7260
l 7406 7407
l 7404 7408
l 7416 7417
l 7419 7422
l 7421 7423
l 6973 6974
l 6977 6964
l 6988 7009
l 7061 7097
l 7197 7203
l 7217 7218
l 7210 7243
l 7258 7254
l 7269 7270
l 7297 7298
l 7351 7342
l 7362 7341
l 7345 7373
l 7388 7389
l 7412 7418
l 7424 7425
l 6941 6942
l 6941 6943
l 6942 6982
l 7058 7106
l 7073 7074
l 7058 7088
l 7089 7107
l 7075 7113
l 7201 7202
l 7218 7219
l 7252 7253
l 7250 7259
l 7321 7328
l 7322 7334
l 7359 7360
l 7342 7361
l 7346 7369
l 6934 6950
l 6952 6978
l 6984 6955
l 7018 7019
l 7097 7062
l 7095 7105
l 7114 7104
l 7134 7136
l 7187 7194
l 7212 7213
l 7223 7208
l 7236 7237
l 7256 7257
l 7292 7296
l 7357 7358
l 7166 7420
l 6980 6944
l 6944 6970
l 6952 6970
l 6954 6975
l 6974 6976
l 6960 7013
l 7065 7066
l 7094 7095
l 7087 7091
l 7103 7094
l 7141 7142
l 7172 7173
l 7176 7177
l 7241 7240
l 7244 7245
l 7246 7247
l 7334 7338
l 7352 7372
l 7380 7382
l 7381 7383
l 7025 7023
l 7010 7024
l 7109 7163
l 6947 6948
l 6959 6963
l 6950 6976
l 6984 6975
l 6981 7006
l 7025 6999
l 7062 7075
l 7069 7119
l 7179 7181
l 7235 7230
l 7238 7242
l 7229 7281
l 7282 7283
l 7286 7287
l 7287 7292
l 7356 7362
l 7364 7365
l 7363 7368
l 7384 7385
l 7399 7400
l 7401 7403
l 6937 6938
l 6948 6946
l 6959 6960
l 6943 6938
l 7010 6981
l 6947 6987
l 6999 6988
l 7005 7008
l 6977 7012
l 7012 7023
l 7066 7103
l 7069 7070
l 7079 7087
l 7074 7102
l 7105 7106
l 7114 7078
l 7085 7120
l 7107 7155
l 7238 7239
l 7248 7246
l 7248 7253
l 7376 7377
l 7390 7402
l 6982 6954
l 7090 7091
l 7102 7065
l 7113 7104
l 7151 7163
l 7167 7168
l 7182 7183
l 7183 7189
l 7228 7251
l 7230 7265
l 7327 7335
l 7331 7364
l 7366 7367
l 7348 7374
l 7017 7405
l 7447 7448
l 7435 7436
l 7437 7438
l 7442 7443
l 7444 7445
l 7449 7450
l 7436 7441
l 7451 7452
l 7453 7454
l 7441 7455
l 7456 7457
l 7507 7508
